pixel_sha256,n_files,n_classes,cross_label,n_file_hashes,dataset_folders,canonical_relative_path
000aa5dfe49f6c6b3defd2a1d10fc980cf1ac9a87964227500d805ec0caa8f62,2,2,True,1,22 | 24,22/img_059.jpg
00be84b2913494f080f0931b2228244f58129b34e8a0deea942bd2934adff590,10,1,False,1,170,170/img_066.jpg
00cc7cc590766587d08c3566ee74487326971016616419e1eaa6ed2ba8eb6d8f,10,1,False,1,185,185/img_057.jpg
017b5b2823baf9857611f4137894720a9a0bd04cebda34938a28b56273ee4bcb,10,1,False,1,156,156/img_032.jpg
017cf76cc3a6a3ee83c9a546ede84a9ae2375b51585a673d91ecaa6a67d824f9,2,2,True,1,22 | 28,22/img_029.jpg
0189baee9126cb5bd0f059b505579808becc3480b456ccd3a16b5657ec511dfc,10,1,False,1,215,215/img_079.jpg
01aec05f8ef1ca41ef3fa12cc1e3989948874dcc10a86d062980bc62cab06535,10,1,False,1,140,140/img_068.jpg
01af1eaf206b0d4075b0aed51a398298207e807a9b43e92a1b67d6bc9186a87e,10,1,False,1,38,38/img_027.jpg
01b48ad376e15ba412bd808c00b1d090e724c0a1e5e52254da2d459a2c559ecb,2,1,False,1,188,188/img_217.jpg
01e3522c27969437d88059a7b9fd9735bd7a299273b743f9bd314827d9dcef79,2,1,False,1,78,78/img_593.jpg
01e9384ce0905f69c57e0d9d2010cb9fd95dab095c1212e86efc7cfe01d9a3f9,11,2,True,1,22 | 28,22/img_016.jpg
021978783c90556b825b3faefae14e3a0f44a6d378c99032a6da96c03d629ddd,10,1,False,1,181,181/img_062.jpg
0225954fe1337a4d330c1ee58b440580d083f14d1daccc7d1a17e4cdc2e7d525,10,1,False,1,135,135/img_031.jpg
023bfee77b9d08495b0ba96b0aef53de988a2b164e4ee4b9056a3a0ce98c5d8a,2,1,False,1,111,111/img_651.jpg
024ccebcea3ab0984ccc526959f4d6c55d39049592bec81957ca6e9becc5816c,10,1,False,1,122,122/img_066.jpg
02810931370c580e9e370267fb35b49b3805af0d30040fc3deb623ca104a6a3e,10,1,False,1,122,122/img_062.jpg
0281acc7ef2adf9af56de32a5bf75779fa8b57c524069e781029dc646681f983,10,1,False,1,79,79/img_080.jpg
02a7e989dc98d1d89f861e6060da42c11b8af83075b1cadebf115ca81a9ad13e,10,1,False,1,70,70/img_095.jpg
02ee2de7674d1fd3fa328d471bce708be35eb01d9bd6571cfaced4b71bf2dbad,10,1,False,1,36,36/img_021.jpg
030d041460857a10bfdfb996dfa48ae249e532cd9efc59e825ae754d41fc98d9,10,1,False,1,49,49/img_095.jpg
03523fb5ec79a1dddc5e8fe9e8825379618e0d51ca59260ad439936ee95df986,10,1,False,1,226,226/img_037.jpg
03aa14a9ef15f5fd6cf7b1f0703834439b278236d2dec56378c87d3442611447,10,1,False,1,61,61/img_068.jpg
03fecf9e40357c053d09bf8ffabc8a3bc9bd4fd37dadfc401d09119e3a268c03,10,1,False,1,184,184/img_078.jpg
041afa1dcdb8f26a108e2112fdea34ebd3322b87e78d750df82251a051632e9b,10,1,False,1,217,217/img_058.jpg
046664c02b3619fe3f029742018b9d6c52a2a80ec00ef30906da26e60c37403c,10,1,False,1,164,164/img_070.jpg
047e1c6fa9907845f4acaa812e7dcdda1b9f416a6daf358bb838c78db7392fe7,10,1,False,1,190,190/img_069.jpg
04813e0e00741ce15b2bba3e160e46abbe07ad78ad9883a26d37999b465214db,10,1,False,1,197,197/img_010.jpg
0496c0df4cb10d83c9f6c8f0d490521bcc35b24aa20dffe70428648c24122fcc,2,1,False,1,128,128/img_873.jpg
04f9feefac7fc25ce44b09db675b98535fb525f5c479ae6aa57dcf61da0175ca,10,1,False,1,70,70/img_097.jpg
050135d376317d7f25a223d89400c835f707c53d231acf87b4f66db64956b0f2,10,1,False,1,28,28/img_1019.jpg
053e201871176daec493cd64a8d555d03e5c76f3aa1d13369444949830c46da5,10,1,False,1,160,160/img_034.jpg
05435daf4341582fb60c28a095c1714cabf8c7545a42a887003eb1b14400e5d5,2,2,True,1,22 | 28,22/img_056.jpg
054d8d68e205d916d1552d74c817c273c75ceb60b3fc268b2adebbe2fd4de7c8,10,1,False,1,84,84/img_074.jpg
056e38151a4ea038dcb26a307667fbe6de8cfb3cf41a5dfb56f25e39bc31fd8d,10,1,False,1,244,244/img_021.jpg
05791feca7c99daa93a4e0e20678eb6da59fba7b66a17d8c9b0e7f6c62e0f418,10,1,False,1,48,48/img_015.jpg
05873218ee468db1b6f6b016b80bba88029f419e37bd2d34e0e0681e1201d59d,10,1,False,1,104,104/img_087.jpg
05bf03c812d1d087bf161d334e81ac091a2a09bb19a8054d0bd8ba49a45cdbb6,10,1,False,1,136,136/img_031.jpg
06490f39b91363926f6ad5c1f1d63c5241021392d3dce28cdc5cc6b9da21c9e6,10,1,False,1,211,211/img_030.jpg
06ef08c40b7ef2d50a97420ab1ceb0d422f3aa0e8ffbbb6748b207080815723e,2,1,False,1,122,122/img_508.jpg
06fb3fd0b48b61241f0519c5f3b33ebdfc6d981ef6b3032de5f9f5b4c9ae2b0c,2,1,False,1,203,203/img_396.jpg
074010e4954ee8bc8cce896597a20f660e63e15c6b1185873a27c0389e304862,10,1,False,1,246,246/img_077.jpg
076ff7834ece7c428ba21ccdf2d9f250bbd7978afbd84cb1ab708e58e30e50e3,10,1,False,1,160,160/img_033.jpg
07abc3ce8df14359220b5ccecbd2f6894f6ecdec21fdf6eadcf548b02ff55103,10,1,False,1,234,234/img_013.jpg
084e4bda7c01f1897d2b239b19306215055bb390ad8c61b3f6eb8e81c23471f1,10,1,False,1,222,222/img_015.jpg
0860a4d967620ec10ea511a355641ab73514973251bd9a8ff93e0150d8c58fcf,10,1,False,1,225,225/img_016.jpg
0878f2f87f83b22ff79eb0ab497e55f809e8f9702f4856c433deb2ffda1bf2f7,10,1,False,1,187,187/img_080.jpg
087f38f97eb409d45c8b538b6f585dcf570e138416135d813c5257df6fa815e2,10,1,False,1,117,117/img_1030.jpg
08ed5e515fe99f7329669b2536df93278259caf5adff9e076b226c46b7451adf,10,1,False,1,49,49/img_098.jpg
0902c3f9f9fc9573c303250f7445b8bcb1c073eb4c9d0fd4a557aa1dce9f3f44,10,1,False,1,144,144/img_084.jpg
096fc3b055300e419203dd150e75fc9e35cd7b0130c697beb6d8ccc5d5e5624d,10,1,False,1,20,20/img_040.jpg
0980801152a72a8e89e438af4de1f65db8cd507ae0043593d79eea28afb20176,2,1,False,1,68,68/img_522.jpg
099d21ec47020d4343f2dca0de7dc9f37b0d28f875335ace7de802a857daa4e5,10,1,False,1,66,66/img_1025.jpg
09d91bc076ae9efbf9b6a3ea53d4b7cf25784a372878e49b548f250682d90935,10,1,False,1,206,206/img_029.jpg
0a5d298eb6fd3cc526c54ab19cbf5626cc71c082fcd98b93b26f85efd4b39d4e,10,1,False,1,78,78/img_067.jpg
0a9f3ef4d7dee643fb40ddb2faf47688af82dca67749c2f280683fa25db02c0e,10,1,False,1,241,241/img_1038.jpg
0aaeeb7073515c602eeb62e9b466fdbfe4d33e3d304c64a92b84e5a78d6f6008,10,1,False,1,9,9/img_022.jpg
0b2db62ea17c09752ec604b5c53ca986044e6d5c637d6764cb596e62d713eb1a,10,1,False,1,73,73/img_082.jpg
0b2f43fa5a6da4e172d5c6bf61c8d135c4b71a38e4aee4302625048fc527d956,2,1,False,1,26,26/img_193.jpg
0b4195f5c4c8be81771c74f87b84b93fdee88ccf01950eb52a44cdf89f141a9b,10,1,False,1,145,145/img_075.jpg
0b695934ad1e1a71f73c4ac0fd55cc7c37078922f1ed180d39e5533318702194,10,1,False,1,220,220/img_093.jpg
0ba77c80aa2fdf03b9cab68fa925cc2d27cc721470c36ecbce1d6f415a8eb53d,10,1,False,1,177,177/img_087.jpg
0bdd81fff11d9466ea208af5d3c2dbadd75ff6d499a952f703060a6ef758bfee,2,2,True,1,22 | 24,22/img_068.jpg
0bf9547cd467a99eb575e9d29fdca5004358f3b4f1be15b061813629532add11,10,1,False,1,195,195/img_015.jpg
0bfa2f950420a51bd20dd2cb1cee474403586c8f7408269eb2c2c172fc2bc13b,10,1,False,1,52,52/img_095.jpg
0c4cabcf8647d6ed66882a0352eaef29cb40634084e8671bf1bb736bfcd319a5,2,1,False,1,44,44/img_534.jpg
0c5d6ec6d1706ee8826be2587088496d99eff82f0cfd99be483b0b63b5be36bf,2,2,True,1,22 | 28,22/img_045.jpg
0cb5d59116163783f536895c07479af5362320026a72ed4f3ffc090f022f9f74,10,1,False,1,121,121/img_078.jpg
0cb686b884d6ba085024f40e213a62fe30356f104efb63f731605a2fca6996b0,10,1,False,1,20,20/img_038.jpg
0ccde337aebd083cb25eb426154329bbe749867b6dc115a32fd5d76a47c5d70f,10,1,False,1,177,177/img_086.jpg
0cdfd4900a125000c7c6e86f08a15ad853d690af6ef882eed3aa406a74070ae1,10,1,False,1,143,143/img_078.jpg
0cf37cab1241b370f548651cf4aa55c60d87a6710fb15ede94a065c6d70d9ad8,10,1,False,1,33,33/img_006.jpg
0d292b660f74c94ed1930255313608e702795f3cab84fc985c68a94896003a43,10,1,False,1,230,230/img_022.jpg
0d44e02009f990350cce5d3ac9e34648fd17a17f38884e67b9722f4e12e09a2d,10,1,False,1,198,198/img_080.jpg
0d47d18c8231ad6cf1a8d8caccf559382232a313248525ffb0d9a21a5b18669d,10,1,False,1,183,183/img_065.jpg
0d5334b2411d05cf2b5b4f67888b2d9ae0189b73a262f63c6a55b09c2bb01f7c,10,1,False,1,10,10/img_019.jpg
0d5d899a203c0af1f4f9204e27e7939b9909a8216870a3591d97245281302e56,10,1,False,1,63,63/img_092.jpg
0e79bfa98e6ad16ffb1b4d19839d975e42e5981c7baf4daed2f46b0c99ecad54,2,1,False,1,126,126/img_531.jpg
0e9ea02bb61df2715adf4fe416f45963d846746492e94d80058b63b7e5333d66,10,1,False,1,150,150/img_067.jpg
0eaf6a489989f04f31c211f57fe61aecc2bbb3b62bb8896484a6a26ff129b434,2,1,False,1,71,71/img_666.jpg
0f0e7fc7d37d29ce79e80d24089d77c1cc0e52f22d1f258f6be2ccca968a60a9,2,1,False,1,197,197/img_860.jpg
0f2370dff70930d3d588829be313c042f09e3e3e41f343d4bd10066f3ae99811,10,1,False,1,17,17/img_033.jpg
0f74914089e58235b0ea3119ae1ee333b2fcdc8523ab64a3646049d92ceda599,2,1,False,1,136,136/img_294.jpg
0f83274d25eca7f554e7dd9937b060eb700673bcda3f06d7e7a2865ec5e4b219,10,1,False,1,42,42/img_007.jpg
0f8ea5114b9ff158c65a50e511af8eb44f5d86a3f1085c15c5b81bf3361fd746,10,1,False,1,223,223/img_073.jpg
0f9caf89db7d1e6daa9a489c773bf9b60f08d92836448c66103e97b68e7c38a0,2,1,False,1,195,195/img_378.jpg
108282fd91fca10aab892ebed7cf7365d7f9f8677826567164c9405a90246748,10,1,False,1,162,162/img_034.jpg
10dffb98c48e95564c9fd43f73d7ece899b7a6bab37862716cd9fd39c814abe9,10,1,False,1,118,118/img_071.jpg
11303466c6dcf9085668e0994448b7655913843b19bd7302063cb8a9f8bda9fe,2,2,True,1,22 | 28,22/img_043.jpg
11b6150dd1e6077bed252b8fb51ed37fccc8c55921d43017aae72288a1459f0c,10,1,False,1,129,129/img_031.jpg
120f4159b89d0fe2ca83e2fc1336a95b1e35cb46c0542f469a435a11403e9cb4,10,1,False,1,38,38/img_028.jpg
1299cc6a0e79555b15b810fbef2c3da161141e65a238e1999c3772915d97fca9,10,1,False,1,134,134/img_034.jpg
12a64caed636529050d84c448fbfd56393944ddd30c731380e69738e3f1ba09c,10,1,False,1,194,194/img_099.jpg
12de102bdfec0078560ad2ad606c48d718dafd9841ae0d13e8314628251d127a,10,1,False,1,222,222/img_017.jpg
12eed9c2424651d65158d0342148d67104a536719ed3a8ef639fde7088e33f47,10,1,False,1,12,12/img_035.jpg
130575b52fd648e0497b9aef4f9f2c88a2bae0378ef69020b1c2a1768848999f,10,1,False,1,137,137/img_031.jpg
1344d8716fe8c38cf2413a8f7d8758fcbdadc028dceca45665ceea992d11611c,10,1,False,1,122,122/img_065.jpg
139214ada943e47dab5b5750c52067bcb1716a94649b16b709e06cfd03d50766,10,1,False,1,109,109/img_081.jpg
145761483679fe53c252718b715c54c50c57a6abc24d0959dcb2064ad69c56cd,10,1,False,1,110,110/img_074.jpg
1487dac9eebba6884e4af3791a039c8f243ba89b78c56c8443f9e169470c7cb8,10,1,False,1,115,115/img_066.jpg
14900363b54275f8b83a72341ee381377a3b6891300556add6d5876065233fb7,2,1,False,1,217,217/img_822.jpg
14eaef56aadf873ee1adcbf22509d17871c60d7f9dcdf3ad1456e4ecc603a109,10,1,False,1,191,191/img_062.jpg
14f07a6f636e87a2818bbe79f3fa7fc87bd3fed3319cc130269256b2911dadbd,10,1,False,1,147,147/img_076.jpg
14f198f7aae50e10f9e62cb3c0dc6f03b9f1e3861126c20b358855ffe2ac0c4a,2,2,True,1,22 | 28,22/img_049.jpg
150581802a46fdf873a891d3ea2069d0a20cbb2d34e939282250d6835e339eb1,10,1,False,1,25,25/img_077.jpg
1535aacb2e5f7e1573e1dd58f1a94e6db02e16dd91004a2b74221d2936cb90fa,10,1,False,1,30,30/img_094.jpg
15755b376975613842d011411d173a8691e3c86c146c86689a74f46acaf40364,10,1,False,1,187,187/img_081.jpg
1591443858acc327014e7cd1e9bcf25e151f394d09df9b78df06eec4f6988b39,2,1,False,1,149,149/img_403.jpg
15ab3ff17d12e94b9b31301def0d4e98dd86b4385d3ae21df76ee992a1a27862,10,1,False,1,240,240/img_034.jpg
15b9478e0d6ff34aee5f05e670b5e176ef5058190b96f127208f5c4a9e899de1,10,1,False,1,24,24/img_040.jpg
15cb109bf2ec2e9108354299f9aa4d61370e5618dab563208fa70c9f63a0366d,10,1,False,1,43,43/img_092.jpg
15d4ae75a6dd3157c5a1f5817444feab36cf9e62d2b0ff7000b667c12a675fbf,11,2,True,1,22 | 28,22/img_015.jpg
1601ad912266b7d381ab756ef0b82b79048dd2f4954635e5310979e0141c2ae3,10,1,False,1,95,95/img_013.jpg
16fc03191ac6e3cdcdbc217bbbb07e20e57809d93acf223eb27b750c2e0243c8,10,1,False,1,85,85/img_064.jpg
171ef9a3cec1677e5f9dbe643e34ecdea1f3c0493dd875f026b2400394064c77,2,1,False,1,206,206/img_527.jpg
17229df1a70a594d005805c985aff13981837902e04a2f8a0b0303d4e752e49c,10,1,False,1,88,88/img_065.jpg
17429b6684255acaa8f4a5d6005c5cce569cd5bc76fba7eb941fcf87f719f00d,10,1,False,1,245,245/img_005.jpg
1744aa97b4aeaf6d3fcfe9eb0c9d79ceb50ba3260fb22084b4b8a9e5698fda43,2,1,False,1,9,9/img_1044.jpg
17c8d477c4ec9ffaae29bb2a16485a74d159cd34fc9ba2d9c83a4d01f3cb302b,10,1,False,1,191,191/img_066.jpg
17dab4779b096c1ab20c2a0403b7a030f801a901542519f66498f4507e0f025f,10,1,False,1,85,85/img_061.jpg
17ede83be3ae4686e92d16532c96f7911ecc5295dcdd4217fed7ad09614d6573,10,1,False,1,238,238/img_022.jpg
1818121a738da79b6aee22f19e1df74d594a5d2a642333fc193711c48249afd7,10,1,False,1,7,7/img_045.jpg
183c7ab99589fec385133917408eb330035e14a6115e2598a02361d32ee69b37,10,1,False,1,179,179/img_011.jpg
18476c775ae221b24f998b4ea200d6de3a5eefc51058cdc9a065752352570912,2,1,False,1,17,17/img_186.jpg
186482ca877067339889e23d0c14de90282e633860d90305570b834a6a71cedb,2,1,False,1,19,19/img_581.jpg
18a8f7112c7f99562167e33698c57db7b7753e66c02806d23e74d275751c5f8c,10,1,False,1,106,106/img_078.jpg
18cc700f88895ebe4e6c0b500b9a0b173bb1c2f4416de515cc85bc2f20f370f7,10,1,False,1,67,67/img_081.jpg
18cf70a8c7636dfc6f01804cdc2a25ca8ce4949f5a8ef100d460038e238c8d1a,10,1,False,1,11,11/img_009.jpg
18f13bfda39546b14edd9a8200b3028404c819318c24a39160e0bc487b1decaa,10,1,False,1,147,147/img_079.jpg
195c00298fa649c8941c5991104dbd93f1a30a91f6957d3cbf2a8159417ae847,10,1,False,1,69,69/img_063.jpg
19605cb2dbbc49430588c78836e729140ae5f8edb34f11124aa0c3aec9a2c4df,10,1,False,1,201,201/img_033.jpg
1972e36d53b68a7117cb632bdbfd9efdd4caea0265de7a8284a65711a8c83df4,10,1,False,1,29,29/img_096.jpg
1979a8433d446f8883ae48ad9f779990e280610e91434df0e015841ad8837332,10,1,False,1,224,224/img_069.jpg
197c3e2921c572ca53e8bc0118766b943f3d8f84e3e2e7424d5f476c2f826a18,2,1,False,1,37,37/img_838.jpg
19ef586f9eea1d55c4a1487d2796660dbd1006db30cd686c7919ee19e9dc0396,10,1,False,1,44,44/img_1032.jpg
1adb6da5ff19a561e761e3f6ff8dce4a33ec29850dbe6bfa51cf09c2c942b345,10,1,False,1,103,103/img_094.jpg
1b1d9b9c7c47f6024fce61a450f22af7264288f19289e0cc41c50b3c6e829b8a,10,1,False,1,192,192/img_072.jpg
1b35249adeb0baee7321965d0b8a0ced6e391cd2acb7e4b33932106a335bd254,2,1,False,1,51,51/img_732.jpg
1b5331e14e6ed31175efa6498d9766c22cbf62ce5323487a13fb92c309c6294d,2,1,False,1,85,85/img_636.jpg
1b767a771cb29c2a3eed2146ec9d0f5823d690f2163ae43d45844ca7eb3ce3ce,2,1,False,1,188,188/img_1036.jpg
1b79754f9f314b646a073f20b54ba733147f39df68a9c512ec6ac93e3ba19518,10,1,False,1,128,128/IMG_034.jpg
1bc5680931fdb8510a25dc7af269ebc1942adbfc9ea65690679dc309de5efe9e,10,1,False,1,102,102/img_1027.jpg
1c02f78d747b79d85f8aadc15f3820b15d36f2d78460affb6eb6ebb24d0efb7f,10,1,False,1,234,234/img_015.jpg
1c0a23ef99621d4af2c2af5b0b7c2244c9d8b2e1ed507c136d5c0a67f6782593,2,1,False,1,222,222/img_428.jpg
1c49aca8ee75289c65eb0a876a0391a0b190023af419ec4a0e0098322c7b8026,2,1,False,1,71,71/img_140.jpg
1c66ef09f9efee9ca3e9cfcd2996b0357d8f8d1dfbc0fd19816ba4b2dabfeba1,10,1,False,1,183,183/img_062.jpg
1c74f5052922d17d9f46e5aa806eeed60863cecdeee1495ea08f8767bbe9c386,10,1,False,1,200,200/img_034.jpg
1c7be7fa726d1f244c7ab41d2a4f1589467fd4bb47447a29b492391405966184,2,2,True,1,22 | 24,22/img_082.jpg
1ca90fe0c45cf29b81d75f85d296b5939652ec28676de4225ab378fef72bd313,2,1,False,1,193,193/img_502.jpg
1ccb97f2af34cc25756923469ddcddce64523f41e5465e7bfdb6db0498c04984,10,1,False,1,15,15/img_041.jpg
1cd41dfa0dce3b0677ec6bc78ee66b12ca92ebcbbfa47d85637a8676b0526141,10,1,False,1,153,153/img_035.jpg
1cecc17dffe7bf2ce7ab5ae838aab8f1cee103f88aae4dd0d1eead46cf937f66,2,1,False,1,161,161/img_620.jpg
1cf8934bb7e2085056cd3af2b6f3b72d1243fbd18a3c46bef5338c7ac374a8c3,2,1,False,1,99,99/img_744.jpg
1d66c3c47dec4ccac8c49241cba7664ca78665c3e4d03531737062548f0eb16d,10,1,False,1,65,65/img_007.jpg
1d792e584f79db21effe9aac56d8f6c7e8e0fcb197f04d03cc4fb15ce2ba9766,2,1,False,1,171,171/img_383.jpg
1dbc1012e1493c21b9ff7770e02f2352bccbdc9038d53281810c4bb5e22b2cef,10,1,False,1,35,35/img_018.jpg
1dd765047ed9905fe1566a5d1cf7b01d0f297e2302675d638ddd01140a4874a3,2,1,False,1,77,77/img_1005.jpg
1e1e6ce56e7b7caba4148d25b8a6e7641d5a20b64c50b8fddd256cd60c1c8846,2,1,False,1,77,77/img_769.jpg
1e210446fc8e29f5aba639637cbac8c7a94f60c629efc11a6c90dd77007fb769,10,1,False,1,188,188/img_005.jpg
1e3debaace2deaf7ba1170ef545230a576e6e52b2760811aced7f3a3e5ca00b7,10,1,False,1,86,86/img_081.jpg
1e797ed2a4d4a35d3ff036375050e91ab01de772ad4293de2b1a3921b6b20d23,10,1,False,1,193,193/img_079.jpg
1f064240e05381f252268b30d007482044205f6b63f2b07f418844d5fb279096,10,1,False,1,121,121/img_079.jpg
1f6a9f383288e0a855c6e07890b378313ce82c2422ee2c0fdcb0fc1a43642a2b,10,1,False,1,244,244/img_022.jpg
1fb67cdc12805f81ee824c714eca8f89acfd561d5de756bf6932b2a456caf2ce,2,2,True,1,22 | 28,22/img_032.jpg
1fb855ea0507be1683e919e1960787aadcddaf7ba84427a69b3b6dd39b426448,10,1,False,1,168,168/img_086.jpg
1fe5d67173af98bdbde56d76ac2850468c6ed95744b097ccfb65afd0c653f0af,10,1,False,1,125,125/img_073.jpg
202c9452896ec806570e40cd1f297214fd06607a095518a55970968503a9f20a,10,1,False,1,65,65/img_009.jpg
204f322cb19f243e1c1c56d4d7ee4c4bf04797ccc579990de06ac20b3fb6da5d,2,1,False,1,69,69/img_281.jpg
206c7895d2ba4848d5f26214ea2c80d50826f376b03164c9b18db630a48f0b42,2,1,False,1,74,74/img_378.jpg
20a0dbf589cce8e7a3807745156b192c7064c626d63f44905cce86d9f02098dd,10,1,False,1,157,157/img_033.jpg
20ba9b5b405680005b4831a88197020c56d6230a84df79586c1c4e8c52c88385,10,1,False,1,30,30/img_097.jpg
20e7dfd1353a3a87d4537c7dc6682478ff08fa71d14b5a2978ffea2c400416f0,10,1,False,1,62,62/img_004.jpg
20fcca959715e23a9dd153923f409ee106a7e1e061dd1721972dcdeb21632cfd,10,1,False,1,180,180/img_064.jpg
2124adbbbc9674ba10d6e0a8252cefc5973bdd68100c5d7c460b98e4c15a831b,10,1,False,1,40,40/img_020.jpg
218a31904b5904c21a565f6b220c2093278a9608fe0a110cb41cac0534afc233,10,1,False,1,58,58/img_022.jpg
21bad398fbbe10915a452676b7374287ee56c483b41042431a7c97aca25a0fd8,10,1,False,1,237,237/img_026.jpg
21c632e286a94a87bedfbad5cf909c6f7e2223c7ff7a02dd9afd9d9a0a16dc96,2,1,False,1,16,16/img_197.jpg
21cf274c7e39dbb53addd695ea951186500da5d86c001946946d0bd2a0feb29b,10,1,False,1,27,27/img_021.jpg
22287dd394ae10ae0dde47dbf932ece0641a322cfed0707936730413093f9c83,10,1,False,1,8,8/img_006.jpg
225b0fa8294e187c80c842e5c1bf037ad6255a99677cb92673bf463c98db42ce,2,1,False,1,218,218/img_586.jpg
228f822af47114a81249e971011b18fe3bb0ae3a7b0d55c00dcd52b08729e049,10,1,False,1,76,76/img_083.jpg
22a4526659825c2ff3fe377e5246100d538947481dfd355c75f5a0c9a3dc56ee,10,1,False,1,84,84/img_072.jpg
22a75a21a9264be2771204ffc605a044116ea07aa8cdff11b3ae4acae70d9b13,2,1,False,1,233,233/img_039.jpg
22f469b13a107deb4b50169d8cb88699fcbf14bd35fc7a8d6d36e80dde23a628,10,1,False,1,130,130/img_030.jpg
233d4d4b50fb30441b463794bfeb09cd22b43bc26674b9fbb7f3826607342adb,10,1,False,1,80,80/img_089.jpg
234b0c136d0b0e4d608f8a4bbfbeaf31a1aae1177fd0097db8ca164475553b8d,10,1,False,1,118,118/img_072.jpg
23fc977b2a796f3158baf7d1539f86604199424334781ca5b2e39c6f7ddaf578,2,2,True,1,22 | 24,22/img_066.jpg
240e487b74ecc90157ef7797313ead941ae45a900fdbf2f688b9eba2f61f24d5,10,1,False,1,61,61/img_069.jpg
245d6f7520566efd7792806b5397166b74e3811dc02de08f3bb9eef9087f5443,10,1,False,1,90,90/img_081.jpg
24c14b9d9643316b1a7be0f1e042489c39f6d990778b792d91c45d9845ea582f,10,1,False,1,226,226/img_034.jpg
24d1e421abed02cfc8149a829c078522c437f3fe3c14cd779947f9fc81643253,10,1,False,1,39,39/img_011.jpg
24d55658dedbab4e968a0b6a1eec3d510406120d41c9375f63cd775e2fbaeafb,2,1,False,1,60,60/img_844.jpg
24e743d12719030f178ea0fa2ec2173a7cc6ec2ffe35fd52d3652a2889b5114b,2,1,False,1,19,19/img_485.jpg
250718cb6106dbca7ec6f4c6ce01894c298d3142a17118c7df29a2c1c3f5f44b,10,1,False,1,90,90/img_083.jpg
250921e72593cb122e6cf2bc3ca553bf70db494dc3e0c686257018dc56829185,10,1,False,1,18,18/img_030.jpg
255a977697391387b6d9c6715f3d9debfefe19bd615c222826bf83c3f3d43d6c,10,1,False,1,77,77/img_067.jpg
2570d0ac63a677a0d07db2135c500b68ea980c12434853962d3e40b8a91f0503,10,1,False,1,197,197/img_011.jpg
257b4bbd6fec8b348dd37b40875853e84e6104dd8c42e6681339b09b7e208f3c,2,2,True,1,22 | 28,22/img_026.jpg
25a90180d4ae284142c4704796154cf9847848ba4a461d997e2acd42d0e4c176,10,1,False,1,66,66/img_102.jpg
2680448296f2e638e953f87ab1c35fb20642e553edede59077e6d28724ddb6fa,2,1,False,1,35,35/img_1049.jpg
2692356965e1175c3bd440b661053ed198b94eba994bef9f16b4c4f962b41576,10,1,False,1,207,207/img_032.jpg
26ca8e1dbd7a9566ebafbc571282f2da95af17e51eadede631ed406d799a4d55,10,1,False,1,196,196/img_091.jpg
277d268c785a214af0fec5224a1e464fc8fe463f585f61255b96e6c2d91c7cbe,10,1,False,1,31,31/img_072.jpg
27a29343769ebe2e9badbb1f5a99369dcaff784f51a16716c48438188fe7eec2,2,1,False,1,174,174/img_790.jpg
288b8381b1eca891424a9645ca1accdb200360da6595fd9d7f47dc6f16a51261,10,1,False,1,21,21/img_035.jpg
288ce3f743674bddd32e8276a8ca4f40f6ac0595435022b3ca8558e340422118,10,1,False,1,209,209/img_030.jpg
2896f989b937e8e4c89732421b13c39330630f1f9f6fed683a34d6d218478d26,10,1,False,1,111,111/img_074.jpg
2899f8d41396729d3412d3dc74081c6e8facf02163137c5605781f4dc8792c7f,10,1,False,1,143,143/img_081.jpg
28ae114271fdd5a0e2a72b6fba2272a56b3e3035d67c166398b6fd0649ec751d,10,1,False,1,179,179/img_008.jpg
28b1154021f890d69f84a2f75afcab8827afaf1d6a23c3e5525a1b795385f441,10,1,False,1,46,46/img_018.jpg
28d5b69f53500a4cc83203242b4ccefe8cc6510c90ef42f1850cd8b1822e20dd,10,1,False,1,221,221/img_099.jpg
28eae943df57d3063c02490c8a67dc5d3d9e0c2d727d547ceecd918ae90d648e,10,1,False,1,119,119/img_071.jpg
292ac7d87108c7f5d979a08d3e81c38b320bb8de3adccb350143c91f1a006aca,10,1,False,1,176,176/img_059.jpg
2946ded2caca883a2c1836451071e2d630cfa64091df6f30d85c433fd24ccdbf,10,1,False,1,10,10/img_021.jpg
2958493da7f718a221491f45691a7e7e33005992aa6d5926a9a354a3fe509718,2,1,False,1,139,139/img_527.jpg
297f1faa781bb38fec1e3a72cd2d44c916860d5b946e42dee144251b60dfdb67,2,2,True,1,22 | 24,22/img_062.jpg
29f79f6f4d35e7f3eefda61fe4c59b6ae1086251ca585542d90b7155477e82d3,2,1,False,1,192,192/img_373.jpg
2a3575f0b1657f22079528acfaae6b049ecce90eb8eef720133ecb48bdc80a05,2,1,False,1,102,102/img_553.jpg
2a3a5d67b8c629c19005cf433f92abee9b73d72d877b96583b3a8c9f2e2ce745,10,1,False,1,57,57/img_011.jpg
2a3eb34cfda5512049c1af69ebf611273d3b9ed092bf9f2d7df3a58cec4543e5,10,1,False,1,223,223/img_074.jpg
2a7a9d3aaf0224da94421e743b215012a1fa31e8732e46b6bc2d30bff03feb03,10,1,False,1,64,64/img_008.jpg
2b21e3327698113bfd8686a63cda18da1fd66d7274a9cec9003a5d7b481551e4,10,1,False,1,56,56/img_005.jpg
2b3afcef39137bfbbc5b5188a207ad412dbac21f513b9f4651700d98f172e931,10,1,False,1,3,3/img_026.jpg
2b43bda1a97b0da9b65d44990036649704da0b14b37373173faa0802def7c037,2,1,False,1,142,142/img_1001.jpg
2be6a5ac51a6ab6acddfca0d655983978dd762171112ab8e269a9bf7f957d8ec,10,1,False,1,34,34/img_021.jpg
2c46c1ab8a6e871fac807358e465c3a501299b7560f0d876ecb96fea4b395a9e,10,1,False,1,45,45/img_020.jpg
2c4afb70d96a24512fcf2c4fed78b24025892aead0a42ad8f7793959f8e69269,10,1,False,1,116,116/img_067.jpg
2c6c874c002b4eca29d58fc3d73fd32454f53c4220f4cd16495e5ecd89c08c19,2,1,False,1,38,38/img_456.jpg
2c9dcf754136dce4f76d2fb7cf30b124132adc1ae417d9795d0c0c93dda8e666,2,2,True,1,22 | 28,22/img_037.jpg
2c9f958f7298e9002e6f9bc31288cf93d4689e1202c8d6955aead154e5532ba6,10,1,False,1,164,164/img_071.jpg
2d2c01bddcd040c98681611cd7ce8324a603cd1419ef75929dbbdbf09a28e897,2,1,False,1,50,50/img_769.jpg
2d46be6749c81d59329c8d9e18601d0869771af3eb6f1f858c167a394813cd0a,10,1,False,1,96,96/img_089.jpg
2d637a5231f979f28f3fd3ed10de530ab8147101f74ccbf518f568a880ac98f7,10,1,False,1,16,16/img_042.jpg
2d847e894751f2cd0899ebdb7842b57de9d1170e27cfd7610f474f0ed03ee683,10,1,False,1,44,44/img_1034.jpg
2d9a4437dd45a3737f1c7b9e6f5126c617d577bb8f6fbfcf7fccfe3d3553dce3,2,2,True,1,22 | 28,22/img_044.jpg
2de4f5bfe401de354fc140f735186ae2524347908d456833e1a96bde3594cf60,10,1,False,1,138,138/img_033.jpg
2e3ed323c3f2e2cc9cba3a48b23ed3f2b8b18cf55b4ec89a519f49ef0bff098b,10,1,False,1,164,164/img_072.jpg
2e7fa82611868e2123fcd1d43d16f2ffff1e40d8fcd102c5b26910997e2224b3,10,1,False,1,140,140/img_069.jpg
2e82ec0ee452357214993b5da66f215c890571baef5426414b92ac3d9eecb38a,10,1,False,1,79,79/img_077.jpg
2eb95e6c471b1938672be5d00a75938285bd875592088a8b8ba79185944c961c,2,1,False,1,44,44/img_554.jpg
2ecea427a1c1bca502bc936f948b2af579b6e5b844b2216ca99ffd15ed18dc73,10,1,False,1,171,171/img_053.jpg
2ef71905d9aac9f044655bb9de20fa37c086fac963b1f832daedc328e792464d,10,1,False,1,145,145/img_076.jpg
2f21266e19ad62bbc14ef68d4325cad6abeb89518d01897b7c4f3f673e5ee5bc,10,1,False,1,85,85/img_062.jpg
2f77ea820be07c5a7b86558f452d656a6d534f4bfaa0ff31da31b139d73f48e8,2,1,False,1,93,93/img_482.jpg
2f96219da07ab7c9f0b7afb9bf4a765b3a69339726ac317aa7472591122b509e,10,1,False,1,222,222/img_013.jpg
2fb091940b9e1b09d7e3d24658996c1bbd79af649dbd5c4283e284ec86f4c1d8,10,1,False,1,32,32/img_020.jpg
300b3f0753867b471c6d99683e86b9eadf534bbf915bc973b0b6677d7955247c,10,1,False,1,54,54/img_1034.jpg
305bdb2415e0377d0e3596650144154f5a444f9bb61858450723fbfc1e40c52a,10,1,False,1,163,163/img_034.jpg
30af484fe4cc31f9981e386e092e61b0cbc1c7832741fe67c943af27a730258b,10,1,False,1,185,185/img_059.jpg
30b83045c781ab1a00dfc43eb0f13f97a4e50711191425d9310efdc9cdc6d3f4,10,1,False,1,148,148/img_071.jpg
3106f610d84a6b0e44b4810177442ade3573e75aa3e59e5ec23486a51e9a79fe,10,1,False,1,188,188/img_004.jpg
3190b9702e31c881df0d5933638645c85ee53895233ae6bfe0ff0a04a235af33,10,1,False,1,95,95/img_011.jpg
31cbcbb5acf7ef9477c05a3df0cc51396bfdef805badd62472db7a7c477e977f,10,1,False,1,120,120/img_055.jpg
31f42c27dcc2391d14fc7824b980e5d8e3eebf4a3c5b00824ac57292fa055197,10,1,False,1,63,63/img_090.jpg
320bc3329b3a51170fe132d376207a58c6982f29fb3673454fb42b4fd081dcd1,10,1,False,1,25,25/img_079.jpg
323af244884344c9c89ba7f9fad7d4d0106ade9a12704ae5d490aafa0fc138c2,10,1,False,1,151,151/img_048.jpg
32bdf604eed1307848a4ded6d476b91dba65386ae443c9e692af44536f9cfef2,10,1,False,1,76,76/img_084.jpg
32ef2c738abe6bd985e60e629d69b7feb4e36a151c1ef2f2063b10524a1ba17e,10,1,False,1,229,229/img_1029.jpg
33806fd076bd95bce46d3b0dd16a98ea7028e47340395c4c8e5711b834859449,10,1,False,1,186,186/img_079.jpg
3389be00fedcdbb8d642c7b60b62c5bf8d3222a4ab3d11d44cd904b0e0defd12,10,1,False,1,116,116/img_065.jpg
33a0ede994b09665a09785147d125bf3d71c3b1f6ec04cc36c799d848c9b0640,2,1,False,1,37,37/img_156.jpg
33d296b96a89c4cb0e09fcbfeae3f30fc67db1b723dfdeba12fc6fbea1a818bb,10,1,False,1,45,45/img_017.jpg
33d750e93199c7367132af64af96c0df5aef0af510548590aa60c0bb84d97c17,10,1,False,1,149,149/img_081.jpg
3404978d299d60f04f05512a5eda53ce876fee10caa459002e187ddadfa2367f,10,1,False,1,50,50/img_102.jpg
342cd1254b504cb8a96f884c180050501e90883f59adfacf04a216023cf87052,10,1,False,1,72,72/img_056.jpg
346cc075a4bc7398c30ec3fcfbffb23544eeb7be15963734f4705ebf57354904,10,1,False,1,84,84/img_073.jpg
34cb30fedade25168b2ef957676df8173ae9aee5562992c5d8d3101e035003bc,2,1,False,1,189,189/img_275.jpg
354488d5e3c6fd38fc1aa30d910d9497242e8c508eb03b6f788c5d96b1cb77a1,2,2,True,1,22 | 28,22/img_028.jpg
356d1a1d6f1ea6fc490e9e9e00e1c7c55317265c76635fc95e1059d10ccb6efa,10,1,False,1,142,142/img_046.jpg
35b634d12c67f4b9f29409787425dda9ebd8ecee2c86514e1102247c1d91a2c1,2,1,False,1,72,72/img_838.jpg
365ee31dc7e6cae4982ccdede080a3408e9ac7700c7b6dbbe509cf98c3041bbf,2,1,False,1,81,81/img_414.jpg
36ba44de9ddae928a24a8a11efdecbe5c082e56dd43cbe0191f428d79050ddae,10,1,False,1,103,103/img_098.jpg
36f75eeabb580c3cd3c2b72dd856eb981087ed968954c619484158fa811fa5d7,10,1,False,1,14,14/img_031.jpg
373bc512f90137f7ca903d20f34c7c2b7b76832c9df4c9d172ebc81464b003ec,10,1,False,1,157,157/img_032.jpg
37c57bfd8ecb4864d1497eee1e641e5d3153ad3375db13b3c22ed101739ebf48,10,1,False,1,141,141/img_070.jpg
380032aebabb544e8f9ce29a2005e87156f563ddef6b5a76b09f0ac1ee3d0c71,10,1,False,1,45,45/img_018.jpg
386f04584939ccac1921fc827e93b3f0c8e112ea3240c364df7790a84056c12e,10,1,False,1,112,112/img_081.jpg
38d07aa95e130186ab8fbfd6702558ec45aec85b74507596bdec1504280ebc1d,10,1,False,1,214,214/img_077.jpg
38f00dd72fe4724e7647c5739c9f740b86cd6070d9f01a88c0489144efb11ac8,10,1,False,1,101,101/img_085.jpg
391a75a373c13cd9a7e287b76eb4b5d1ac464b9b30cda264a77393167b7dfec8,10,1,False,1,189,189/img_012.jpg
3925bd1b794034f4b633ae18dd3dedd263716ecbf4ab9fd3935784d765bbb378,10,1,False,1,74,74/img_094.jpg
393dce5f59a7d87122597988a312bb2751eb7c7ed7e230bcb7edd85cac504c60,10,1,False,1,96,96/img_090.jpg
39e5011ed3a2083bb2e042a583a1bc63c4c91328464e0dc3335cb3f1f322d2f4,2,1,False,1,225,225/img_737.jpg
3a222ce2a1bbeb318c390c916c93bd02f23f1291575342f1ff4548ccf69c5d93,2,1,False,1,12,12/img_594.jpg
3a3ac96eefe2a2b83537ba6e5d85517f938c5bb26790bed2220629893469c162,2,2,True,1,22 | 24,22/img_073.jpg
3a4cc4adc94e2a9a88d0da320dc68c89f83139487f0b48f1ececc448aff3d9da,10,1,False,1,232,232/img_033.jpg
3a52420459e33871d75fb2aa0a244e2e50891ebf3052858daaf8c0ead165ae14,2,1,False,1,32,32/img_547.jpg
3aab4569996235220e5855a3f436c823a34803382f1505d2ca99ac54589b2e83,10,1,False,1,41,41/img_031.jpg
3abb91802f99e437335dbc72ede466af4206b030855bbcc997a64ade907c71e7,10,1,False,1,10,10/img_020.jpg
3b3b80aaf1f1cd50a34b39a87b50b78b1eeae1eb41e7b734068d3039399fe1d1,10,1,False,1,127,127/img_084.jpg
3b4aaefa50421d6e69981de2eccf6972a9c5f22ad79bded680757798c64e587a,10,1,False,1,235,235/img_017.jpg
3b89cd460d396e5fb05e2ce532cf452fab40851adc1e18c2d413f60a2d359060,10,1,False,1,212,212/img_096.jpg
3c1871f8a077bcc4fd9a41099aef408c12473bd97edd0c0dd4fda168f1de7532,10,1,False,1,99,99/img_071.jpg
3c2c98592d6a5b8277899cb9af778d1342dbc5eac56cc95e99ec67ebc28db259,10,1,False,1,30,30/img_096.jpg
3c5ef603f2d74a7520109fe82787af8ad6e00275162379417dc0c02d97dbd2d8,10,1,False,1,77,77/img_068.jpg
3c8e1224412332a1c5215f48c55e7a9962d3653e60c15460c8402f8c1a478618,10,1,False,1,36,36/img_022.jpg
3cc6b81f31da8323902740636f2cdc2605c2c87368e4726f8a3c7253c1b9438d,2,2,True,1,22 | 28,22/img_033.jpg
3d462c77c68865e609ab21e01b79a014aa9da6362b8e8225938c60c400b983b6,10,1,False,1,233,233/img_027.jpg
3d77c6609eb2cd1c4cb9b484ca5b693792d52af63982946a69a6b38b1096319c,10,1,False,1,77,77/img_070.jpg
3dd8f9a22c137dd304629d2e2affb9246241d3b2949596ba00ed80f44cff87e4,10,1,False,1,59,59/img_027.jpg
3e14b6752ec920835f2d4d1248c2338510617d23f8c4164af525461cd48591d9,2,2,True,1,22 | 24,22/img_065.jpg
3e14ff09fbc8b99b07ece479210f25d6d4d1448f81511d689b960a8a7633f05c,2,1,False,1,36,36/img_568.jpg
3e52db2cfdaa6322ed68d5ee48349f2694d73d13a990293b8f345dfb6867853d,10,1,False,1,115,115/img_064.jpg
3f098d8d86dd6b3dd652e4e8a914eec27c5ff5e3814f4a943993777621cdc31f,2,1,False,1,18,18/img_422.jpg
3f85af77dcd14dff37ee86138795398515dd35acd7efc5068ec2d23443b7177d,2,1,False,1,19,19/img_622.jpg
3fab1c94cb5c9c1b221da62d87fa996180a3b3a79d471cb977c7b89133e95d42,10,1,False,1,65,65/img_010.jpg
3ffb3c99541408c7286d8b2f5b8042d6ba9593d36d0e71ee581678df48512f93,10,1,False,1,143,143/img_080.jpg
40269a01d989e4630ec8e825a4d79999a84f4e5577a7d91945f17f0691488049,2,2,True,1,22 | 28,22/img_046.jpg
402924f6a05fe82219c9acab5226b940152daee25bf0bdf047db0477005f0c72,10,1,False,1,47,47/img_039.jpg
40a15d6a6063801cbfec4656c57f7173359171dc8e8b67d645f1f833dff2c4d8,10,1,False,1,14,14/img_034.jpg
40d1ecc6b0cdd91b58d536721c8ebb7471f9a473dc02eccb4f0880c418d9bc48,10,1,False,1,5,5/img_013.jpg
40fef253fa7c622054af493beb58f68028fa31daa7fe016e61fc3a6874a29e34,10,1,False,1,139,139/img_033.jpg
4103c9543e4f2ea054530c95ad7809bf75c50f6915eeffb8f19b797c1bce8b7a,10,1,False,1,240,240/img_032.jpg
412b87df9d576c0fb1c45cfe6dec5396b6abe40ec2176ebb17229afe795c0cc3,10,1,False,1,131,131/img_030.jpg
41370808e9392866739ed27a40c07c511c0da21d543c6176c98881a336cf3994,10,1,False,1,133,133/img_031.jpg
414a40b18b676dcf9c2375d8811e242018716990de23cdaa74a86193cc2cc5ea,10,1,False,1,223,223/img_071.jpg
414ed0cfe753b615c57bf40667c36e3b6a6b715d1a28c939f53c48750e1a6bdf,10,1,False,1,25,25/img_076.jpg
41d96a07dbc38613585b258688677400e1fc722036f64e866e2b1024d971be73,2,1,False,1,242,242/img_678.jpg
41fbd39544cb6f5cfac518e3f80a7620e2d7da5ecf4e17e95cbcc89140c0ce2d,10,1,False,1,227,227/img_031.jpg
423fdb642a88061d71fb834e8509903ba482976eb1e7f05e87f54be6b4653e8d,10,1,False,1,235,235/img_016.jpg
42af1a1baca365c6bb46a7b6ed6aa1d6197c0e562247afcb5860a0672e6faf33,10,1,False,1,246,246/img_078.jpg
42e2a1713db28bd1a58c277bd7115932532e5e01f5eb53e44e26a9187ceac36e,10,1,False,1,207,207/img_030.jpg
42f345475f2dc9c954d6e7b372bb2b0592c794cff02c6b26e13c0edec4580b51,10,1,False,1,193,193/img_081.jpg
43388c923a3975359ad4ed1a37c7192b55b64e317915a0f6c2cb3b83037fa86c,10,1,False,1,112,112/img_083.jpg
43732e9dcdd697c609b71678135156cba5802e466ee2cc5b91019af1ece40eb3,10,1,False,1,124,124/img_085.jpg
439da7217d363e8480ab5ba9f79a8d1d5c65d78e5fc2addc7105d455224b115f,10,1,False,1,115,115/img_065.jpg
43b61345d33282c5d7dbbe79f5ddabf90bff9919f2c2ac24a008a59434720b39,2,1,False,1,53,53/img_695.jpg
44011ffdc6e65623cc583f1fb0a874dfd7d81f77edffeeac933410aec2c578f9,10,1,False,1,152,152/img_032.jpg
446bd7c5450f4701466b11f28ad038cf178c6391e87fc86d1bb076c208cf0048,10,1,False,1,67,67/img_082.jpg
449586904fb303b0f701113b6f6cbef32b1994999d1437259c3b67ffb83eb732,2,1,False,1,164,164/img_792.jpg
44d456cd564cae7548a816c958665e4197c5c0f7161cbb772e9dd92f85586e22,10,1,False,1,99,99/img_073.jpg
44df0b3799c4a99eb65a6fd0b79ef44d43de44db7ff4d276a8d61693f4d19250,2,1,False,1,11,11/img_458.jpg
4510f7a168a12506c2b97bdf2b67368f86b050cd432a3408305ee350c05ee3e2,10,1,False,1,140,140/img_066.jpg
45245e142f44ba841e438488b199e46eb9e3a5372840f4bcf577df4bd5328bd6,10,1,False,1,149,149/img_083.jpg
4550f9fbb9f245d8f41e3d918dfaebd4a2f1c8d93dfecdc623ffdb31335fe260,10,1,False,1,201,201/img_031.jpg
4576dd89ec4fbaf8e664fea681460333a3e5c918a3f598c91f426158ec19a922,10,1,False,1,116,116/img_068.jpg
45825f772d5cca0386ac4659d95db330bd7d8182b6592e099fc1bf641b11af2d,10,1,False,1,14,14/img_032.jpg
45abd1ebb3a794742c6b63b59d21757e341c284c01af4166d8fb722c02509329,10,1,False,1,50,50/img_101.jpg
45d79237444b9c0f88bf56eafad8f9cb1ddeb0f5765d9ead4b6ef90addd231e4,10,1,False,1,91,91/img_099.jpg
45f3940242b1f17e28ca967200697f33330281dcbee2f534fccd6999f30dce90,2,1,False,1,186,186/img_332.jpg
4702f41d358c0728a086d437a76abb2486f26bc58f0cecf75802af41d4188bea,10,1,False,1,132,132/img_031.jpg
4728a7a0f3ea5af13280bfc91b32c996fabc66799cd2e4950803dba50a1c6486,10,1,False,1,132,132/img_030.jpg
47631aed450157d56ea8ac2ed2b00c39e85aa5e28e3f5a4cb7db514068f7cc89,2,1,False,1,228,228/img_821.jpg
479f1034dbb81a9b272ee72fc6dcbda96caa3c88746b3cb6a75e25f155aed29c,10,1,False,1,37,37/img_098.jpg
47a2bdc9133ed439a6aba7fea7c6c6266540af0a2db4c7b55b0b0b93981c7eca,10,1,False,1,183,183/img_064.jpg
48257109c14d3d72eca4b0239e96cbd4a7f6fa2685cc01203e7595a4283cd3bd,10,1,False,1,3,3/img_027.jpg
4865485262e316a198d5824b8f9abbf41ffaba7e3edc8d7c9594ef07c4d1d9ff,2,1,False,1,70,70/img_240.jpg
4866ce48c9436b69a483e5c6565b66d2a54ca6f305020df505fe560da3b3ce9c,10,1,False,1,Background,Background/img_027.jpg
487ba10e8faa98e9707650ac776a18b5199e95900a438d9609d8c8a3c5694922,2,1,False,1,149,149/img_166.jpg
48a0bd134f40b8d352caaded1ef8b0ad294998615bde3e220d92f9b105ec1911,10,1,False,1,149,149/img_082.jpg
48f44d4c83ac1c8ab5fe8a9ede117482b9d6aaf2398d479d5b126b8b714c5b90,10,1,False,1,121,121/img_081.jpg
49162ba858c4f8f3414c57c688daf0a45f8cf08d87f2d1de6297afab6dfaaf54,10,1,False,1,70,70/img_096.jpg
491bf397ffb5c384a8a2f237f2f7e757fb268b5c0f7e94bc566cffc2f2907aec,10,1,False,1,224,224/img_071.jpg
49557892ec9be37a32b7774efc89e2b372173f014238fbc5b88f0830e7714eca,10,1,False,1,230,230/img_023.jpg
4977eb51a59bda4f351e785c75f567a2091b0d983c5f4676ce4bf98a1021ae8b,2,1,False,1,149,149/img_019.jpg
49c6bdd68d1046673a974266972d5d1f91f36a0df09d073c493d852935f673fb,10,1,False,1,75,75/img_075.jpg
49f8d26f113693a36c09ae2efd9769c61b4e06fecd2c39b5f71a5fe5efabfe62,10,1,False,1,107,107/img_073.jpg
4a061036521ac297306de8857fea0333cb6a00057316f41b2f521c3e0d39e863,10,1,False,1,231,231/img_029.jpg
4a14bbda496188cb54e523f7c9b7e9c54c5fd2e82faae978600de34d3c2df8d9,10,1,False,1,147,147/img_077.jpg
4a40a73a7ca2104395d7d1e9b22bd3bdafe3c08c352eaf6cf20eab09fc34a031,10,1,False,1,186,186/img_078.jpg
4a87e436ed257391eb5042453e26a1fbe3135c4a6e0dd6ddb7209150c870d88b,10,1,False,1,110,110/img_075.jpg
4a881f05617832d6e85ddd5073c583261244ddb8c32decc5064e72d3b882f978,2,1,False,1,129,129/img_777.jpg
4a97b6b09fb7440468a9fb81783263b823b48b5bfa8965160e5d798e8757b116,10,1,False,1,8,8/img_007.jpg
4ac87bd2b6d0272af06f84b0bd13474b64d19a754bd9dbd7ff5c2195898def19,10,1,False,1,138,138/img_032.jpg
4af6fdbc1478e7a723b40d67ea0db729e3b5b46918c4d1dd897a20986763bf48,10,1,False,1,169,169/img_074.jpg
4b998358e55c4dd793fb74c1cd6dbd57d010c46f1331c26e307b2e313076e032,2,1,False,1,161,161/img_413.jpg
4c18813b4d9a97210400e34ae52ddbc978a5d41ccada1ad05548dc43769ed33d,2,1,False,1,169,169/img_617.jpg
4c37ac7713d32b75c7ddd386c15113b506347394047de382950be782474685a4,2,2,True,1,22 | 28,22/img_055.jpg
4c45e3ca76cd7f7e5f4b2815d04cc73e7411aa58989d4ff73eafc27bce3129fa,10,1,False,1,2,2/img_030.jpg
4c6b97d083df15b48affea6fb3397f5d7749fac70702cd686c320f61caa368cb,2,1,False,1,210,210/img_571.jpg
4ca676407a2a3cc31ab4707352da3ec08d098bdb56fe3d11f395ed1c730e97a3,2,1,False,1,3,3/img_304.jpg
4cae80323f2557e8cbad7b9e1db2e57dcd0e764bc20a5165bd52fcaec71a485d,10,1,False,1,245,245/img_007.jpg
4cd807eefbe34dd037e6a38a5bd943c2ba1c0f56c3fae08952f57bc30def6310,10,1,False,1,154,154/img_034.jpg
4d08cbdde17651c809e08e10031a3119961c49cca889eda61250d68d9d698438,10,1,False,1,193,193/img_083.jpg
4d0cf68fd2edc6b27c1d45b3c347502589c62f0f10b5b0bce68ffc575ad558fb,2,1,False,1,120,120/img_665.jpg
4d33d5f31ed64745b5d888dc9f14103bd22b76577cd50d1faf6d3918c32199c8,10,1,False,1,26,26/img_007.jpg
4d8940679a83e49ac51ddb4c758ffc5aa335b9c88051f749604ca02a2722fc57,2,1,False,1,19,19/img_335.jpg
4d8c6bfe0a94fe7d78a063b8d2d2ae5694e81890241eced60c8c7c516e9910ed,10,1,False,1,32,32/img_019.jpg
4df0c58d020e91425f1a927d500d188910a9885c08deb555ab6753987fc835e0,10,1,False,1,1,1/img_029.jpg
4e2f0fa2640fb1af6f80bfdbbd7630bc32765b417d776da03fe40d24325b12cf,10,1,False,1,216,216/img_063.jpg
4e3c7ec2521015bcc755e0e413d22fec2905ebe462e034175c4fbd633d43ae89,10,1,False,1,153,153/img_033.jpg
4e53d723440466c9dfbb85fdc3da2dfd6ec9c5db1806fe3c05b9102830b81c06,10,1,False,1,196,196/img_088.jpg
4e596997922c0481e50066a5b60a68d10aadd0275d1d6165ba05e3fb399f1c7a,2,2,True,1,22 | 24,22/img_076.jpg
4e66d51d99e14e2ad5c0de26467d6cbbfe1a14c56188ecd7cfc8bbf52d805565,10,1,False,1,216,216/img_061.jpg
4ebced07397d44761769f1275088a48808aaf5096413b563df564086333a33a7,10,1,False,1,73,73/img_084.jpg
4ecee01a9f55533adc3126bea5bbae8ad15bb0621474e1d9fc0d3c249a1f31ee,2,1,False,1,52,52/img_740.jpg
4fb481ac22631f232068fa1f987f804ff580a33308d1679909e6628c6c5408ad,2,1,False,1,27,27/img_248.jpg
500cbd1396714b98a8f6715caafebac78a9cbccab94d9b68fd3bdafd41869cf9,10,1,False,1,17,17/img_034.jpg
504f295c786aa3e8c9ca704a1331fdfdcdf979836468a9856eb809e4fb6a20b3,10,1,False,1,107,107/img_075.jpg
50552a158f95fa088d37ebe83c3a71dbcc83be935fa9dc967df7ba6f0c88e9a5,10,1,False,1,138,138/img_034.jpg
50bb313511ae6bab8c776e0dbfea47a5237ce12c709a2c05d83fd5defbd4100d,10,1,False,1,112,112/img_080.jpg
5123c81d1bc1234ee2774c63f27bed8bef0f7b3d6b5258c8b29434a49a31aa2a,2,2,True,1,22 | 28,22/img_039.jpg
513c06863daf07ce5181e3de448a8b87354b7bb27c1c217b4b3ca89deddccb56,10,1,False,1,30,30/img_095.jpg
51c1a457a1be8a5c1e9a74fc01e129f6c07796327112204f86d66c914e1349eb,2,1,False,1,40,40/img_739.jpg
51cd59e762530a78313282d906183dbaaba011fe8733ceb50e82a743ad60b334,10,1,False,1,221,221/img_102.jpg
5210682e049edfdf9743caee99fb083be54a1cb7b02f89ef0eb669093d0f860e,10,1,False,1,101,101/img_086.jpg
5212b9e10d0c7abf91e13809e4ac284c4e59e297c3425db4f67b106898ade942,10,1,False,1,110,110/img_072.jpg
522b7b6dd3cc544d4c973c548140bcc36a6c3d605dec3c98c9fbc911b7817ebb,10,1,False,1,131,131/img_032.jpg
52a3f369dd1c904b026f07cf7b36850eef307ab28b3b1eeb7acab47f5292b34a,2,1,False,1,211,211/img_634.jpg
52c3d5cc23576aa7fd0f4ee94a1681807d71d722ee49b240f64cb416342aada3,10,1,False,1,150,150/img_065.jpg
52e744b6f094dca5a7bf38d960289081c637f42b9019aab19449ea2f814f31f5,10,1,False,1,136,136/img_032.jpg
531be2c34997907c13b07a8fcfc257c0ae64f2b6fd59e4cd0160b9bff90b87f3,2,1,False,1,217,217/img_069.jpg
5358b129c271dafd35eef7316434e39e7901972c5f8bd5b53d1a58cd7034ca2e,2,1,False,1,129,129/img_492.jpg
53632cf474389b766732d64d9bbfcf0979eefc7023d284fa265b920ec9d649e4,10,1,False,1,1,1/img_030.jpg
53966d3b7a2d97b8086301cdc94a53f481558c7ba6a64fbc6a0425470ada559d,10,1,False,1,40,40/img_021.jpg
53c8f56ad5a58a32e62b72c7523a35f5fb58b6e735b9ffa78cba64a64c969812,10,1,False,1,229,229/img_1028.jpg
546ca99a970bd3977605394e5cc728b58c9567c64214fd5377303d3503089ac0,2,1,False,1,100,100/img_569.jpg
54b462cf97d1d7dfd698c1bb57974a71b3401bedcb65f14acec8c18872a52723,10,1,False,1,24,24/img_038.jpg
54fc3de395ee1bb437ea61e22da4f2ea5e47ba9fe86c63b439d729d5c0e466ab,10,1,False,1,81,81/img_085.jpg
557c6cb7910a352e9bd17c6429da6abbc11a104fc193a4a819661a763c596da1,10,1,False,1,76,76/img_085.jpg
559efd1ab35e1f7c447e881d6dc275de08d4bf34d636a1ce8477a69a0b9bd7f9,10,1,False,1,169,169/img_073.jpg
55b269a862a3c8f40151625d586ace39e984fa15de4fd3b3bdcb88d67ae534d1,10,1,False,1,92,92/img_058.jpg
55d2d124b36e4b3d0b31083eb650e0e0ffc8a426d25c14ebe22f6fce4ff2ff72,10,1,False,1,204,204/img_032.jpg
55ed5dfd88702530a46bc8e9ad18eedc5f297d327bbe179492d7cc9c1a575af8,10,1,False,1,217,217/img_059.jpg
56136c2d2c2ee509f50ce023bd4e92d3d8177994b6bf446cdb014fa1066dfc6c,10,1,False,1,93,93/img_077.jpg
563067268ddffc80c80a6532d6e454e4358234b2b97706eee64cfa6ace6d94fc,2,1,False,1,103,103/img_092.jpg
563959922414c0fd739f997d52b66f0d34952bce81a4912c77be0755c92e2601,10,1,False,1,82,82/img_007.jpg
56bee3fa86f9ab89aced37d69ba5fa5ff995b547e5e716252fbc196a2adce767,10,1,False,1,214,214/img_076.jpg
56cd9481ea5e39f9f05c103a45395b0cf734170e6a3f4e4d076596bc5997eb73,2,1,False,1,26,26/img_563.jpg
56e335ad3763527a05200bc757e513bdb28e83909b1b2b11bdae4986c240a163,2,1,False,1,133,133/img_715.jpg
56f8b4c232d3e9a86057bba8d22e8bb5b17a88fdd17649e3fc2c78d08afe78f2,10,1,False,1,122,122/img_064.jpg
56fdde6e6e8df14eb108a03c7ca6fc647c2b80c29ac79faa641de8b1a4182993,10,1,False,1,187,187/img_083.jpg
57463d1b99476e7456b8a13b21eeb5341649e1fde00aee6ef81f2232308fe544,10,1,False,1,123,123/img_077.jpg
575fe3fccb765c125b611074a746127bbaebea4b897c7e7cbd4688973cb372d9,10,1,False,1,72,72/img_055.jpg
579c905298dbd7a934603327af3dc0f1a0b5e34b98003862fb1be2abb7c17e9e,10,1,False,1,220,220/img_095.jpg
57b5a677be37fc582ee66a8835d3fff13be098bf47bb5184d9886f8a56c3dd4a,10,1,False,1,107,107/img_072.jpg
58283f69ab0ef089130a7b85da3efafd423f8aa2a1e936bedbd2ad5bbde399e1,10,1,False,1,199,199/img_092.jpg
586699faf56859ddd69f5036e267674d541499b30c32eabdfdc21836b465c51b,10,1,False,1,141,141/img_072.jpg
586b8e276e96797234d4b5a12c98ecb3a242819d9ee8785079d3c7f6872477ae,10,1,False,1,118,118/img_070.jpg
5872b8c7b11b005a6a5881938818303c34a9a31d6946f157d36ba5afb17c9f8c,10,1,False,1,59,59/img_024.jpg
587e0c9ec234d9274e918a218577a4ec59e2b8c411b4b47ee338905dae56b81f,10,1,False,1,124,124/img_086.jpg
589e930dcf35463e84633512c6e17b3786569ef5524e2d4e3e86d65828c20932,10,1,False,1,89,89/img_088.jpg
58a4ef9f5a8db6f943e499ba4cf81cd604ce962a6636073877cb96d80a466ae8,10,1,False,1,166,166/img_070.jpg
58a88b49cf575a3ce9c1967a40e26e445b9f2e268ce25f032c13977c915757ed,10,1,False,1,24,24/img_041.jpg
58cf1737d6a0dbafb62660913b458a64fc8a1b0a315fd250f9855a520ff3e72c,10,1,False,1,104,104/img_088.jpg
591da6c2b6acdee06b327a97b5b51b565fae1b7649a73755ac7979c18ef3aa40,2,1,False,1,9,9/img_560.jpg
596a5c2e4a05277d5d4ff2d1ca99f3b1171292b13904814020756b064e253903,10,1,False,1,97,97/img_066.jpg
5971d9c4743a1d70a9da63b67b68706a275e8f971a88cf25b35a68cc3908d931,10,1,False,1,184,184/img_080.jpg
5a202bd207d8595e37bcd777303a5820b67e7f73b88b6ac32855c98fc2a95ab6,10,1,False,1,78,78/img_068.jpg
5a2959ef305d4112b005c208a7d94e6d2df24dc00476814b972367be3d381538,10,1,False,1,239,239/img_017.jpg
5a5688b81c1e9f23ac85f57164b52c8e15438f36bb81d96246c2fafceb62cd53,2,1,False,1,200,200/img_274.jpg
5a78cd5e7faee1eab9595db9b1beeb2d1b3817b13d4cf79ec351580d6800cefc,2,2,True,1,22 | 28,22/img_022.jpg
5a7c3ca3475ee4bb07c8325a9c372e10378d7b1822aab96e29010663df5550b5,10,1,False,1,147,147/img_078.jpg
5a7dfee85b8f5dfa153d29b48957edb085a1fc76cf6fe408172d8f872c9fdcb1,10,1,False,1,39,39/img_008.jpg
5ab5d5814f15ef78f9f96739098412e826b345b4cdae867be8ffb69a8b1d6d72,10,1,False,1,198,198/img_079.jpg
5b4f412b57bd9bebc5d95e7de79395a5e5635f6205fc01be5fa27e5f867ed5dd,10,1,False,1,60,60/img_016.jpg
5b5cf2206b2de9270c02d61b689c1814bca35452262edaf4a1c453a5bf33d0ad,10,1,False,1,86,86/img_080.jpg
5bf2a2c95280591702f4b3a69e576fec8118c463dc06c413b105ca345338f619,10,1,False,1,66,66/img_1024.jpg
5bfeb679e3e362ad561cd04824646ccb9498a2b0291f69286f0e7781ce6fb166,10,1,False,1,219,219/img_064.jpg
5c020f7f0393244ffb4d4107b75d0dceef5198270bc5aa10498c34e14054e5ca,10,1,False,1,95,95/img_012.jpg
5c5d59dbba5385f5f02b8c2c193548176e5376a5b1ec3fcd7d14af2894caa725,10,1,False,1,13,13/img_020.jpg
5c6bc1bc491b26fd687cb48ef167ab3b0983b273bca8f44b499177070b644d3e,2,1,False,1,109,109/img_531.jpg
5c7184c0a67b30b0a0cc47dce834f3d8437ebe96f36d30bb8c8e1778a1f113b7,10,1,False,1,227,227/img_033.jpg
5cb7162b18e1cc92f514b23118049019ea4e08f615d292ccb6a88d490f71127b,10,1,False,1,90,90/img_084.jpg
5d1b3e9556c9019f9c5911eee6c94996a94c4d2edee813bd043654eeff8dfbcf,10,1,False,1,170,170/img_065.jpg
5d3379d35349eab0f93c98205dca425a7b4af6ce5f82b69ba0bd192681d4a823,10,1,False,1,100,100/img_074.jpg
5d6f158f64b9ccdd4c33e08771aac06bae5266f5aae237a7587369dee6c03300,10,1,False,1,216,216/img_060.jpg
5d7cb8f5a8bcc9c4f33b701553cc1cc5852ac5a7836af58e0daaef2fddcf01dc,10,1,False,1,79,79/img_079.jpg
5d82dc7cbe6578ae8905fcf51df67dc815fd75067641126b77dc96bdade017a4,10,1,False,1,46,46/img_020.jpg
5dcc5f9589d1528580a3fa9e61f90bf5348b525a0eb725adde87b89c0177278d,10,1,False,1,160,160/img_032.jpg
5e0834768bacea2f456121a070d6e0d79bd5836b344563aa4d73f99e7496db4e,10,1,False,1,246,246/img_079.jpg
5ea5f4219ede34262cd3e0b3eb68b64e1e513f74678e7db749ba13fd3918d688,10,1,False,1,123,123/img_078.jpg
5ec32c2cf5f2a70fe0920c83d30f5f5636c52fec2bb7be32494a33312b10817e,10,1,False,1,135,135/img_032.jpg
5f1c6a61a39b171389387bf4dfe20f4824ea2d009cd9e530da0a9e0f123e4211,10,1,False,1,50,50/img_100.jpg
5f6c751289b587ca0a6f1cd661d7a61a67442d9a089ca065c76d2a1c7a47661e,2,1,False,1,211,211/img_374.jpg
5faa5fb79897281da701ec35f7620680be926327ec82fc6e9ec87dee3bdce75f,10,1,False,1,170,170/img_064.jpg
602980e52aba876daf192324571e6d9ce96832fdf9f8b5e6a2a406c2477669c2,10,1,False,1,197,197/img_012.jpg
6055e4813a2014725e11dcec0fd373378936a34da84de04f030c6ad2f79f4caf,10,1,False,1,56,56/img_004.jpg
606edf44bf97797c8a15c3404afc08c8ac0d2fd72910e9d20d324aa14113b0db,2,1,False,1,162,162/img_529.jpg
6088d0b5c8e4c141d72451b67db8b8a8c62bcefa6ec680552e0cc01abdaba672,10,1,False,1,78,78/img_070.jpg
60906e41ca5eb1a0303f8b3bda857f7cc43e917a5c60df9f1e08bc1ce9d0b034,10,1,False,1,218,218/img_068.jpg
6091b63fa03f0b1fbf015916bbfa27d8fee025f700589468d342508a431685a5,10,1,False,1,55,55/img_022.jpg
609ce34c3bd7f55436f5e810ee2574cecd423616a43830fff49c2fbc3a9e79ac,10,1,False,1,21,21/img_033.jpg
60db10604280e86c12e49e217f218d029dfa82d3e383844f3a41a2a6e6322105,10,1,False,1,225,225/img_019.jpg
60ecb7da5bdf14234ca8dac22c92594e45e20b4578c959ef56f784a34edd43f6,2,1,False,1,69,69/img_741.jpg
614758f71ff5711aff5c31155be4ef9604718a6d24b907c6e3fb4fa29b4e2724,10,1,False,1,96,96/img_088.jpg
61ab415a99e2b484d538b5553b4317959d7a72a2ea0bbc18096ba1081deb439e,2,2,True,1,22 | 24,22/img_070.jpg
61b135a64bf31849d648d1d1bc1f005eace354b0e11aa71342163ec31ee13ae0,10,1,False,1,129,129/img_033.jpg
61d2ef80b813056cbb427af7448efbc9819f902d224fd9b6465f1b38d4871e08,10,1,False,1,142,142/img_045.jpg
61d3c39c205df5c58a14ba61ad557fbc98bdf10143bd86eba7f7c353f11cdb93,2,1,False,1,153,153/img_664.jpg
6234e81c5ee4c50496d9ba17e7e82ebbacb76618037652f44aa5307da99644fa,2,2,True,1,22 | 24,22/img_081.jpg
6294a456fbf5d6b61a2254abab30e661cc777c02deff107b3ec2c4acc729a93c,10,1,False,1,241,241/img_006.jpg
62a594fea07473beb1d6734b47208aaf49c829384cafb5990451f7f0da268820,10,1,False,1,225,225/img_017.jpg
62db32beee5de4f54e0891d9f43c454c766f60bfe2cc479a7a0d98399f23bbc3,10,1,False,1,146,146/img_080.jpg
6323d1cc439ec06c18b301f144912f3e2f4640e4e43ca0d17659bf49449e65c7,2,1,False,1,81,81/img_650.jpg
63361794b9a601c9b46adffaf021602a1c65c726f649ba9f4ecfb16b74840f87,10,1,False,1,139,139/img_034.jpg
63d067d96e77cff6d123561d39ae95c0b0be8f6fb8754deee1e20875d347547f,10,1,False,1,15,15/img_039.jpg
63f6f26726e4de5bb0402a11794b0a35487b0395fca41413e5e2c462cf89e3a9,10,1,False,1,214,214/img_075.jpg
6451071c84994436de633eb1ebb82002cbfe4142b08a66aadf42afba74f4cb31,10,1,False,1,18,18/img_031.jpg
646752b6d5d8bb84bff010ab136da02b56aa4409433df0de1d86850f789caeec,10,1,False,1,82,82/img_006.jpg
6478c2b9a692204469da47a7a1f915b6903f399fb8f1b392c60928a33efdaae5,10,1,False,1,7,7/img_043.jpg
64bce54d5caf9cd4752d172a9294de36f973195907c60037d7fa8b0d29965889,10,1,False,1,128,128/IMG_032.jpg
6521a60e05176d74db5be8c98205fd84c9a6f206f23f361bdd33269f3363d38c,10,1,False,1,141,141/img_073.jpg
652802b20cfa058ef1c52fb01fdb79fb2c522de297d1cd519b26ae1397d925ed,10,1,False,1,4,4/img_022.jpg
6577af367e65304329775375366d8f85273a9ecf7508d16671d573a25b6acb99,2,1,False,1,136,136/img_568.jpg
658d3c109d4968080777fa3ac4470bde475eb7842dfdba9f98f03edd0bc71db0,2,1,False,1,171,171/img_1000.jpg
65abe72a49661be877e8fa1c58c0e51f354974e84eb6a7e1b50b33f87fe446d0,10,1,False,1,69,69/img_061.jpg
65f50384857dd3e303fbb2496948221a40b454e88e7d9a613eed7c5457701057,10,1,False,1,117,117/img_1028.jpg
65f95c12b86d4fa183c995eb63b13bbcff6ebdbd21230d002705ef9e2c0761f6,2,1,False,1,217,217/img_591.jpg
662fba0f412dbaa2b7664fba0e37488c85df5820ce53eee7f5d6fc34073a1584,10,1,False,1,243,243/img_030.jpg
6658f6258d4351ae34c1132591c72f2ad4558803b3cdc521880984cc1ac8ec40,10,1,False,1,217,217/img_057.jpg
665fecea350be74c23a54b14f72268df42679c196e95817b5f53785806773175,10,1,False,1,74,74/img_096.jpg
669963dbca6f1f657a6cc9070bfa3aa8a599ae57df68e280ab3e2de58fe33e7e,10,1,False,1,43,43/img_091.jpg
66a25b82f72c605b456a2085972b9efea6556906336b4cf86ce7975ba05516f6,10,1,False,1,78,78/img_069.jpg
66f087725ff8f8cfef1c27ce99734dc3a57d0a9ab9b0498b30f2f9ef32920fa2,2,1,False,1,192,192/img_147.jpg
671d7005f7fc7e23fbb7768c9ecaccb9cb73b63c7fd6c126cbd413341b2a28ed,2,1,False,1,74,74/img_005.jpg
67585966fdd8e06ae9288b34c773831b7a53432bdf724999ef1af5694e3d81be,2,2,True,1,22 | 28,22/img_017.jpg
676f9bb18bf68ac2914fabb7b243b98b804879c89f43330fa5fe337366b427c6,10,1,False,1,200,200/img_033.jpg
677997ad253acb38708f18277a3232a38684d5647de607fd488c602697fb2dc5,10,1,False,1,228,228/img_023.jpg
67965309b401028bd6f33259f00841e393e0e557941ba73433429972c5b4c3c0,10,1,False,1,161,161/img_034.jpg
67d69b83ea30ba4d1e8472b735a53de674ed8c5f5465851f8c493f6b1b4ee002,10,1,False,1,206,206/img_031.jpg
68837ab1d4bd181d9264a838d6735079751cd61ba2ccbb8e1890e9fcce513527,10,1,False,1,105,105/img_086.jpg
6889c45a16956703f6b0303160fc065225f2a6e14e553f90214681172a3161bc,2,1,False,1,49,49/img_840.jpg
68bb81679f2c89ec43d939d1767c25c87a68350beecb14ab36d29aa0b4f9308f,10,1,False,1,112,112/img_082.jpg
690fdb485cb18905aa3255b71f2b64312dcb609d97d75abbb1a10d66583a0e87,10,1,False,1,133,133/img_033.jpg
694410baa878a5943d5dc5190f8eed14a41c3ca4d424ba0a385547d8f3e967b0,10,1,False,1,228,228/img_020.jpg
695a8a8d30f68b9113d18ef5b271cdd3f973e6fef726599d19ecee30249e823b,2,2,True,1,22 | 24,22/img_071.jpg
69708bee24cf15c22bdb396ec59c2d3a184bcc01bb2003ef930c2e6278a76599,10,1,False,1,148,148/img_073.jpg
69adc0fc7fa3cd097b6ebfa7b610780387cad2ab8bfd5b372b390e5f204b9ba1,10,1,False,1,215,215/img_082.jpg
69ba6552bc7610422dcce90c8333ef1ceebd440041a6d1f28ae13bb0a9873767,10,1,False,1,118,118/img_068.jpg
69bcf951f6f56325c84b2d07cea77c8332a3ecd4ad9c6d67ec1985773f228ea3,10,1,False,1,62,62/img_100.jpg
69c5f8ca0cf459825df82e286d368634477986e14f3aa0585ab2799945599493,10,1,False,1,105,105/img_085.jpg
69fd371c65ded778c0456527e91105b37ffbdab47be8fd45ac4a9c93fb130bc9,10,1,False,1,180,180/img_065.jpg
6a1827543bd25d768a9fcaba6d453bcbf3c2aac8decf04d4bd785b7ebc1182c9,10,1,False,1,101,101/img_082.jpg
6a3b280f84ec54589eb9403a28744a8e90d65b939455f61a4f0e7165937c7126,10,1,False,1,19,19/img_042.jpg
6a3d679afd4cedff9c31155f2804d7dcae16d607b4c81e468f2f1071ae16d0f3,2,1,False,1,172,172/img_804.jpg
6a7cd35484dbbb06f83833adbdb9e09bb24c2287f6dc61e1c6c4033c2d89672e,10,1,False,1,163,163/img_032.jpg
6a9102a44866ce5e5e704c9280d9c209c44b203a56286e8015a42a8a66dcc1c8,10,1,False,1,221,221/img_100.jpg
6ac325616f407d137cb9375eef712b8334a95563f0ebf56ee3bf1f9acc719787,10,1,False,1,226,226/img_038.jpg
6b69c2c604e05427a88d746b028540d929c80a6c5e5812989d417a260dd211c3,10,1,False,1,173,173/img_095.jpg
6b6a28198fd9cf30d102cb667a4c748bac2d0fc673e823c9ca89c0bb016143c9,2,1,False,1,176,176/img_756.jpg
6ba0ebc6ff94230bb17e318f0515b55df94c221a15379aa31cef847649431138,2,1,False,1,123,123/img_412.jpg
6c24be4541543eec5dc28179ce459150cf7f118636765c79d22e2f6b7950d13d,2,2,True,1,22 | 24,22/img_067.jpg
6ca346be1715a3d07d8df3b9e017760eb123ab3f4d53aede2a722d10d34ea9af,10,1,False,1,98,98/img_091.jpg
6cbe6dab450ceb8ce48bd4495131a7337368ceeb4d4530b15f42de4f43e62d3e,2,1,False,1,164,164/img_977-VIikOl.jpg
6d216e4f3cc765f780052dae740d1d613cb7e11f57d1bd08883f09a7c707ded8,10,1,False,1,165,165/img_067.jpg
6d2fdd80a049186f27d907cb674b0764a6fb3d93cd996ccf939636c6ffd5a2f5,10,1,False,1,9,9/img_026.jpg
6d7cb27440c91de58f5cdc5b36a1886ab5dc97361ffbe31cf62197d00df5d80a,10,1,False,1,100,100/img_075.jpg
6d7f9e1e9d0c6089df9b6557368c818151c1b2683a6da4e76dcb7f98004954d0,10,1,False,1,120,120/img_054.jpg
6dae55ebcc806e23e1e3f6c715cba393452694fadde673b0ad639e6d6a64c478,10,1,False,1,190,190/img_070.jpg
6db46043240a8782fc40f71bb64ae27a65ea01cd52cec04ff45973c4d18ae803,10,1,False,1,89,89/img_087.jpg
6e1ee6ffc84468102221ab7f6efa831181b757460e1aca80e1954a12bc7291e0,2,1,False,1,43,43/img_498.jpg
6e47d1ef7e2e130782565cc926e1de68107304537238a9539491d7834aa16e77,10,1,False,1,127,127/img_083.jpg
6e4a4592eb7ca2890e8b30d34ab992ac944a6554dd267aed4c7fdc7bcf1c5671,10,1,False,1,Background,Background/img_026.jpg
6eaae590d4f28e95a7fe7dd71d91fd9806b520f14a115745dc209efa6da3479a,10,1,False,1,86,86/img_079.jpg
6eae4e887e8f519196076e306e8dac64e49d48ce85ae4e2314419ce02882f702,10,1,False,1,144,144/img_085.jpg
6ee1f7ecdfa02ffbfc7a46979684d0b52e5768281c02a9880b5aa7a228a1d2fc,10,1,False,1,49,49/img_096.jpg
6f0357a8a5c8d8a6e038e7fdcacc823c0f9a572fc9f9ac23d63d2a4d3c7713e0,10,1,False,1,236,236/img_027.jpg
6f0e5961a20405891a225f7204f16b1f5fd5a9d10dc4dae3d5a59d25dfb2a410,10,1,False,1,57,57/img_015.jpg
6f64fa889fa38d64e86c37b9a6ffdd7dc16b1ece978de45f2ded43c846a35628,10,1,False,1,148,148/img_072.jpg
6f7bd20a530b753558bbc6c70fc676de72da7e4529d14592eda84c41cb99d2bf,10,1,False,1,80,80/img_088.jpg
6f9fe6036ad5f3e52c93c2148b9affeeac8b3913bf3bea417ee368dd8a71cd98,10,1,False,1,26,26/img_008.jpg
6fab935c96cde0e97cd618d5c3dd5b4dca8f8757864695ed13a2153fff810393,10,1,False,1,37,37/img_100.jpg
6fad54e0a9a14bf906c1a181f5f6235525cf5c18a6cdd7068239d51553315083,2,1,False,1,127,127/img_203.jpg
6fe8e4d4304a191d65fb98d902f4b13fc84d192eb8447f9ef9f4830f8500cccb,10,1,False,1,193,193/img_080.jpg
7059142376f72041a58cc21cba37c8a529153db7ced98ef09c3ebd47878af4bd,10,1,False,1,221,221/img_101.jpg
70aafeb1f45ae8cc3c72f4090e3951bead5e1e4c0fa8439e6e1bf2e552848c7f,10,1,False,1,154,154/img_031.jpg
70b4d1da69e58d61571b3be8f9b03f608beefdb09fa01f0df2323990ba478eee,10,1,False,1,158,158/img_033.jpg
70d19b3d3c9c35c3951f732d8a707a1c010dc28dccfde0becd74aec43a9e6a13,10,1,False,1,211,211/img_032.jpg
70eb6c97d97df1bb205696f060006a796cda17e9bb625acb8d6cb0603773d457,10,1,False,1,39,39/img_010.jpg
70fb15a16482b1f7c753b109965e750ff8fd7418ee61de44dd9bfb9379989588,10,1,False,1,11,11/img_011.jpg
715759993e7b296390f5c2b3fc7b75fefac7c2ff602ee1d8403e61c12afba834,10,1,False,1,181,181/img_066.jpg
71b1685e2d8a86bcb54141f7b197bc3d7f2b3940ef8af8736096807835c7e5aa,10,1,False,1,177,177/img_088.jpg
7287a8a4c62b9e67e543a271a7c5206adf409ba5cbda8e3b2e563c7f40304836,10,1,False,1,159,159/img_032.jpg
72897a23951358c00792a05b3374a83df9ac947ba525231309fc6ab5c8ae0deb,2,1,False,1,132,132/img_681.jpg
733e1eff876516fc829306451dd9978a9c5cbb6f4fea32c47ffc622c0458c5f8,10,1,False,1,179,179/img_009.jpg
73ab2ccc31789cd294d1a2bfc3c83c16088dccb589734b1299d7d6a27d6d30b6,10,1,False,1,68,68/img_066.jpg
73fea82dfa95dc7a61f7304444c28a99fc73fb152dd8c7343bb9f7918f4f8d69,10,1,False,1,198,198/img_077.jpg
744e93fb0a4ec78e72da13577aa45b46524b14f56020e0b0fca854d6e6b004fa,10,1,False,1,47,47/img_037.jpg
7460529e20a23754c2cec999d3f5e34cd8a72be376c7f20d2015cd51d043fa36,2,2,True,1,22 | 28,22/img_031.jpg
746f6fec6660e0b6c68f720ba4e7fc0d4f9c588f8e1afc8c733bde75eb73c3f2,10,1,False,1,206,206/img_030.jpg
7489a1b64767434c2f76a69a9622268082ed9fd7aff8d54b762cdd3f2818e515,2,2,True,1,22 | 28,22/img_038.jpg
74e63979124bb0fe7944d4d0720a95386f124bceb87f695987cd5b9ea8aeef28,2,2,True,1,22 | 28,22/img_048.jpg
75a33f88025315ebc3d8d6f51638df2e2d683012853cabc82d79e06c618c0b31,10,1,False,1,31,31/img_071.jpg
763cf98f260e4024462136a22f274972f1883ccb80d38400541fe7e0964d22ce,10,1,False,1,202,202/img_029.jpg
77499b5fd31d68d999027ec57fb4f39d1c752e6347c524658c06e9f570806297,10,1,False,1,195,195/img_018.jpg
775299aa988f4ed91c90af48aee5f9b185993514cd8be14c7ef0838462b93e2a,2,1,False,1,75,75/img_559.jpg
7759e48a044afd430efe9a8bc5a75feea45aa0f8b9d49ae576c0fbc96c986264,10,1,False,1,22,22/img_012.jpg
776f2c595682babb1016523b94923cc92a2f2625428b0f504fd5a5ea0926a781,10,1,False,1,23,23/img_032.jpg
779eeb2b55c712ceeeceeb5148c788da6097b89375c541c8a51e89dd7709d2bf,10,1,False,1,102,102/img_1029.jpg
77f5abb3118e5bd9d4f4c391b2b381827bd30ca63cdec9a2aca18ec7289a2e7a,10,1,False,1,71,71/img_085.jpg
78099d6f28d5ebcfb8631248614224fe0862075a7357ec9fa8d751f1d0f57957,10,1,False,1,187,187/img_082.jpg
78111e043454e9a50de2f6c81075cc4de390b3835dd5314982aea7f99160f624,2,1,False,1,44,44/img_322.jpg
787453d57c8ad16987815c8a3c3a3b498d4302f197356c10ea31707a3e261113,10,1,False,1,131,131/img_031.jpg
78d647ec6d54de127a0faae4b965cc40d3926a26376674c869a570ada2807602,10,1,False,1,207,207/img_031.jpg
78f65d02c3f8335eef4cdbcd8dcb406ec9af1177e649d11bcb6949c0b8947dc2,10,1,False,1,109,109/img_080.jpg
79126f53423a553e226c798275a6491a722c74272bf90fe65cc298b8c00beb04,10,1,False,1,132,132/img_029.jpg
7918dc1fe2377f46fc76e4b69b5db022f79cea2cf593a8b409b300a65f1b6142,10,1,False,1,26,26/img_006.jpg
7933a07ef896690124aade61f3c4258d9ac3c174219fd3bb4e46d497ba24a67d,10,1,False,1,92,92/img_057.jpg
794a7bf98c1bda654fcccbe47a19d4ada2375f7fda7c29df886d08433e088dc8,10,1,False,1,34,34/img_020.jpg
797183686741f58555fa3b50db9e7962004cd0381b581ce25a65b143799754eb,10,1,False,1,121,121/img_080.jpg
798d6c2424dd873adc7e99cdcb3df90ac7e75a4735e1418bc98f282be37f787c,10,1,False,1,99,99/img_072.jpg
79928948bc789b5b1f53db4ecf122768a99b9c58ed04c72bfeb1d0dbb270623d,10,1,False,1,87,87/img_099.jpg
79c01921bfd150f8d3ac4603d488ac1d0e8bbf4e7a240ce13d0583856943b20d,10,1,False,1,102,102/img_1028.jpg
79df5b76fa5847a05809c7720bfbd3a80207ccd431d0038eda9e68bdd851062e,2,1,False,1,76,76/img_758.jpg
7a094a2782e25dd53a217ffd59fe46bb1aeaea8bb162f40e82d72d474acd91fa,10,1,False,1,190,190/img_073.jpg
7a827f555379463ddb558b8e39d6be5fb34896b8970fab3d14fb9148b77be579,10,1,False,1,126,126/img_071.jpg
7a83fab17b92789ff492fd6b8f0fd303bb361b82458216a64ca51c042141181f,2,1,False,1,13,13/img_437.jpg
7acdc0f28bbecfdf7689f27df19b1a3b96f4d3bc8d4d2f50d71f19a95ef394db,10,1,False,1,218,218/img_070.jpg
7b377fb2cb147a2c27e43617ca7ac34b4c03c6fb6cad6d55dcecce6ae9eafc77,10,1,False,1,128,128/IMG_031.jpg
7bc5374d9d72e5af219609f6567bab18a6c127c3e78b89cf71e734293f7ced12,10,1,False,1,235,235/img_015.jpg
7c6e5b7bfd79950f2c7e3ba4e9dc356384bc68ea415f59aa099597e930e9dbd1,10,1,False,1,237,237/img_028.jpg
7cb4124e710831602f4c19858410a0b5f6dcdbcb079c108e4606ff18d256c0cd,2,1,False,1,21,21/img_376.jpg
7ccc6dd8ed857fff2ce087a68a38e203943171033228b76fbfe665357f00fb77,10,1,False,1,225,225/img_018.jpg
7cd282073f6b4db432ed83fa2b1d78becbc0bfc3fbb4af5ef003b18491440628,10,1,False,1,244,244/img_019.jpg
7cd8829ad1ac39242fe65e744c0f9ea797bbdf7ab30b4117f9267e03dde35359,2,1,False,1,127,127/img_495.jpg
7cdf1ffe011fd09ea13b05a0933a12cc51808e142cf5d939f65e8907b32ade9c,2,1,False,1,137,137/img_544.jpg
7d00d58932dbc4c13080bd31298196a85fc916e357726d606f6f0bb64f5507db,10,1,False,1,40,40/img_022.jpg
7d1326fe1f55d2a05d38b008bd8a1d7556cf0a32e4d908d78055c07cf355a551,10,1,False,1,71,71/img_086.jpg
7d7fb106573bd68481335db84dc8637c5959e97d86d5f6101d31ae2654cf7602,10,1,False,1,241,241/img_004.jpg
7da0b769ce3691761359c409f91603a4803f8de43a5c194ffd6ce52ec9bc2d00,2,2,True,1,22 | 24,22/img_077.jpg
7e7ffed2fca5fbae92ce52c7ba88a76127daae440962cfd098b54f1f5be5ab86,10,1,False,1,20,20/img_039.jpg
7e99b6b9328824872389f2473dedf1687b613ff7966060571d99c0b81d7c5985,10,1,False,1,213,213/img_077.jpg
7eb30cd037e8cda04d93428b948b11a2f359d42b0ca5ade2a591aaa6009fcce5,10,1,False,1,200,200/img_032.jpg
7edbf85f4a267cc681b709de2a4aff9b62674cd6b460cfc532281b64ce9dc987,10,1,False,1,182,182/img_060.jpg
7eed82080f82440e42cb117906454b752489a69cba9bbbe9d005470bfd1c4ece,2,1,False,1,229,229/img_720.jpg
7f180d180a74d0921b975fc86da55642355b363afba43164bf1ca9937ca4235a,10,1,False,1,13,13/img_023.jpg
7f37e35685f13f1e1722c56b92f87c7b2629cf877b8f037952ab2705d5f8370d,10,1,False,1,137,137/img_033.jpg
7f411cb29b25ee91f748b5abb59a713c81d6af805cf613a07255bf6174bcee7d,10,1,False,1,184,184/img_079.jpg
7f46d270f10865ffd965689029c7a815e12df0c6b0e4ea851703e0be9b0e2b1d,10,1,False,1,127,127/img_082.jpg
7f752d725bac15fd663bfede95119a577168092734e0773897c7a379de035c1f,10,1,False,1,58,58/img_024.jpg
7f9de4c75671741f5f1c3585ac431ceacb3145042a7dbfb1ae652ced2d9008b5,10,1,False,1,176,176/img_057.jpg
7fae5ae96fbe53f15617a895abf565caefa2c47a6f68256eba84d589d423375f,10,1,False,1,210,210/img_031.jpg
7fdb9aa9a8716ce1d8b1aa130f189deb56cae20e796ff071e4ba14400f7cb153,2,1,False,1,8,8/img_283.jpg
7fee16e7cf5d42c67cebf752bcacf4c87a1a25483a3d08ea4f19a6cf58fd9d76,10,1,False,1,98,98/img_092.jpg
80029f023b4882bb1eee7199caf3bc9240cd9af7cbde5879f0f03eafe4d7056a,10,1,False,1,126,126/img_072.jpg
800ca1646ff81c4a66d9334506da15078fe8c3df1841f80fe1c46f1c4f7dc7cb,2,1,False,1,58,58/img_787.jpg
80b4d51943cf8a58bb2e5d758371cc1568a509916f867f32bd597b6dbcc68c4d,2,2,True,1,22 | 28,22/img_021.jpg
80e9249d54197c3071f5c7a867c48d805bcdcbe709510810b1af1a9cb259b80e,10,1,False,1,92,92/img_056.jpg
80f5378156424aebc20bfae30aea90f60d75cf5db4477e4daa35f35ae631bd53,10,1,False,1,14,14/img_033.jpg
8151b5f2b58182cd5445612e5d8d673f40c377bd49e95fd6e3399929ad87d781,10,1,False,1,215,215/img_081.jpg
8185937068c3cbecd48c1db0c24798e297e7fecf26059cd45939583fec5fb0aa,2,1,False,1,106,106/img_590.jpg
81870e36b9d5e422362547008fd8157aaeece880e564cec4cc9d0ba7ba6a8171,2,1,False,1,230,230/img_475.jpg
8190180cf9994ff66575f50d3a11e0cf3d8a459ee2507d55f67dac7ad3b08c06,2,2,True,1,22 | 28,22/img_030.jpg
81a7a011a35df1a76598ed071fb61d8226c893c4b6312468c4e063220406d206,2,1,False,1,241,241/img_126.jpg
81eb89a5cd7fdf96046cbb6ea13806a9b35d62daaa9e15bc03616a01e60140c8,10,1,False,1,29,29/img_095.jpg
81fd6689e66e481e369c5d7882cac748ee34e9643f602785266daf84287c5abd,10,1,False,1,134,134/img_035.jpg
8298ef726eae29455ff8929128bb88b2dff2a7d048aa0dad17cdd91d1a11830b,2,1,False,1,209,209/img_367.jpg
82a3054599bb0964c364b6857c8eee034ade553e0b19221aea219b804abf11c6,10,1,False,1,55,55/img_021.jpg
82efd9d8e29ec34066cc1a945e7bbc08356f5222e47b222746954a48b9c64c89,10,1,False,1,74,74/img_097.jpg
8304ec9e97b39a4659f012f0988b9df83c07afc7864d13cd6753310f0f2c3736,2,2,True,1,22 | 28,22/img_023.jpg
830b562c6a86fc1375c0c1d071a62b02ae219157de70533b42994baaf5c01eb7,2,1,False,1,55,55/img_440.jpg
8374b54f56375a8e96271e967e57e15a8428cc333610abf70addbd8dba53b710,10,1,False,1,191,191/img_065.jpg
83bd4485f2b01a267bb4b71fef1a551647f96883ccd604bced8e3c9f9797f681,10,1,False,1,35,35/img_016.jpg
846d8a23eec69e2f30ce924065af49e87cfa3fc5197f53f26878336137b31680,10,1,False,1,41,41/img_030.jpg
8481cff78f6fb9309c83a83e3d336929d6bce1bf4f8192b3d09002d6a02fdfb9,10,1,False,1,228,228/img_021.jpg
8493f8a9db4602e7e3536991288d8b941456c4d752a88d0bbb3a26edbf7b5fd0,2,1,False,1,10,10/img_234.jpg
851f5fdf8722162bfa742988027f94154d935c7fe6ae0df826eb5ee612acaf68,10,1,False,1,146,146/img_081.jpg
854092f3973e97b222f9ff013c9bff39997d5952a16d89c27289e2df3b92a3cc,10,1,False,1,58,58/img_023.jpg
854fb2fea3f20b3df9f2ef0f03f3751612d86c438ed9cf159415ad7f082169a2,10,1,False,1,64,64/img_009.jpg
85573bcd6086c397960a0b3fbf9252c795561ab41d6b7371e1d4e9b421b03ae7,10,1,False,1,132,132/img_032.jpg
857756ee757d9137b30a677754ceff7370e499f6e76834bac5fbddabdf4e3bfe,10,1,False,1,108,108/img_081.jpg
8596b9cec0d98be4e02a44353124652df32e51b571c0d9d03f61730519ecda8b,10,1,False,1,97,97/img_065.jpg
85a3c954e49f72710ec147d470a00a38d6def41b9e978010c3cca3f38861129b,2,1,False,1,94,94/img_355.jpg
85dba281a0b34001bb9b2a220d01f2864e43194f396f3829ce7b7185fe9576e3,10,1,False,1,108,108/img_082.jpg
860950f0ef05092736b56b62e8e1a1d5a83df08010ef442e563f3157e477001c,10,1,False,1,196,196/img_090.jpg
860bf98567d5ee59bb55ff2e75a82eba0a0409ac936ec57e6ebf7fd7966b38c0,2,2,True,1,22 | 28,22/img_051.jpg
8683037a8fe2369e5cbd565cc77f901f814778d2441567649e3da8da7182aa91,2,1,False,1,120,120/img_744.jpg
86ae4443e902becd3ed1fa4c2e5a7f9e9c4ea3663da4107aab8147e08a230091,10,1,False,1,173,173/img_096.jpg
86c6a71419b60c1bdae8a98575c5f66f272ab40bbe4eec9bc5c591a2fd468e7c,2,1,False,1,64,64/img_792.jpg
871dbd7ac124762e7bc12dfcea107a1259d94b9880ebafabb93c3304f5abe59a,10,1,False,1,212,212/img_004.jpg
872fa5b310fd14429945d41d94a95a68e7736bfd146e4bfaf9852bfa1760f198,2,2,True,1,22 | 24,22/img_072.jpg
877c89fb510bc68bbb747f05607b27f340d1ffaf9d5ae549ee3c1d02ca1b5a04,10,1,False,1,137,137/img_032.jpg
87b9f744b9bb8513c7c83088ed3d75f2812193be0ad48ca6e58d767161493601,10,1,False,1,125,125/img_074.jpg
87bf1b18a28dc336ab9b3b370034149696b7e521e67851871715291194b8cefb,10,1,False,1,247,247/img_084.jpg
8833dff712ef86ff0c9abeef1b23c43331e60c35b11ffaf0a7362ab890a125ca,10,1,False,1,3,3/img_028.jpg
883aa0f16682591d9ec113998546c51b47c8a0f27747ecb6ff5459cd0dc29525,2,1,False,1,232,232/img_818.jpg
88a55e07d70faaaddaf9b57de98f029a2e31c13e108c5908da5e0a6e0af46962,10,1,False,1,219,219/img_066.jpg
88c4286914fec6997a408f94cccf158435fec45a1ff9b180b29968042a5fc062,2,1,False,1,178,178/img_768.jpg
8900e6b597f218eddfe79d3aff9d43681aa39724ef5d1128786be007dd803bb8,10,1,False,1,126,126/img_069.jpg
8913955631ecec336d7fbb410154a72a6bd6c98009c925d361eaff8ca32dbd8b,10,1,False,1,209,209/img_029.jpg
894c14f032cf2e847d1e2fd429f91e355db01ae07092c77582b26a69166cadc7,10,1,False,1,12,12/img_037.jpg
89cd2e324ca1723a2fba5625209d5564fc71ac6220e7fad2d10e5376e246b716,10,1,False,1,212,212/img_097.jpg
8a2f3f5fc724ea64b8e4b5c6790b64fc19105314420752070e12cbccc55b2438,10,1,False,1,189,189/img_010.jpg
8a4507b1df112c9297333995ddc4bb4b7723a6dde57d5779674eb55839f36dff,10,1,False,1,200,200/img_031.jpg
8a7cf52a3f2dad20c54abe79402731d577f91eba65881d4f86acc67190193e68,10,1,False,1,242,242/img_011.jpg
8a7f6c94a88aeddc80979a90f3cad33e9bdea84548fc0d38a67bebb760c9dd2c,10,1,False,1,223,223/img_072.jpg
8b47195da0655731fd4bdd011b4633618255c2a54687657c55dbc4e8cb97de92,10,1,False,1,214,214/img_074.jpg
8b754abe5ab81a3c121bca6fde61039b355f83e3e06a2d6cc96754839b0498d7,10,1,False,1,93,93/img_074.jpg
8b76d0cfe8d830e5a9805d5022659e8639428ec8e800c072e42a450259d16874,10,1,False,1,167,167/img_090.jpg
8b7f5a77d66c01aa50e6a140a3fb1b1c7b0d4bdb432d3e61712873ce5998cdfa,10,1,False,1,202,202/img_028.jpg
8b8ac3740a2fbf66dd409a9eab4062cb6b66fda4da0fba58693d61dc1cc8dc2d,10,1,False,1,155,155/img_034.jpg
8bab5986595c32e40b8b026661fdfd6b3546b61dde0aa36a01d8d5e67a973637,10,1,False,1,47,47/img_040.jpg
8c4959b9853f28f19608d159adb48c5a4bc86da8c528498953e416fffc26778f,2,1,False,1,168,168/img_388.jpg
8c8c63977daa6d68bb24386b6a52ed5e493707f0546279b8062acf383493b6a9,10,1,False,1,97,97/img_068.jpg
8cee9804076993fbc8288e5c9470d133e95cc72c939a9d9f6c45ae002eeed83f,10,1,False,1,72,72/img_057.jpg
8cfe82ad8893a1e0d52e7fad8a8d86af169bcbc4c8b7e6704686300c4a46b21e,10,1,False,1,181,181/img_064.jpg
8d1b15bab80a8014bb74a21b10b690dd8869e3b67c78eaf9999ca3430f38413b,2,1,False,1,128,128/img_347.jpg
8d68dbda692551d167a31574598bccb12e477180b51fe9ac3e08cd5566d51a81,10,1,False,1,54,54/img_1035.jpg
8d70331f601085ea727a1ef42aa931b0ffed14624c07c39870299391df5fc52b,10,1,False,1,103,103/img_096.jpg
8e147a5718239c1b24bf12648b79851a6fa9793a2d72a0c4afed71f13df4362e,10,1,False,1,Background,Background/img_029.jpg
8ea2412c8eddb190bda84e1924b184a7c420a00fbea1d4c1d84028f9b5c7a009,10,1,False,1,2,2/img_029.jpg
8f2c1e53d70d78c47abe3f981b5c1a493bafd8519ea28cffdd8b740b0dad7349,10,1,False,1,202,202/img_031.jpg
8fadce410051d75cad78013dc9ac4bba415bce51e175f57a05739179872aef54,10,1,False,1,80,80/img_085.jpg
8fb2d3a4c1d4305cddc8ee6dcabe8fff8bdfef95c9de3361d6cf7a86b9da0860,10,1,False,1,159,159/img_033.jpg
8fb2d40ac0256a0840da69ed308429259dcfb3295dd424f3252857bd48f071de,10,1,False,1,81,81/img_084.jpg
8ff9a0bfe7306f321bf2b20c8c5498c74ee64788a1263c6cb759d134a05644bd,2,2,True,1,22 | 24,22/img_078.jpg
90870200d3c1d8720b00f5679b1ff905a675eb851e5fe6542b01fa924a00d65e,10,1,False,1,20,20/img_037.jpg
90e4fbddb3bc97e84069a07fddb8004a3c5732f4a096ed04658421d4f1626ecb,10,1,False,1,116,116/img_066.jpg
90ea6c35d67f8395e5a3af4e88b3fa2cf77f293bcf591063c97788030f519218,2,1,False,1,210,210/img_893.jpg
910a8661ca5ae159b8c678891466a9b19a34c89d4782cb72c192449bb66e7a02,10,1,False,1,203,203/img_031.jpg
914ebe44b372dfedf5fabb6354e11d8c86dadb9f69002866e9ec8f0e752f9182,10,1,False,1,13,13/img_021.jpg
9223ad1c5cda35e0f94be6f626133c117c1d6291889ae2d5776e9a798a71076e,10,1,False,1,154,154/img_033.jpg
9237e2a048ae317b0b7d877df42bed1eb47ae42584c7e65d3a33a1b919fdbafe,10,1,False,1,165,165/img_069.jpg
923bed3d8a55396fb9a833d19464c618b9a03b26b6ed61d7374e06e3ffc0a441,10,1,False,1,71,71/img_082.jpg
9273af3906be932996859bd81eedb01cf5c464647d53a4a3dc423a4ed04f3637,2,1,False,1,208,208/img_1029.jpg
92be2c94f8f2fff116c18b9fec562709f03837541f00233896821a560165b10e,10,1,False,1,246,246/img_076.jpg
92c04eb363ce78d0a3721bbbab32079e9e65c924d7062c6f442fba78e2d2680a,10,1,False,1,239,239/img_018.jpg
93929b60cc81360160fc5d7fb7980100f35040f7f411aead638681c7f8349476,10,1,False,1,50,50/img_103.jpg
9438d0bd06f1f10169387cf9c72fc2573423815e3e9895d186247e69ee7b4666,10,1,False,1,177,177/img_089.jpg
947481606310b4601f7e191d4941654d91309642645c1aaa2c5a2114dc762e64,10,1,False,1,18,18/img_033.jpg
947e85386df0fc750e131705c8be5fa9c4d1ccfb40b02eed14e3ba9acaa5dc42,10,1,False,1,54,54/img_1032.jpg
9488bfaf7ed626b420ffbca65367c8dd66b0260d5e3ebb6065c6fe5d45c71fe2,10,1,False,1,8,8/img_008.jpg
94b1ce4fcbde4c4a137f6feedf851f6e299e5a6c4330d16d3cc6004f34c95dbb,2,1,False,1,7,7/img_722.jpg
9526bc8ef00b8ad706e191945c1ba0a50c506bb4c64f93791d23ad48c30fa87a,2,2,True,1,22 | 24,22/img_061.jpg
9549bde5feb27cbcc214cd1dd555988f1196064800d9701b6ee16711a896763a,2,2,True,1,22 | 28,22/img_034.jpg
956f675a9cf855af44fbbec6b8a4053b125f2e2220377b8a2c250eba558f09c8,10,1,False,1,230,230/img_024.jpg
957103630923da2cd1e043a7e54655e0ae114cd6b1f0796dd28a48f387b82373,10,1,False,1,43,43/img_094.jpg
95800eedfcdd24254afe0ab72959bae36f3e36a79495a8eb1d08f9694e19a510,2,1,False,1,174,174/img_569.jpg
9582097f1c869bc15611de98e75c98f100865a262be250f851806c151f94dd8e,10,1,False,1,59,59/img_026.jpg
9594803ace4d7b314303b350886b7ac167caf257203e7a5e5519d7938babb9d1,2,1,False,1,246,246/img_347.jpg
95e53abe38b6665c46957cec60caf30ffb617f8b35a207014402d515f5569ea3,10,1,False,1,108,108/img_079.jpg
965339133b32f74b8e1efde39653bbb2d3161aa6fbfa767f9a5d0ab7bf7b9970,10,1,False,1,233,233/img_026.jpg
965b2085829d3f2460d3a8a500c72b282e1825e6fcb2aeb267c7ef628a7b92bc,10,1,False,1,35,35/img_017.jpg
96acdd36290273c3a9b54df2fb7a0e5c94207e39b267f081fa8422162f30ab37,10,1,False,1,127,127/img_085.jpg
96bbb827186ae0849d170d3002a85d3f817ef71ba680485a4269592601cebd1e,10,1,False,1,208,208/img_030.jpg
97069bb1b98ef32a99b55365d85558d159c62e6e05db5a79a71c89c053a5218c,10,1,False,1,94,94/img_079.jpg
9723cf9107ea003fba588208f324dc47aa1b3a8a1a13f9d75f94844ea751a81b,10,1,False,1,245,245/img_006.jpg
972f6808ec07e22934e4ef945f49784914eafc769bf21e5afbb9ea824b4dc85d,10,1,False,1,48,48/img_016.jpg
974b1fbfd92cba34a25fd2983064eb0ef632ab6e9434af846a3154e2b476f8c0,10,1,False,1,133,133/img_032.jpg
976b1f372e20990a0bdb2cf7a34a0d64b0c160b8d47b50ea80e322ec86971724,2,1,False,1,5,5/img_132.jpg
979d0d9461c45415ea52c203a7d9d1a4336dbcd2452e78d7257b6fefe93fa176,10,1,False,1,178,178/img_076.jpg
9801eb71ca626181aff07b0efd115bf89d79c62cfaeab81afbb3f6256652dab4,10,1,False,1,109,109/img_082.jpg
98ddc897eb374c987b8ffa924c6059122d6edeaf4720ed095685c91dfa618866,10,1,False,1,16,16/img_041.jpg
99079fce9f1aa6fcb627485197970e76f74b33938d6943893694c24e96f3d1ae,2,1,False,1,25,25/img_430.jpg
9921dd9d629df0219e287e73f4ddf03d55f68e3000644be2c35dd140acd3f55a,10,1,False,1,70,70/img_094.jpg
99a4c59e7c879fad06f683513d1bf74e082ac715a9ef57b5b9dc15954eec5aa4,2,1,False,1,18,18/img_688.jpg
99cac94261a6092fb57eafd9ff3c31a3d57cc7ccb99dc5ea4dba3ecda112eedb,10,1,False,1,157,157/img_034.jpg
9a37c54b33c5f987b39a67b1a6dcd22f9a03c1f0b38b71fb082934b2437f4d38,10,1,False,1,128,128/IMG_033.jpg
9a58f51de9b0557cc3200ec4dde6bb878e257282bb5b876ede1c0f83e466de2d,10,1,False,1,46,46/img_017.jpg
9a79684cfaed3d46323b9d40cc44e9074fb36dc40b4738bc0f9ce9b4a2865513,10,1,False,1,208,208/img_031.jpg
9a875cbb7fd0bc2fe1282b57e76aa569335a60b01598753191f5d9ddd81b694e,10,1,False,1,243,243/img_031.jpg
9b108fd85751154c70d0bd54b2769a23db3513b8f4a0888bc5ebce546215611c,10,1,False,1,137,137/img_034.jpg
9b4177a96ad718bcc0373630bacc7c8a46b163d858afb9fa78d0f279eab175ae,10,1,False,1,85,85/img_063.jpg
9b919a27a399a7dc243b78ab304edcf9702cc39d03bcfa042927a3791313c8f7,10,1,False,1,194,194/img_102.jpg
9bdbd22bf5515a82e013afcd309e7ed6cc19f4215693426e2ece7b4b89436661,10,1,False,1,135,135/img_034.jpg
9c78ff670da531b03710a263461813b5db7981397665eb576bb1da1461a979c5,10,1,False,1,13,13/img_022.jpg
9c7e3810de5c91865d0ad3254092bf07bb8e52375e7dc16598c21b182b3ae0e3,10,1,False,1,68,68/img_068.jpg
9cb90f1174ffc1b83424e4e1337c29f3602469d7ea94feab4c50349342dd6df0,10,1,False,1,75,75/img_074.jpg
9ccb685f6c8dd24a553996c0937d00bc9b995ba9a43e2404769b3608470f08bc,10,1,False,1,204,204/img_030.jpg
9d1faf0fd82c94f7048ddcdba9de8062952f3580436d3e2d362039f7cd20a646,10,1,False,1,23,23/img_034.jpg
9d3b3813f1d704120883168964c3d877676b85c902d604cd4bba3c850c5a393f,10,1,False,1,91,91/img_098.jpg
9de840a3dd980172149158744decf8a6cee0b4a303f48af567cefca089416991,2,1,False,1,40,40/img_145.jpg
9df2f2c43ce51a08320b02c5b3103c280db7a18bbf13b6326963fb9893fd175a,10,1,False,1,205,205/img_031.jpg
9e1e3826b3aaa4012c0b5b6260f02c4f203eaf2020661556b72cf9dfed19cf56,10,1,False,1,224,224/img_068.jpg
9eebc46706cae89e1055f25f973adcafa750dccf9a53a4464fa8ca9c227163cd,10,1,False,1,73,73/img_083.jpg
9f3916f00f8a9cfa5cfd7a1f8dff16d6d1df711912c95749e2c1df952b6c680c,10,1,False,1,242,242/img_013.jpg
9f8825ea99acf750b90db7f11d64efee32625c60a34aed1a8add9e3f9625df03,10,1,False,1,42,42/img_008.jpg
9f8c17ec8be8df979cb6fd05f3790d49d85b8806a73dc765b0c008a56038fc9f,2,1,False,1,118,118/img_185.jpg
9f8cbc601e05902bae8333e19377ff4adaa52cc3024721ad3f86054134948b31,10,1,False,1,33,33/img_009.jpg
9f9131488e06c5ac2adee203b81b9d6321c9713dbe515e6e99feae60cab2a46a,10,1,False,1,131,131/img_033.jpg
9fae1524931e9677f8a95f7b7db808cf44ed6107f51a50fc610bbf80d2e41bbd,10,1,False,1,64,64/img_010.jpg
9fbb3d66940da551455cb3fea13bebe8d4e5825fa007e7449eec22ad36b3888f,2,1,False,1,50,50/img_285.jpg
9fbd8ec546767a5df8b3decb0da4e7ebdb59f054a2032fd05a73efceba5fbf28,2,1,False,1,136,136/img_887.jpg
9ff33bfaa59f007756ddc1d2cfe06b146459b880805a3c9371d3ebf8f4ee0e71,10,1,False,1,19,19/img_041.jpg
a0be855cefe1886fc23d3dd872e5e098dcdb2d093b242058e3debfb5e3f7d6a9,10,1,False,1,89,89/img_090.jpg
a10e8d31b3037cd169017c113149cee215456a24273ccf3632c751628347704d,2,1,False,1,169,169/img_070.jpg
a117e1a1fb1a68393840fc5baf381f2af18d510e59d9277d714204cca9ad7872,10,1,False,1,17,17/img_031.jpg
a17c907e5957cb783fc2d09e3c0301634bb855be3dee2de4c0e6d5b2c5ecda9b,10,1,False,1,168,168/img_083.jpg
a1fd19579dbb2029d55304c00e0ed72ef6bbfcb0e2dd8b1e9ece601a3bfd4b84,10,1,False,1,119,119/img_070.jpg
a2006a0b083a7c3de32c0fc91f851cfd87b7376d1d74680acb330f174045f81b,10,1,False,1,186,186/img_077.jpg
a25ffb5b2e28e1eb3644ffc3b18e8e014aca491ff07448bc9c432a7fe1fc475d,10,1,False,1,83,83/img_073.jpg
a28811b37e46f54505d2e184ffdfacffd8d306118427e48cd83725a6b69c2c02,10,1,False,1,158,158/img_032.jpg
a3088329f2cff437d44c9c97d85734075949460dd9481bdf6638edadbbeef1d9,10,1,False,1,129,129/img_032.jpg
a3f20c3004d9b3a2d1fdb6356400a0ef92477a128e9feb76e34d5dee98bccc7f,2,1,False,1,118,118/img_373.jpg
a3f4be048fc534cc13605f74933cd4c8b45a4eb0801df980efa7982f216cbfac,10,1,False,1,87,87/img_098.jpg
a3f57ba3c1d841cede4c2c810154aa23d7d2be9f863805a2f8f333931425c8ef,10,1,False,1,98,98/img_093.jpg
a400c2b081489ebad27e206b8a5cdcc305fc08a46b4e4f4903a23d37e5e0ee40,2,2,True,1,22 | 28,22/img_041.jpg
a403d5a8cf1e7f3a033317fcd94c26c72df0f8f534ab06b288c72a87656d5720,10,1,False,1,213,213/img_078.jpg
a42ef3a6e60fd1bead3b646c53e87e66d7259f55b43646f86bf4c6f51fec56ea,10,1,False,1,31,31/img_074.jpg
a45d7e32f37f81b4ef621d485d6913a8a2777b8ef215a16d391187640fa0a944,10,1,False,1,135,135/img_033.jpg
a491d0354cce1fe57e5881fb4bab054e610bc8466cdda5ba25f0d5536cb714d5,2,1,False,1,142,142/img_060.jpg
a4a9775fc4c07ef39ed1019a819409384e678c111751f6031fc998370840f166,2,1,False,1,171,171/img_190.jpg
a4c9a6001b8be0286f64de3e9d7e04991410cfc001b755d35ff42cbd8b0bc2c9,10,1,False,1,66,66/img_1026.jpg
a58ccd9d2b29e7bc1864f12d2866cd622966b91075259fe44a6b575743761647,2,1,False,1,166,166/img_485.jpg
a5da25921dc13fe8393bf3b0fa2d4f34b82991d19dd15b665caab13a7231a1d1,10,1,False,1,119,119/img_068.jpg
a5fbc76a2c8786487e9a79b3148bcafe83485c42c583fdc72f43ad4e31720e44,10,1,False,1,186,186/img_081.jpg
a61a0beb8e48aae66fac73e0b8f07eb9810bcd22b7f5b688f29635e7376d07a2,10,1,False,1,182,182/img_057.jpg
a66a73e5a47fab467397e41e760158f510cc0caa90f3ce06ecc362d079eab31f,2,1,False,1,38,38/img_698.jpg
a6a2e7e9dddc813ad52a96eb677adba61132a6534fa41aa92b1f372da6987178,10,1,False,1,102,102/img_101.jpg
a6e40b296ab010bcf7af1c0ee3792f817c97af1883524894f7f744cd834658e0,10,1,False,1,178,178/img_078.jpg
a70ee8e10c2c7fa2f7f4cbcc629c49470f4e8ec5f6fe4ae13eaaae267eb9fd51,10,1,False,1,174,174/img_076.jpg
a751ac8c81904b130a0cbfa120a8a80d2383b98def47500448860828814ec40a,10,1,False,1,203,203/img_029.jpg
a757db94fdf279baccd0cceca312c4c491d7cd8b3cc1c8106f6b1a8575cca291,10,1,False,1,233,233/img_028.jpg
a7c42f62d7448398e2afd5ffce5f91ee659b6207cee6ab70fc89e4c4bf185f83,10,1,False,1,104,104/img_089.jpg
a804c6ce9ca52b8d9daa7f806220742f62cdd09d7d4c02d72c969500ed1d9935,2,1,False,1,169,169/img_116.jpg
a81f00dc994e0535cf1e21d90fda7e03813985ca2fbb340e0bea48cfea73d0c2,2,1,False,1,99,99/img_804.jpg
a848631ac5a24f340361ed9444a4d739fb3b11b560bcf735e542ef1253842fc4,10,1,False,1,238,238/img_021.jpg
a87b7cc27978685d9e7dac4fc870c63fd984b8ec57bb1428423e70e229d96af6,10,1,False,1,88,88/img_067.jpg
a899f56e4094ae284971c26e203d711a9b54ca95f8d2e4e682b9688b87403eba,10,1,False,1,129,129/img_034.jpg
a8db21a58ca46365f64cb36eee4bf076c97fae7acfcb7f8eb017e6ef7ce2b297,2,2,True,1,22 | 24,22/img_079.jpg
a8ef2572db382cf0592cff540a64750ea2c827582c57063e1d3cc111ca1b8730,10,1,False,1,114,114/img_064.jpg
a91aa3788f2a8736071d14514d28dcafdbdd78bbd29330a184d72dda3c4b507a,10,1,False,1,21,21/img_032.jpg
a921be4b27e8c6eba2c98afbbac7cd2f9a73fc726b136947f6232922ced97356,10,1,False,1,68,68/img_067.jpg
a93167ae85dbfe7ae0643b9b5c091e2ed0e9c5c24b801150e3611d89131c3560,10,1,False,1,67,67/img_084.jpg
a93db119235e71b707496f4b1c037b03ed5c337601bf005322dffd51e89dbfe9,10,1,False,1,130,130/img_028.jpg
a99b0ba681aaba7bd172adbd1f705a5dcc53390e805632bf08fbb6cd8d1bebd8,10,1,False,1,145,145/img_079.jpg
a99b35b0828896bd0a2374c6d6cb2542742f9b967cc91383557737e14629ef0d,10,1,False,1,68,68/img_069.jpg
aa64dd6f8be0ea5719fae7cc3099bdb6a1cfd4c5dcc3b1c16aed2a03de1190c0,2,2,True,1,22 | 24,22/img_057.jpg
aa78d3980a6ca0e4930266eb02f86d69d38e665fbd26a3a06b6eb5b58932f0e6,2,1,False,1,4,4/img_633.jpg
aa9a4b1ad846f05cd743e2bf9b69d79df6827db553d337cefb498cc162f43f2a,10,1,False,1,95,95/img_015.jpg
ab14635a47db371e0f171bbaf93890627011d69a5d25ed0f5a726f0ad500a03d,10,1,False,1,201,201/img_030.jpg
ab2aa9f520473f829c2df4d153c5bc7b7c5494547479ba53c09086e6f937bc44,10,1,False,1,7,7/img_044.jpg
ab301e91a5bb8af0952656ae05865e154f00c01f75050935addfae310bf35090,10,1,False,1,99,99/img_070.jpg
abddbde63896b4c033557ab391bc5d7747a741b2a4dc3afff44957083018cba4,10,1,False,1,162,162/img_033.jpg
abe46a6485a4216829ff79e42d4d3fac38fece4771a4be5ac064e386450c4b69,10,1,False,1,12,12/img_033.jpg
ac17fcec606ee9b529febed61681489cd6661cd26259097ceb2d3f8e23d758c0,2,2,True,1,22 | 28,22/img_035.jpg
ac2e38c39c0831a6497982bd246e44b327ce5ecfa4486f1f9bad850aa666170c,10,1,False,1,150,150/img_066.jpg
aca54600142beb6e45a43bfdca745a630de9dad136bf701f0adc991ee6ae76b7,10,1,False,1,217,217/img_061.jpg
acae3ebc802579b116b9d1f71e0e8f99d2a9901a337619bc5fdba98e9681b8a1,10,1,False,1,220,220/img_094.jpg
accf07b7611e786e951da4c8bc256655936d254485ded63c0ae564785636c4b5,10,1,False,1,52,52/img_094.jpg
acfd8dd60052900a6af5f40ced986540e68eb461f4674f4ae2e1617bf8ebcbc1,10,1,False,1,98,98/img_090.jpg
ad007019f3028bffa58da6e16a5ba1d617d63a1e7a3a81e343b6fb5bd1d5f41d,10,1,False,1,87,87/img_101.jpg
ad630a39fb689c533c3e8082ce112210160df70c32b4911df92f4f70b02ac08f,10,1,False,1,143,143/img_079.jpg
adeba40752d2ab842cf2336240d06e43bf2edceda23bdfda18d6bc5409526250,10,1,False,1,48,48/img_017.jpg
ae049527deaabbcf9118689cbf027d65ae128d3178b36117e49f4777ad4528a9,2,1,False,1,30,30/img_765.jpg
ae7617d4539b1698a22e8d8c03bb551ae87cf8916a847f4ccb43d998aea86083,10,1,False,1,239,239/img_015.jpg
aefb3406dec06d1f1f0ea63e45f0ca0f2945a225323c1fd7a6173453cdcc7582,2,1,False,1,223,223/img_206-feaBpP.jpg
aefc00d1f26dc452d2a7bf6e6dd5f3de9b842f3e95497498ffabd9df7261f1be,10,1,False,1,155,155/img_031.jpg
af3f8e8e0f32deac472917a81683538fe60b6869ce62f70b3651f95b5985acf0,10,1,False,1,247,247/img_085.jpg
af50ab0d937eba0b153cd3e18c7e2d6ae7c127fb6bd3524cce197f918f97ccad,10,1,False,1,75,75/img_073.jpg
af8d898316853c6e57ce0d2375be9debcf86b4db14ef9343edd073b615416de1,10,1,False,1,158,158/img_030.jpg
af8e616ad69fad7ee10a4f671347a75883b21afc5699a7fe70f7eefbca8f3d52,10,1,False,1,202,202/img_030.jpg
afb5c28791bf9c0b499ca569f15408aabbe3aba64aad0f281a7cf4ab97718f83,2,1,False,1,69,69/img_055.jpg
b059e99d0683d2838e1f5a74ec937d86ec137d5edc10de29339ecde52890addc,10,1,False,1,63,63/img_093.jpg
b07b69febb8f837bb68586869a0d06187c82936f3334cba0eb34a8b6315690a8,2,1,False,1,Background,Background/img_179.jpg
b0943b311b74fa2046b62bb04bca8e8aeef716844a9b145b91980003d28bfc93,2,1,False,1,16,16/img_601.jpg
b0c1d043cd95f04c38fa8f6e0a066eab102d7f1ea2ed31fda1cb8118c864c9a5,10,1,False,1,39,39/img_009.jpg
b0f2e7836fe796fc7586c4a37d63bc97e458beb7b473c81b6c73ed44761c458f,10,1,False,1,64,64/img_011.jpg
b12f210f3a7e8af1df3b0d5b038194f6d35c3a6428f11d99d6e8ceadbc895ba0,10,1,False,1,192,192/img_070.jpg
b13dbdc542a6a46a92027697b1634378960b235ab32ef43982f830d58205c845,2,1,False,1,6,6/img_078.jpg
b143463590cc179a30b1c02db7f097c3789fa34c01797ffd7ffbf8124cc25b7a,10,1,False,1,205,205/img_029.jpg
b164ad4787f09b043cdd350781a49c3b3665a0c8ae0a6636e9a1e639ed144dd1,10,1,False,1,227,227/img_034.jpg
b20676f9895d124d86bf98cdfc687401f0fa49c66b76fd8707320a5b23f0f6e3,10,1,False,1,167,167/img_089.jpg
b20d4abc3d3b5f1d0cbf34f39866d5e4f24241dc8bd15ab3dfb746e010b888e6,10,1,False,1,125,125/img_075.jpg
b2102ce5b91692399861956b4c8f33bcca288d786f2ac338bcee62536ec6d63a,10,1,False,1,227,227/img_032.jpg
b219383107c5093965f883d31bac7f76322daf2ba4573cd68dba3a1b8d5ed93b,2,1,False,1,67,67/img_853.jpg
b22c1a18cf5fe544b41454212f3df9e79adf01490bff99d08411ac4b782016ec,2,1,False,1,180,180/img_165.jpg
b24ba3a2a391b7b57794d18cdd71881392043d5be3541ae34b706a5caf74a50a,10,1,False,1,231,231/img_031.jpg
b26eb60bdee4b57a74b6bbccd47da2344268bde527c032e9cec0d4c6c95a9b54,10,1,False,1,42,42/img_009.jpg
b3204b0ee511ecf4ca41def9ee3395fc23f289124475ab7a6e261ed628ad7fb6,10,1,False,1,109,109/img_083.jpg
b33aa7bf573b34dba4adbf7e6229ca77b0ff4ca43f93254e54171e65d1fd299c,2,1,False,1,245,245/img_515.jpg
b35fbd65ce83a9f665545f1afade1cc454eb337be5e902f22dd5e988f7c5d021,10,1,False,1,31,31/img_073.jpg
b373b48a5c4d6eab707a93a20dd6bf8e3993decfd706c652abbde35a1850e69c,2,1,False,1,131,131/img_590.jpg
b389dc8a6eda5ac703c8774a2dab76101bac4e1b05e55633949e2054bfe71460,2,2,True,1,22 | 24,22/img_064.jpg
b3d0300e1df0d8c2f0ead406d82fa86c9c1642ccbf07424e80c3e6fa72ddd20f,10,1,False,1,6,6/img_095.jpg
b405ba06bce2bf5d6bbcc78922590fc49c6b880c6b3cf206afc0bdaed4a1599e,10,1,False,1,26,26/img_009.jpg
b458dfc6d635a8d9c6eb82d6e0f832616a52f6fee464bb0b08e904a7c07c4be3,10,1,False,1,173,173/img_094.jpg
b4bf54a1217f4cae3e04d4cc8a3b9ca7acbd51f9d4addd78ff914dcd88c6d289,10,1,False,1,159,159/img_031.jpg
b591398005b2bf70e06458272bae058c00742cf6f87ad997a078c989bc536e20,10,1,False,1,36,36/img_020.jpg
b5992a5d958ce3f35f882ddcb5ccb2f360d2fe9ec6179235c5933867360ac453,10,1,False,1,5,5/img_012.jpg
b5adc47bfcd48e089301be8eac8a936c0db197642c54ae3212671e1d7e87fd0b,10,1,False,1,1,1/img_032.jpg
b5af1c503cb9bfc99db70566e34271d9d420eaa0f42a3a18b99875446256da2b,2,1,False,1,201,201/img_067.jpg
b5c8363b976555d3c20ef26f718b5ee6ed25952c6ad0bf1a3864f75babd81fb8,10,1,False,1,215,215/img_080.jpg
b6497b16d71de0ffe913e467c3b7b9d1816a0b96da51aca6a0c388591f8604b6,10,1,False,1,113,113/img_062.jpg
b6b58e52d4d857fb4756b0bf18b86698ded49b63991470a9155fb85ff4118aef,10,1,False,1,232,232/img_037.jpg
b6e75cf44c731d89a3b2ec41beb89b9ae7b43b3e1909063e404eff0a3316a3cf,10,1,False,1,89,89/img_091.jpg
b6fda86d66c4ce5c707c58da4473f1df58cd2807c07da090504985b612c682bf,10,1,False,1,101,101/img_083.jpg
b7849a8cd4c4f3b8ea36347497b403dd238296169eab9357d38bcbe7e9c16bb2,10,1,False,1,90,90/img_082.jpg
b7d5dff36d7fa7500e434996e912aeb9cb9616676e39bbad9f9bc47e0ff57280,10,1,False,1,180,180/img_063.jpg
b7f116a1b050a6d1a36bf588da4035d429bb1a11e2621969c7b1d0b7b16725df,10,1,False,1,138,138/img_035.jpg
b80f742d0ef59b1e40a9a890fcea0fe13b3bfb47a255eb7436ac02b6da335583,10,1,False,1,244,244/img_020.jpg
b83c16170d801abfe19ecb1b7daf4762d5b7a5bedc3b4fa43cb5799ce3269d64,2,2,True,1,22 | 28,22/img_042.jpg
b843ade7f3ff6da871bb43bf099a3a24475f160d24c2339ede82fc765412d5a7,10,1,False,1,161,161/img_033.jpg
b846399f4c95477843b9deec4a21b4f19962d9c761a714386096d39cd49454de,10,1,False,1,163,163/img_033.jpg
b85b69daf1f35f9fe45977ec286b407ccc87b26d17a953ef7e578b20992314c4,10,1,False,1,153,153/img_032.jpg
b8623952f7874f78fce0d9f95edb0c853f1598d88cce628cde32688cf888b9f2,10,1,False,1,114,114/img_065.jpg
b89db82ebb63d81c53502b2d9b49c002bac7c58fea150963efc2fdf09a9ebed9,2,1,False,1,21,21/img_481.jpg
b8dd506c85669e5183731107a5ae484ca0c759fe8b5bad104fbccb9621a20f8a,10,1,False,1,19,19/img_040.jpg
b8eee9fc38a0c081a5fe92856374dc1a46f45f2835b19f5dee4ac8af9f2a5f1a,2,1,False,1,56,56/img_038.jpg
b8ffbd2f2e6b8510df444bd5bf06de54d1b0efa0dabf6c92788ef4581ce698b9,10,1,False,1,233,233/img_024.jpg
b91df4f26fa715fa1be6b00010b9823fb3a580821bc0fe05fcecbd55004078e1,10,1,False,1,183,183/img_063.jpg
b93038fb7de365f8a75228b9f3c1a90ad7a940a97f4981373b42cc2419980f36,10,1,False,1,196,196/img_087.jpg
b9363539d07e9aca67e40ab2233dbfdae9055844ce747d864c884efc35d0c78a,10,1,False,1,162,162/img_035.jpg
b93de81cc61b1e23b23baf3bedbafc8cb7bac1059d9d16e2e05983de19f42648,10,1,False,1,238,238/img_020.jpg
b9680b3fee40a7d5586034ed3aaf458c647447845d27e56d894d057cae1e1b50,10,1,False,1,83,83/img_075.jpg
b9802745fadd93d3122677a7e1817d0f7566e82619b36171d979b6b744cb9392,10,1,False,1,69,69/img_062.jpg
b9c9d120c54025139cb589c97c8e50998d8055dc1bd29afc53a3c20b2120bb0d,10,1,False,1,199,199/img_091.jpg
b9dbbe9297bce98b179cd529d789ea698db50c13991ec4f72988e5b49ccc5023,10,1,False,1,228,228/img_022.jpg
ba13269bb585df6b6f380fe48c55c2cf7ccd417211889e51b9dc61c1ad5307c3,2,1,False,1,46,46/img_380.jpg
baa2a16ec26704cfa9a8c2c9acd7549c982ce0436e209551a148a04c29b3fb6f,2,1,False,1,100,100/img_819.jpg
bb053b79c02224ee33cdc200456a5a163af470e61c3202bc44c38308945266ff,10,1,False,1,229,229/img_1027.jpg
bb9cab517717fab025eae2e0290ba800618ecadf502c29952f6fd65d6dcaae48,2,1,False,1,129,129/img_571.jpg
bbbb0e2211bd7e9b9ed8c59fc6893e76ed5c7a8ac3632210f4d32e6fcd76dfb5,10,1,False,1,9,9/img_024.jpg
bbd48934c67fcf03fc08f5d74647e83fc0d97afa29981207adfca7fe7f204e5c,10,1,False,1,134,134/img_033.jpg
bc415718929918df8264677304e4cba6e61f84e300602e426ecd2e7eac1472cd,10,1,False,1,94,94/img_077.jpg
bca239d8bcd9ef81310c1a5387824e7b55b5c4acf395acc84cbbad12459ec0fb,10,1,False,1,210,210/img_030.jpg
bce079793b4ce3767ff4ebd607e4ae73c7147d9f1267ed3d32fb5fc895cae81c,10,1,False,1,156,156/img_033.jpg
bd0bb4c03c5e9c3b6cbcea8c5eb90f4b9c83d9fe6f6ac1d7d74c5915a7061972,10,1,False,1,113,113/img_065.jpg
bd10e63bb4c07890a83290523c7f24afef98ba8abb56c60db3e5667ff0b68deb,10,1,False,1,87,87/img_100.jpg
bd2dc580631cd26d4296556dedd5b5f952e88412b38873a8983ef1934f8d2a92,2,1,False,1,206,206/img_659.jpg
bde3ef5deb80ecfbefbe6fac1b0bd4a4c07ce9d3af9834f0bf394cfdc2b47c32,2,1,False,1,19,19/img_726.jpg
bdf3e80aa055f6889a44c4fd34e6033e935593f19a70dd6e780146139c46e455,10,1,False,1,53,53/img_033.jpg
be0acd29aeb06a884d3eede30db5f007ede1e30cc9b05e54fe012a4ab4160b7b,10,1,False,1,142,142/img_049.jpg
be2a50edd24962034b78103e3691e9ae070c6c546e9566f10f1fd9be8574dcdf,10,1,False,1,171,171/img_052.jpg
be2f7196fbefa1a18c11858cbf5f9da1b3f2f43cf0cdf788242cbab43ee4d3ce,2,1,False,1,141,141/img_254.jpg
be3506ab80c194162c860bc1014e64e62bba8a5ce6555a3bd482d4fd6f477817,10,1,False,1,191,191/img_064.jpg
be47476f987a7efc37e76334dd2a511ac336b839e8f51abb0a3046175b405992,10,1,False,1,2,2/img_031.jpg
be640f8e847cee3112f54d3ac65a12f906d0cb8e167dbe3df9a5a353a97f3369,10,1,False,1,139,139/img_032.jpg
beefcf0e9c1fe2d7c39177a7eb15a2d0e14b68406c84e8ff50ece5814692cdae,10,1,False,1,60,60/img_015.jpg
bf0be1308647b62b59b86be9e8835ac6b10e3b1bdb061528cd52c0858e5a50c7,10,1,False,1,139,139/img_035.jpg
bf36e329ebe3f7c0c309cb8a8e1252b4ecef3f219941ad0e7c94656d675eee65,2,1,False,1,146,146/img_830.jpg
bf4f6614e3a95486860b8559be961bcd79c3be81ad554c30a9f7ba3331a4f7f6,2,1,False,1,208,208/img_174.jpg
bf6cabf15e0268a5fa297ea9c72e41f9408f15e87c734860f0ee4fa1a665b2c7,10,1,False,1,176,176/img_058.jpg
bf6e4fa75ddd194e33ea4e1ebc3eef4b7712819a60dd6e726973529e35aef047,2,1,False,1,182,182/img_227.jpg
bf85ffa19257e5d8f5471cf00b5b6de2c98d019d7311e3ba42107e29919fcff0,10,1,False,1,145,145/img_078.jpg
bfd476fb08c3de21a1725785741d1af5b2fc30f09cb11873e91c66681bf116b0,10,1,False,1,79,79/img_078.jpg
bfd696dcea1fdfce8d1c05a783b7c4422b27f6799b031a6ba1fb4c1597959def,10,1,False,1,166,166/img_068.jpg
bfdc03e002282878570be3b0971914329dbf2e564d5759e35e8ac02e605649e2,10,1,False,1,56,56/img_1039.jpg
bfe1f97d27934aa6c7480cffac6ea2fcec136c42af3d5f5a24c475eb45b06d1c,2,1,False,1,136,136/img_734.jpg
c08592368da44b0e7c4d6e94ea8e545e38b9ac9560030f119e4fe9e2db9edd25,2,1,False,1,186,186/img_603.jpg
c0b34970e3345b68e0372a7da0b0ea5563b6c93aeeeb1e24a566e57aa39185f2,10,1,False,1,7,7/img_046.jpg
c0c5815063cb5d6182b22b2d6dac85ad7aec19873c369ae7dfe58c0ee03a0b9e,10,1,False,1,34,34/img_018.jpg
c14f1beea262ab7023f05deed17bc185af0c94d693b8d039244c58e37458e2a9,10,1,False,1,62,62/img_098.jpg
c17c867c89950cd8ebcc1b9e6efc66d7106962cbb989a9778d73cadd9c0cc199,10,1,False,1,232,232/img_035.jpg
c198d67427071ac47d65b110df88f711eec31917db539211ead98ac68bd37b95,10,1,False,1,242,242/img_012.jpg
c1aba03f90df3fc8ff93afd0f56e5e9b62b2097cb469942392bbc16c80091b1c,2,1,False,1,43,43/img_336.jpg
c1b4e530c03681b591cf4c3a4e6ca57202e34d753a7e08bea98b9c269a21a592,10,1,False,1,218,218/img_071.jpg
c1bd2a6e3cdbf3ea00f5556ffc8cc63ccc681bbe813d18ed601229b375bd4311,10,1,False,1,42,42/img_006.jpg
c243d2e6758ee78ecfaa255a53d5a03fc442642eb5913eafe85ba77150f4a894,2,1,False,1,150,150/img_501.jpg
c252916b77daaaa2f7ff7458fdc52e3b5e1c35b1e1ed5912e7991a262ca08ecd,10,1,False,1,167,167/img_088.jpg
c2770e3183238c2f46733ce93cd26d359bbca90495032898a197e3215bedf135,2,2,True,1,22 | 28,22/img_020.jpg
c2ffcb08d7f8f408247f1a27ddf309d8d1048901f0c2bb22af359b00a86d0d7e,2,1,False,1,8,8/img_657.jpg
c309c10c5a4f938123d97d4a52afa8ec99b8988ec84cf8bd1ace4c7b90ac106a,9,1,False,1,6,6/img_096.jpg
c30f1adbbaa2ad1845cb764ad5203ce74a7165649d689edda6c3cd858e30361d,10,1,False,1,65,65/img_008.jpg
c33550e0afacf06b0ef8d134254b134b1b756c3d21a672ea5f7f881adff732f5,10,1,False,1,234,234/img_017.jpg
c3370cdb7c17b66c184c17442d7cdfe40fe384a9bf181b5e1d44a681a8869e32,10,1,False,1,234,234/img_016.jpg
c377d154c910916b3885ef61c475766ad5c35ec2fa67a80a82e5a0846981e877,2,1,False,1,94,94/img_638.jpg
c37d48bd1aef9491723f2ea9c9f5f39b947bfa93d4264f8f3872e8dbcccf4b08,10,1,False,1,106,106/img_074.jpg
c39869a7d8ee126eac63636ee60b6e17ceb45a88096562bac8c2d5fae811cb6a,10,1,False,1,154,154/img_032.jpg
c3996d64432bb9886cc46612deabf58641d35009e55e457e7d178b7190025768,10,1,False,1,57,57/img_012.jpg
c3b7e9ada5269001d89d72f0e69189778efe7d16554b5e1a0f5e82b2c2caade1,10,1,False,1,105,105/img_083.jpg
c3de8d9287dbaff7d0b89a13dabf804d527eacecffc9fea1dcb8f975a1307c4d,10,1,False,1,239,239/img_016.jpg
c3ffe18d051c982a328a7bf84ffe83897de5cf455168a516513dc488640cc655,10,1,False,1,161,161/img_032.jpg
c41a5ded85a77cce6d538759ae2157ce9b987e18d582d14ddd2336c019013626,10,1,False,1,82,82/img_008.jpg
c41c9011c599bcf621a91264eb250d5a78b4b3efdda3c951a1e4df009afc1b5e,2,1,False,1,218,218/img_745.jpg
c421be7ce903f77dc7a5e68e9d1feb79b6ec362918ea096f415880780ddaa0d7,10,1,False,1,152,152/img_031.jpg
c4339ccf2a56e543031f2723d1d3492d3e85b32f1ee4a86895bffe2436a48e58,10,1,False,1,46,46/img_019.jpg
c458d352a4c639d4717b3f648ecef88c524e7fa5cf47cc100d1682fb82f3ab45,10,1,False,1,88,88/img_068.jpg
c4a9b6f318b7ca902c387fdb169a0193aab4922c5a8fd6e88c7bd478edb1d979,10,1,False,1,45,45/img_019.jpg
c4ca71015768315b61dc084a79a2889f726d6a8f335985b2c5b89b2d84f5a708,10,1,False,1,117,117/img_1027.jpg
c4de3bb42d63295d4fca7bdd87a32931cf217b35631dc17657233946f2636bdc,2,1,False,1,230,230/img_325.jpg
c56ecda6483452313583bde0f60137cc8b4ca3ab4b4c0453182542846e2a4489,10,1,False,1,111,111/img_073.jpg
c5781b6350bff3351f6dcecb176443f75dcf1237be0c43e3dd60494e6438f7e5,10,1,False,1,155,155/img_033.jpg
c592f8afc2f3c39a17c2dcd1cb4c2ce8d53e35d922808bb20b5fa9eef8d270f1,10,1,False,1,57,57/img_013.jpg
c5f2270496eb15a7f16d155c7aca650ff2fa307b61aa991b763cb7e02dc297bf,2,2,True,1,22 | 28,22/img_018.jpg
c5f750d13967957fe6651b4c7633619387ebf5e83113dd5a0d4a1092b94dfb90,2,2,True,1,22 | 28,22/img_054.jpg
c61abf63a2183fe855d52c0e339946fd4a359fb115c07eecc4d1d59a2a98bc98,10,1,False,1,48,48/img_013.jpg
c698db85346d8118cb1d25a119317c033c2efa82f149445301236dc6740afcaa,2,1,False,1,193,193/img_731.jpg
c6b30217a61dd7b122eae2b8fc5b66ad794a3ebfa42ff1fe8cc303000efc3ab9,10,1,False,1,104,104/img_090.jpg
c6b7fa47543900180f1667f4a1abc406c49bb82c92bd42188c8bc226aee44d2f,10,1,False,1,213,213/img_079.jpg
c6e1d674429fbef0c004d3bde458b1c06fe4dd7501eb55f395f9cde5e605bf0a,10,1,False,1,195,195/img_017.jpg
c72993a35f2e98e8ab193438e3dc8b9ab425bd740b718feb020485e5e82abf3a,2,1,False,1,174,174/img_487.jpg
c72fabe14d58195feaa7f8e5bbe5cff19db745175c4d28ad7f049fa310c4973a,10,1,False,1,155,155/img_032.jpg
c767852d104f39c70cc30b02a14fb1d17bf114fbb57bf87ad61ba850442b646d,10,1,False,1,75,75/img_072.jpg
c77e321e45c2882c8e4670c5e1d3bea1cbf5abf74e6a90a74d5fdbabc3ef4483,2,1,False,1,113,113/img_498.jpg
c78c385af93d5e0cd6cd2fbce4435c7ce6974de871fcfc637c20276d95c7baa1,10,1,False,1,54,54/img_1033.jpg
c78de6b51758276206781d3a8129ed7bf920ed9c7dcd53ed4257c341b25dd3be,10,1,False,1,236,236/img_026.jpg
c7e2a97dac1e839c3fdbfbb4850b490e2b8db9a9d8a793295333fe5cebf563de,10,1,False,1,169,169/img_072.jpg
c833bd7b777d00dac0a614bb07c307249d6ef436a74ee54ad711bf06a8b99306,10,1,False,1,58,58/img_021.jpg
c856aa9f172b52dbf60c483b34e899ce64c3632429d6c2fb791ab7d4ac765151,10,1,False,1,27,27/img_020.jpg
c86109fd5c707add5f6762e229662c0c136907d1022c84031e171f846193ebfe,10,1,False,1,174,174/img_077.jpg
c8a7f7167a4d5832105b2181c2e063c01e0161fbcd1f652392e8c3a06c5ab3c5,10,1,False,1,38,38/img_026.jpg
c8ecc2d087034552c08be60103f3c3a6448013e5a9f01ba055d2a5805e2b5f60,10,1,False,1,178,178/img_079.jpg
c8fc2ff3a90a3b7c9f638ec5a79e644c785c10d21f6b10c46e07e747fc8bb69f,10,1,False,1,119,119/img_072.jpg
c9134af67d3aa1cd9e999509d3a5d2623d6c7da02d104589d7d5fd63a3c50b34,10,1,False,1,23,23/img_035.jpg
c9d2313519c424c2b44aa55b94ae9e319a7c169cff2d51a07a1e546e5623a9b7,2,1,False,1,238,238/img_463.jpg
ca4791edbae4adf386ab4532fe45fc37fd2c380d8e9f94200dff8334e8d8ae8b,10,1,False,1,194,194/img_101.jpg
ca74262f9f6424bd8964e4c71eba25bb979517250e78286c5862dfa70d4fff46,10,1,False,1,52,52/img_096.jpg
cac69de12dfc1c0ea6bac37a17472b61fdb3da68adf6620e5b656245247c7127,10,1,False,1,94,94/img_080.jpg
caea8899b8d3b9b4f7bc20ee2657df0f5a6359baf4645f27e37d8e3333f09c9e,10,1,False,1,124,124/img_088.jpg
caf8acdeec7f6c972562b4d7731077b449f6c6ec8422c7408521b70367171aa8,10,1,False,1,226,226/img_035.jpg
cb0c97c9e27097a479a137c9860fafd66a73ed4f84cfd7aa6b6ac2d8fab7a4ac,10,1,False,1,28,28/img_1020.jpg
cb43783055c5ee1afa44f33ddf9610119b370ce30a09b1f18ea2b55960cc20ff,2,2,True,1,22 | 24,22/img_060.jpg
cc012cde31deb4073c6e7ac425a84644f9749f98547724a9999776eb896aac91,10,1,False,1,199,199/img_089.jpg
cc0d0c96a201a16d9642c2bedea5f43deebffbcb69467a5772d3a43b5689d352,10,1,False,1,211,211/img_031.jpg
cc2934028841c55aa8fa749a836917105ceccb456d4e766a28fb6e8507db846e,2,1,False,1,141,141/img_576.jpg
cc637110601e5f3a95d66db0b0565d7e081a9393745a381b7cb0ecc6c53baf5e,10,1,False,1,51,51/img_033.jpg
cd41913f9f4133175e53da43cc19a5ee8ed3b01e535aaecec1f28515edc75e87,2,1,False,1,162,162/img_848.jpg
ce33347bae5c394f1b4aab8ea9bcbb276afb8ba5a3ff460c9aaa0954720a9328,10,1,False,1,201,201/img_032.jpg
ce3444aa7b9da1b33635f8d3fd8507be7571c8f36805c8afa73cdeab237a1989,7,1,False,1,3,3/img_024.jpg
ce4c94c2345005786dfd009e3c0f9f10e9f238719fa9e4a972d66b690f3ccd11,10,1,False,1,174,174/img_075.jpg
ce89310174e6c0d98ee4624d176127faadb801200205d5e9af0b21bf6f8f9108,10,1,False,1,152,152/img_033.jpg
ceaa1e5b4109b43c287f518816bda7a2e89aa03a3b60f188067d88e0fc39b102,10,1,False,1,2,2/img_028.jpg
cec6da7ae018cd7aeffac73019b99a5e3d97022dcb230a5fd244082c25dca59e,10,1,False,1,172,172/img_085.jpg
ced1da199d4fd64900f4f377da7cece4356703425fb286bf834b5dfeecbc0f62,10,1,False,1,41,41/img_032.jpg
cf0ee6d7814a0dc53d0cb87d6588045f97635fbecd15d25a58a673e106c951f4,10,1,False,1,189,189/img_009.jpg
cf38bac21e5a34e8dc049249b696e6a5caf3561415f0d0f4c811fae3e6bdecca,2,1,False,1,117,117/img_881.jpg
cf47b048d34d4b40e8b783b45a86c47f39a7c83dd8de9c04c68bdd823f73b070,10,1,False,1,153,153/img_034.jpg
cf5c65a206136cfa3d163588e93d657d1c10e0e4cc39acf1bc674cf177438df3,10,1,False,1,106,106/img_077.jpg
cf8aa43e25236747a4a06e0a1a6fde6a4d0b4ac3ee60bebaf91d4bb60db84f4d,10,1,False,1,107,107/img_074.jpg
cfa8409c1fec6bdf589fe816e078c3b46555ffa0e2caef3576e711475387c84c,2,1,False,1,230,230/img_873.jpg
d002466b250fde37b10bcb5251134cf6669fb681181abdc378f726223886f2e0,10,1,False,1,105,105/img_084.jpg
d0129edfba05df68110360b300d545a9a7667353569972bc8502ca029a9bf8bf,10,1,False,1,12,12/img_034.jpg
d09e3e322e1f8c04922f1f32b721e04b070a996de41cf82478a2b41437ddf03e,10,1,False,1,35,35/img_015.jpg
d0a15b9e0eb9e2c50e4bb9d773e52c3cf88e35ca6a8f06bba29394b1efd831d2,10,1,False,1,124,124/img_087.jpg
d0e9dca41d7e46b93f2aa087594436457a95aaa191f6d71590ee23bd5d9a4fde,10,1,False,1,16,16/img_043.jpg
d1682308bde9aff6050bda9ce115af49430830bcc12840ec5e62ffaa682f438d,2,1,False,1,118,118/img_716.jpg
d1bc341308059f27bb4244c1056cc39b8696ae0be50f9def84f03e6f335e2846,2,1,False,1,11,11/img_532.jpg
d2326b173886db7269526d52ca33b7d06a25c008d0843817743cf5f4262211a1,10,1,False,1,240,240/img_033.jpg
d2715f66e3d1abb5ec8b4b9109859cb52bb7b23462ccadd0c4771bc6262f0b4b,10,1,False,1,190,190/img_072.jpg
d27ea29c71fd3abb9a9dd0d4a7873a82bd79c0393896e49e1c5dcb02f357683a,10,1,False,1,51,51/img_034.jpg
d2cb4ed60ddeab9277853be3e57460dfddccfb1b4c18251b63079102bba7675c,2,1,False,1,193,193/img_1000.jpg
d356cd3dc3c910ecd910bc8c273bf03bc4005294b4c8e611412d8247b7e314af,2,2,True,1,22 | 24,22/img_063.jpg
d381cec02704130bed5a4be845b5db928883bb7142acbe03d0a40c1b73c429dd,10,1,False,1,168,168/img_084.jpg
d39c5005d13fde1102522d6efd5b6869dc94496fdad4547e144e3087581aace5,10,1,False,1,19,19/img_043.jpg
d39ce8135632b93826243f9dd8b8c2fa063e0a75ef6ed427f19743cbbe2f89df,2,1,False,1,183,183/img_139.jpg
d3bfda94c46e9d1d4fa54feb09c3307964eeb972e51d4f773c64e63d9dd16224,10,1,False,1,32,32/img_018.jpg
d3cac023f9e226d14ce73e372da3a24eff1639fd99742e232c4ba0b851298729,2,1,False,1,147,147/img_204.jpg
d3ee86e7533efa4c9b205810c0c383894aff331f7ceee4069938c62ccc17ce07,10,1,False,1,114,114/img_068.jpg
d3fc643f61357676c35e1f52fe2a088387b960787c73591ff6a38ad610f5fb98,10,1,False,1,76,76/img_086.jpg
d45044adcb71bccad2f7149892383b18998e3039964bcfb21d21f7eb2d877731,10,1,False,1,52,52/img_093.jpg
d4512050a10c341be4c741fa62d315a44eda2b93da695fef52571892899175ba,2,1,False,1,119,119/img_405.jpg
d485cb9df6fdd19f1ff8239058f1d24229682a92e8c909c9e6324092ae752b7c,10,1,False,1,114,114/img_066.jpg
d4924c2458779e29964c57bada75b0e2859ace0d70a3fd356e1c13733a413f1f,10,1,False,1,199,199/img_090.jpg
d4b78bfe6e40ee4a2160288bda3bd1e07d31bdffa7028839ac7fa596d32c7ab3,10,1,False,1,178,178/img_075.jpg
d4e5af2111cbefad11c8808eb88013d33a0593b0982d416ba0567428c5ca436f,10,1,False,1,198,198/img_081.jpg
d4ead61d862fb301ac4fa9fcf5410d9e1063aefa1816055a241b896ab71ad352,10,1,False,1,231,231/img_030.jpg
d513bd3d31686be9a4c09f6b8ca97294c2a4464b9217d268ac42a4bf08b45faa,2,1,False,1,228,228/img_567.jpg
d5349c0e50cb4c30cc3a9e6bbc1733ff38cd3ff8abf439a7ee983e47b9a1f119,10,1,False,1,8,8/img_009.jpg
d53e5b15563800405b0731464118f582d5ad855f234fe18669325fff083ee49e,2,1,False,1,116,116/img_248.jpg
d556013d8298007b77529fac9a91645bb53f02542f47f81b82cbf11da056b7f3,10,1,False,1,84,84/img_071.jpg
d57da2adf66e4b023a1a086ec53775baf789897ef3085d855b26714546b839e5,10,1,False,1,212,212/img_095.jpg
d5911d2ae38194d975593338405b1f9b247b68303be4352901644796875cf31d,2,2,True,1,22 | 28,22/img_027.jpg
d5bf1f4b8fc3092eee51a7f52a5ae6a999f7fe47017bd4b4f26c5c5aee57d8f5,10,1,False,1,74,74/img_098.jpg
d5dc9e089a8d219af60add8099bc1bb2434b612bcd927d3964d9b9dec7ee5239,10,1,False,1,185,185/img_058.jpg
d6043eb97c93f5af423bd73d11420018542b41ee329642f8a52d76f4537c4dd0,10,1,False,1,1,1/img_031.jpg
d60e3b617c553b89a67d49cf86bc92e7e0bd6293c6cfd2e40d985696af38dbc4,10,1,False,1,27,27/img_023.jpg
d6ca63c34e1419912ad542dd0a3bf26a7a526cd2e9a89a4c83340b9f5892a788,10,1,False,1,158,158/img_031.jpg
d6f6c0cd8033963b72c4dab656e21d076880ec26e1aa74fea8b6070ec40e30e1,10,1,False,1,72,72/img_054.jpg
d7cc6c18caf941bb019d74d84c6aee2ef68cb0c9a95e5bdf5d91f8d96a75debc,10,1,False,1,53,53/img_032.jpg
d7dccbe4441b8689d35d5767f79a5aacfc7f1bd1bd0301b71856ab019980de03,10,1,False,1,151,151/img_050.jpg
d83a56b90cddd22591ddb0c7e2d7f701dcaa15ee438daae857cd20c57a945619,2,1,False,1,21,21/img_1053.jpg
d8839933d4faeb8d7e32500f48bb1f33cf47760440f65aa54a2a1a981db05ec4,10,1,False,1,120,120/img_052.jpg
d8d90857c93255991e736ca6001cdfb44edbb1a10250ad5ff7a707b27115b04e,10,1,False,1,60,60/img_013.jpg
d913a9208dea2ea3764afa6e3ec316572f6c7e67a5689f04b635c8c491e54148,10,1,False,1,241,241/img_005.jpg
d93fcadb43e06e453130f371b0e88f34136e0ed4689d92c408810d3be0afc8c7,10,1,False,1,81,81/img_086.jpg
d94b2d1c081aec25bda6061058c5f2110b2b660830c17b56cb441b936c29cef4,2,2,True,1,22 | 28,22/img_052.jpg
d957e4e92df556f95fbd8ca723a89f9d2d635c922cf7c79832993d15b23d237a,10,1,False,1,4,4/img_021.jpg
d9662d05c0059837b17ba002c6bc82218a079ef11e72d3bc7d4512edac582408,2,1,False,1,223,223/img_196.jpg
d97aadddd29554d45c8102c665a5abae08cc4f50beabb9c507fc0dcd8a9c2879,10,1,False,1,106,106/img_076.jpg
d9b70784df8c942a8c68b17382b5783e0a97da1d5bf645c8d49bff5110d4ef8e,10,1,False,1,161,161/img_031.jpg
d9f1c33f2e7dbade1a9c2fb07fb4904794b5c68445c4cbe1f1e1cb1aedafe0be,10,1,False,1,11,11/img_010.jpg
d9f5dc0ef4379c6e1975af2b303e0c42759aef3d62173c9deea435554eed61f1,10,1,False,1,77,77/img_069.jpg
da10fbd6b5f1d3c78b785088201c96a763da82399509e86b3c9f1daa5d0eb69c,10,1,False,1,29,29/img_093.jpg
da2908db5aaae29472569cabf50c4caa0e2a4a6ecca5b7929aeb046b26b2cc29,10,1,False,1,73,73/img_081.jpg
da56fc80bde0ca6d24a8080351c23145d77036256d1a84237a8ba4b3186cf2ec,2,1,False,1,187,187/img_132.jpg
da57db90d140ae4796fb3768085310b42c0121517b6e0e2a62766bdb344b2987,10,1,False,1,40,40/img_023.jpg
daccb60a426fa92139c414a82ec83c1441c2a54fb675712ed817eb60e301e605,2,1,False,1,230,230/img_712.jpg
db014c40a7270f8145844a6c8c7e7d4e9649082a0b4ccfdf1214e15326c560f3,2,1,False,1,220,220/img_065.jpg
db034cd60e8d7ea4d6c69e5e913e4b1f3acc081629f89709e82de0cca24dbe67,2,1,False,1,75,75/img_384.jpg
db4fb8e5a6462d2582b9155b28b84962be7572a6800714bf74ca7fde4dfba6fb,2,1,False,1,223,223/img_204-gHPjaw.jpg
dba74e6007fd2af1ac21612ebea0fa6a55801fb3038711cd09c5dd93ce5bb940,10,1,False,1,113,113/img_064.jpg
dbd185d14bd469e34c1ed7ea758a355afebc7578f8dfd9fcfc262df8e5555c8c,10,1,False,1,242,242/img_010.jpg
dbe81a5b1f4b82fcf605e0ca68ce422a7a7279313027ade869ced21e7f802436,10,1,False,1,172,172/img_083.jpg
dc219b059950c2e1d58d0f44e72e957cfa904ebbab2dff995498e5f8ebe20b6c,10,1,False,1,5,5/img_015.jpg
dc6bf378da893c7571c0f10c56b1e99ee69d6a567393f71103a04a2cdbee152d,10,1,False,1,108,108/img_080.jpg
dc7f0c6d3124f64c181b21c0a8cf9c3d9c3142789df5b49a7e25a931f14922e0,2,1,False,1,147,147/img_427.jpg
dc9a57268d601d74c8300f7b63fb0be1439665df0c13eee9443355a2b7cf0e2f,10,1,False,1,34,34/img_019.jpg
dca625bc44a30d371014ba8896e33a9a82404c727ce638ca7015e5b4b9ed1b2d,10,1,False,1,150,150/img_064.jpg
dce346b805923c0bfd4878b1a193ae0bc603bfb22c5278f7bf635bb7b868d40a,2,1,False,1,212,212/img_813.jpg
dcf2a8efd24c3cb8ba6b1015f6119f1b7956d70e3fd2fc1e35912e31201c5580,2,1,False,1,71,71/img_387.jpg
dd10cc71bcdecf8d25a34e1c6c52be5f981df58d43a4cb944db0788824a38bb7,10,1,False,1,243,243/img_032.jpg
dd4376878b2c9b9e42a11ff202942a74dff49088fb8b4aa620cae2e2af773215,10,1,False,1,15,15/img_040.jpg
ddd352a6d725dd22180314826b2f006c9e85325bf7fb6776b6e1474e950dba26,10,1,False,1,136,136/img_033.jpg
dddc47a448598e132850a9879ed4983f816420aea0f36b6fcbae3086b04f5b43,10,1,False,1,103,103/img_095.jpg
de903de2bed623b9f7d6015798116668336f5be8de9680bb53df86e13001265c,10,1,False,1,11,11/img_012.jpg
de9435687c236b28f784719dabacdc275f1891457f21ff9e696690ce531a3ac6,10,1,False,1,4,4/img_020.jpg
deda8059ea3c4b386af89b95f6ff45435966282e98280588999e33874a03fcc9,10,1,False,1,32,32/img_017.jpg
dee06870731ad1a7fdf311689e21a2972c9271ae54b91e1962277780afd07f22,10,1,False,1,53,53/img_035.jpg
df0c18a6b7f5ea69f7d5b0379aa0e891c9d7e208a945b226e8ce9814c9845d8c,10,1,False,1,219,219/img_065.jpg
df24ea9f6d6f1f6474e50e291c2e9c208f8ff129a338efd790872f856512a1f6,10,1,False,1,55,55/img_020.jpg
df39e774fda90b806ee8d1062e5571cd93bea8f5d6f518887c398c1e0358f112,2,2,True,1,22 | 28,22/img_024.jpg
df3e429ec4e4bbed8bdcc9634ccb97f498e766840503d213e6f85eae71b40e01,2,1,False,1,177,177/img_584.jpg
df9a362d63c883736014f3e112f755268c1bc1e6e25baf7ed39f39e6a419beef,10,1,False,1,27,27/img_022.jpg
dfa4b3fdf104de2325d97c97bb1ef2a096a5a7a500f03d4d04ed55ab60325242,10,1,False,1,60,60/img_017.jpg
dfb00662053ca8a8bd5e478d6709486215b7b419307342ed746c0092f9bfcc84,2,2,True,1,22 | 28,22/img_050.jpg
dfcfcf680db721dcdcc88b9e2a364484232c29b8981d43cf9f2279d32246bd50,10,1,False,1,165,165/img_068.jpg
dfe2c0b0874688b235c11fb9afdedf945de5ec9edc4e2c376e828f40dbb8af2a,10,1,False,1,160,160/img_031.jpg
dfe701f1fe1afdc8e410755f89216e28b7bb03b661db0fbe799133fd2ace181b,10,1,False,1,175,175/img_099.jpg
e02b2f18dd01972db38859bfce2f188e4f1fa1147d4fae1735cb770cc95724e0,10,1,False,1,51,51/img_032.jpg
e0650c525ebceb869554d6bbc6c0d155c1ea2e051919c5bf52c8bc5eeb04fe15,10,1,False,1,189,189/img_011.jpg
e0e0987862996dde16cd24e80bfc080563f90b9c41457b52c630e8ade5703397,10,1,False,1,151,151/img_049.jpg
e0e58458337c94d29222e68af7819509458f2d3ebabe756418ce6d49bc926a8f,2,1,False,1,11,11/img_199.jpg
e10349ccf397fbbe35425b1a297d636e67465765a9d7617b8bab4f8d2ecd1796,10,1,False,1,91,91/img_100.jpg
e114d9d8ddb43d6252d0941044f3d0eaab63bbdf628d6f687e2aaf1c80903dea,10,1,False,1,82,82/img_005.jpg
e1947540f8549e6339d7823471c9f04bfe58a2813801a692963d373e7ff23737,10,1,False,1,134,134/img_032.jpg
e1afefeee0c840d278b7bc3bd89d57e8af12629142e1899c842c024418798e4b,2,1,False,1,140,140/img_428.jpg
e1ba1a3d2986759058e3a8807518f7524d43dd81642676d1e966744a0df3801e,2,1,False,1,58,58/img_812.jpg
e1f8a14dac29d87f939557986d4d8a9c3e6aac2bf217a48322bfbafd6237fe02,10,1,False,1,222,222/img_016.jpg
e34b80c8e8b98be20fcbbcad3c7e43c69d03445caa883d47a4f07ab49303ffa7,10,1,False,1,55,55/img_023.jpg
e360cc3b5044991423b998a5c5148653753e68bd97aa027bfdffefe828887225,10,1,False,1,69,69/img_064.jpg
e36803a617401fd9a577c7b201ffb10baf5b1ec959b37192d7333cffd0daff39,10,1,False,1,93,93/img_078.jpg
e3a35d5642296c77c4a085be27191577142d2732617184668e1679a5a30cec3e,10,1,False,1,156,156/img_031.jpg
e3b1f95027d46d8076f70d892963b1aae1c3a13644222f312fe3a096dd34a2c9,10,1,False,1,220,220/img_096.jpg
e3bae18bae03725a6ffd29569718d4557dfbe74a2ead3279b40014d0f9864ae4,10,1,False,1,9,9/img_023.jpg
e42211da5a87eaddbff73e599f1d1dceb7b1af68e661e9eddcb69479abca0657,10,1,False,1,182,182/img_059.jpg
e429d1eb8915b3158435329c704980d1f7941b18d07b97c57bf57e82e670344a,10,1,False,1,91,91/img_102.jpg
e42d0269678be9e00edfce6f091019550e19f5e68abf059df3282e7ea760320a,10,1,False,1,237,237/img_027.jpg
e4cc8f842fdcf39c158e48ba2c0d1562cc9bd7c7e865f319c6bf9ec7e10d8fe9,10,1,False,1,51,51/img_035.jpg
e4f31004d185f91c44c943ddac7e158dc09c7e7069002a64067c3c6d3327f8c6,2,1,False,1,161,161/img_828.jpg
e50dcc5a592cf9f7f46a1209701422abf8ced28665a4fe8d831e2773893f4695,10,1,False,1,136,136/img_030.jpg
e51d16607f3cdeb45912f9ef52ff6578c27b124c91571fb84bb791a809f4ef80,10,1,False,1,176,176/img_060.jpg
e57fd6243e48e69ac7c94e3681012cf7b34499dce9f6aca3d88d6369bb7febd1,10,1,False,1,120,120/img_053.jpg
e596c0e91df55e75deae6e542d9113b762672cc20f0dfa9579a310d3abfe7a0d,2,1,False,1,100,100/img_087.jpg
e5b16a4478e56fccfc054978fd6a9c88b30607dcc572aaf57f615dd8837fa352,10,1,False,1,144,144/img_082.jpg
e5b2b2aec0f43fe6465c1f517a16446e2ee175434622f3ded1633fda6e8a89ad,10,1,False,1,63,63/img_091.jpg
e5b771c3ae94682d21ca16bcefbca67ca2d24d032b122b54feb4a40dd23e9c40,10,1,False,1,71,71/img_084.jpg
e5d5d8d012a5572a987e9841029715b5d955ba75a9e465fa539c1c31b87f79d2,10,1,False,1,44,44/img_1035.jpg
e61136ec5ebfe5b68a82486d763029f3ba58f0b87047aae763750b0c0a13a7b3,2,1,False,1,121,121/img_695.jpg
e655ad43b610c46a41310e58bd6920a8d39e1dc380013b979410cb4c639e2b2e,10,1,False,1,81,81/img_083.jpg
e6618b59d5f8018cc05c667945cd11fa7a94a5c26d96c3fb484253e47dd8d989,10,1,False,1,218,218/img_067.jpg
e66d4761f931ea21e77d119ca41d1c20f1e8389eb82fe1c814550fab242fb31a,2,1,False,1,25,25/img_479.jpg
e67e9fcbf7926deb65273546c3d3b14f3f2ab976aee2c8a27960d33ecef45671,10,1,False,1,197,197/img_009.jpg
e6a37c25525ceebd3fc2669888e2442208f007f1b2bce15de00f0a598927aa8c,2,2,True,1,22 | 24,22/img_075.jpg
e6de557eceaae155927222fcc9bf403e4a7110d40fcabcd72763bec04fe12b68,10,1,False,1,83,83/img_072.jpg
e716ee8f7325de638abb86b1b920a848a78a60a19c8db974a2112e09eb2e4999,2,2,True,1,22 | 28,22/img_040.jpg
e77c66380c136eaa926f515cf2061adf088b3662f8f504dcde0af5e9367ad0c4,10,1,False,1,166,166/img_071.jpg
e77ec514cd4b1b042857e0c78ebf38fb97f2a4106e1b7177fc82711e24993a65,10,1,False,1,181,181/img_065.jpg
e7ca00b9638bbfc057732538924f4b89515921bb89192c99c6ee8459f5d59538,2,2,True,1,22 | 28,22/img_053.jpg
e7d36889f08a263201ea98a31a2c56ff85b4c977047683bb887d2c84a5b3f533,10,1,False,1,126,126/img_070.jpg
e7fc711989f189965e03fc7f10b2c6cdaa05fae87b08a2e100dbc55881790b0a,10,1,False,1,171,171/img_054.jpg
e8934b3678bda0e836b5f2a39fd991e9bb85f51c0657ad99dd3a9a16486f5600,10,1,False,1,56,56/img_006.jpg
e8ba4d9649a23eddec23237a763596032e0a7fdb2598298ffaa0eae5ed896332,10,1,False,1,88,88/img_066.jpg
e9151589228c614530ca531b5497077c3ed630b9b304c5e8c17a4049cc2ef3e2,10,1,False,1,216,216/img_062.jpg
e997495abc586622b4a8fb6dfa729aae1f91898eca20093ab57581ceacea0fe1,2,1,False,1,93,93/img_808.jpg
e9e54d49f7c5f0959145fe67b8b1d1243e50b6f11a0a7061cf34d42011946380,2,1,False,1,3,3/img_221.jpg
e9ef2066f4a075f332d91998a0e5a8a1e1318d968e4ed279b3de583abfacb6c3,10,1,False,1,36,36/img_023.jpg
eaae9cb98b9bf8ffba493b9c47605762844e7dbb2f6932ab22c8a741f7230469,2,1,False,1,106,106/img_239.jpg
eac88ee92493af1f0d3321b4250a4455e3dc132184b3744b2f9080cee57264b7,10,1,False,1,61,61/img_070.jpg
ead7380e2568242d360c6dcb9f9c0e527a73ee2473e40fbf1ec7dd01dbda7201,10,1,False,1,208,208/img_029.jpg
eb169e84dc6a216624b256089cbed9938ebedcf25249a9be4f8b2115a007d98b,10,1,False,1,175,175/img_098.jpg
eb187f92a08b72c5e5c9c3335080a729b70c81aa7a1b7b2d75c1c2f9b45ffa76,10,1,False,1,33,33/img_007.jpg
eb30dd54c2b9d9a021e29bb8791377e24d933cb9216a7ce89073907a7a7108fb,2,1,False,1,238,238/img_536.jpg
ebc7c7247290e9941da24bde08d95d0f479548b54b22b30f2f068f68fb3237ba,2,1,False,1,238,238/img_770.jpg
eccef3ad45717a9963ce9b9499736028e81ee86ccf764ee83a6f1baa12085474,10,1,False,1,180,180/img_062.jpg
ed3e6992990a8d5b13200ad841e3dc3b0b3cbc4b7b40fd398b8e651db87edb29,10,1,False,1,182,182/img_056.jpg
ed535960399b79b4a97721fa0a3237c6c3fac505aa3c0a3845e82508ae835979,10,1,False,1,185,185/img_056.jpg
ed6c0cfacc87a99b76fd6585de154a842518d3b8451ed0379223dab1406d9d65,10,1,False,1,111,111/img_072.jpg
ed6d0882182ff35f8e2cb695cb222cec7e75015192e888cad82f3db6fdec7988,10,1,False,1,142,142/img_048.jpg
edb0eee6c5ed54035f76bf171fc0427aabf06c155ab1fb20fa66fec889cc8487,2,1,False,1,18,18/img_015.jpg
ee02b25f624dd590bdb9f6e07f47add10e5a1171212809d8ce98c18c52b8e310,10,1,False,1,243,243/img_029.jpg
ee2cef695f1877584dc88610352b007d33e36f2b61adc469ad4728949484ee53,10,1,False,1,156,156/img_030.jpg
ee3e57267f737d0bfc1d1b209eec3008d22b56527f1beed9ec9e45a835f16a57,10,1,False,1,41,41/img_029.jpg
ee50c7f35c10212efe63900dfd219cfa791477e33b1674e10ca35808efe65aae,10,1,False,1,232,232/img_034.jpg
ee5ebd8ac4607caaa1ad95e770b7f3bc48bace0637b85a27aae1b73dcd9f4c0f,10,1,False,1,53,53/img_034.jpg
ee668ac05ee8b488e2fc30fb356f565741ccc2d5702a58b066e8ceea65814f71,10,1,False,1,117,117/img_1029.jpg
ee9ec2f5c5a55d100fe04d159b6487aab70982b11c067471cedfa85b5824a6f3,10,1,False,1,15,15/img_038.jpg
eee401ceae82e5172394bd786befccafc3a5cf033e60f37ddbe415939042c2e4,10,1,False,1,47,47/img_038.jpg
eee44fb7e59b7a2fc796794c5b8d15a58d3667c22aa238cc0c5b6fa2de669d82,10,1,False,1,125,125/img_072.jpg
eee822d6c6705289b618fde64f7c58517b095669c42291a5c9f0941cf75469c5,10,1,False,1,123,123/img_079.jpg
ef1e6339b08b5b51792fe8ecfdb7ff844ff7da6eae9638abfd5a370954610b11,10,1,False,1,97,97/img_064.jpg
ef533a12c0c56abb04fdfba5377d9ba7badae4b92acc606ffef2f4c523d60641,10,1,False,1,24,24/img_039.jpg
ef7cc155d1396ef92b7ada72f85cf18ea80274dff471d1a0a087fea9c9c90967,10,1,False,1,219,219/img_067.jpg
ef7f846ef7614d311e18cf8bf95a61da13c149b92420b33ad3975788579549e6,10,1,False,1,209,209/img_028.jpg
ef9f31eec71cfc3579c8676bb4e2b60517d01a20b6371e0af56a3f2549b93e3f,10,1,False,1,93,93/img_075.jpg
efae08918f4e7e3797f49b5cc66ed11c029a0d4b0493f9c03b35efa9da385f29,2,1,False,1,40,40/img_436.jpg
efb09bb2d1fdb838f39d501f36440e8b81a8af8f48b3a5a7395b494f2da1cee6,10,1,False,1,224,224/img_067.jpg
efd8b35c0fcf96467045df5fab97b9d4aef61068433a915fe508a59faf39a942,10,1,False,1,59,59/img_028.jpg
eff16d66290a6757541420b4a3cd093257a4e6c81ef774638853b6708aa076cd,10,1,False,1,231,231/img_032.jpg
effd3907fe74b3ceb7800f9f6a4f2b7052d1be5ce91998d35ab84f6f2b402ebf,10,1,False,1,236,236/img_023.jpg
f00928afa901af07b7f0aaf9fb90bb671d357621c29ec7784124e3596deca6c6,10,1,False,1,179,179/img_010.jpg
f0127430cd9d1505e8aef6ab07341e11f24d1ff37fcb7471920d392777d9004f,10,1,False,1,188,188/img_099.jpg
f06ecf4c11279d954213b2e8d831e92f8e1b44602ec62a332e4027715ade68ce,10,1,False,1,22,22/img_013.jpg
f0d4676084f406544e9199ec25563b374855654df7223cf354ab1662f40ed28d,10,1,False,1,162,162/img_032.jpg
f0f4f0105bba9cd7c030d463493897fc42e225c47de9051277375222c57f3b48,2,1,False,1,36,36/img_807.jpg
f1437192c03f42abbef453498342dc0f522f715090e433279ead043e4b52f83d,2,1,False,1,211,211/img_011.jpg
f16f582d92011daeda99d1dbaf31947831dbeff45c2df9243f039f4e7c73e4ff,2,1,False,1,32,32/img_452.jpg
f199ac5641208a2556e63d112d4aa33443a3c18b8ea7a9ef232ac2286fc321fe,10,1,False,1,130,130/img_027.jpg
f1e7b5966662c527fba9493a5de5dfc6f0cdc58bacb8411eb9d997a037f57335,10,1,False,1,28,28/img_1022.jpg
f221658af61a9bdf4778170a80beb7a27667c7617fa18cbdea3e1f1f9f40d0f6,2,1,False,1,89,89/img_717.jpg
f2a2e193957c752fd6e261de204cc02e82e1de9d2982e43a7abb1345fdb6e0ef,10,1,False,1,92,92/img_059.jpg
f2e7e62cdc72ba1d305032fc55459125b14a2e1407bf28009a9da837dfca2315,2,2,True,1,22 | 28,22/img_019.jpg
f2ecd0037b9c7f6e28d4e0df6fc9373132c131c0fad1477c20e9d41690f04a03,10,1,False,1,62,62/img_099.jpg
f2ff31022a399c351cdd7475dd202b672c275456d9e6910f39c3f6db17f82729,2,1,False,1,145,145/img_161.jpg
f30a3907618b332a8ffa6ce4215b6ae7426b70219aaa063e70d4523fdd6fc718,10,1,False,1,33,33/img_008.jpg
f369ca70df4994e203e885d8010e05b14e1fc0e229722d32fad9edd944598ae5,2,1,False,1,227,227/img_603.jpg
f37495f175b8b6b052c4d90a5066ef653042b3306483d025d106db263f64b05f,10,1,False,1,94,94/img_078.jpg
f386f2742f5ffaec0be9874b58e1a9894f86a1aadc958bc62a858de7e83fa24b,2,1,False,1,217,217/img_366.jpg
f3a34ed66d198c2d1ccc9dc93fdfa4211f6b27619b83527992b8e9dc025e45e4,10,1,False,1,100,100/img_073.jpg
f3d3a8d7712c3570ef7cc28c1363e66612b52a7ea67695b46f9af329f3eb6a2e,10,1,False,1,43,43/img_093.jpg
f40e848cc9e837f83062d78293806c08a2f43000df1e96a245d8365a8b1075f6,10,1,False,1,44,44/img_1033.jpg
f428c6c5e6bcf89207fd371255db65ccbc9a09ba881d5a6b9a9847138d2d75f2,10,1,False,1,16,16/img_040.jpg
f4a4bfb7c8769bf2fdc91d32da197f8173ef0bcf5c82dfb15b64a60f8516a27c,10,1,False,1,130,130/img_029.jpg
f5064506b072670a0a0f252b56075ab8a267aba375a49666f17a1a5cb974c57c,10,1,False,1,172,172/img_084.jpg
f51af634ad9459e9a9c60cc10dd64a436319952745ee02a7f05e074323186de8,2,1,False,1,126,126/img_306.jpg
f527b047a13dda910644f976cfa4c2f38b8f5dce735137713a1f3aaab40c6762,10,1,False,1,96,96/img_087.jpg
f534b7b9a3f9772f05dd7d40d589f52709c78a17171ce5b8e05abb64f9b1cb5b,2,1,False,1,105,105/img_459.jpg
f559ea2eabec701e12eb218c324fbc9df88dc4a6edae89f813b97e7dca9f704b,10,1,False,1,149,149/img_080.jpg
f57635e651e4a8a4542df868692e9e1916a6643bcc02735d95c576e536e7f69a,10,1,False,1,192,192/img_071.jpg
f58f4a908a3f92f6333a5c3cddec27191f3998a87a04d94bbf545b79c99ccd03,10,1,False,1,21,21/img_034.jpg
f591557885eda3af7f934548b5f0d5a7c19c73ccd28c688803da1631bcdc736a,10,1,False,1,204,204/img_031.jpg
f59b6cffe88c4f812fabdc9d1f44cdd5f669173053446c78ecc849084dfc82ad,10,1,False,1,236,236/img_024.jpg
f5f91096bd58103a232e1bc2e4c22bda2db67896214d8b27c58d7261b699a165,2,1,False,1,207,207/img_084.jpg
f5fc58b09e0c80ef8b27a98ecedc75ad132e3e0be688ae3ffec9be327ed57aaa,10,1,False,1,Background,Background/img_028.jpg
f61f491def8d3f01c5a44e91901aef24fd9389bb2386e1df1f06ff6e53159dd5,10,1,False,1,28,28/img_1021.jpg
f644644b3033c85e8c0242504e09d2fc36bfa2a2411ab6ecb88b0502ac2469e0,10,1,False,1,37,37/img_099.jpg
f6ddeee737eaa1616c84209e9180113b18814036837fc545a09013c49cdfc95f,10,1,False,1,23,23/img_033.jpg
f8c1b8f946287e35c76de5402e3627f610bd31345240a170bc0aa30bde457978,10,1,False,1,205,205/img_030.jpg
f8c600de6618e58f14dd09846a0453212e1b0e4afd04fcc92d29d78ec9b4ddd8,10,1,False,1,115,115/img_067.jpg
f9447df52dceff0bc1cfd15725b781be89841eb3ad45e206eb8dc49e7e28e765,10,1,False,1,25,25/img_078.jpg
f97630f7a2cec2bdbe2c0466d000fd99d1dd1965ff8026df1aabba2eead91ec5,10,1,False,1,195,195/img_016.jpg
f993ac053c16a02783ec808ed99df095c17cca7f2afafb87d62218fb0ddf946b,10,1,False,1,245,245/img_008.jpg
f9c90832c4242f4aa1c22f7dc50bdd5dfaa8dca9aba7e043642fb98e03c59b15,10,1,False,1,86,86/img_078.jpg
f9ee71eecba4d419e9962c5130e0ce4299c48dd5fbd5da0004b1651e7f08dc63,10,1,False,1,146,146/img_082.jpg
fa0f9751f9caa84b5d063921104fc5b363c7d705e55d5e6ba78442e40f9642cb,2,1,False,1,179,179/img_469.jpg
fa14d244d4298e7c0024844e00253804d333f588633170b122891e3315774b7b,10,1,False,1,238,238/img_019.jpg
fa4ceadb81c814a1e3ff610b687c6158a5b5043b947c7a047f7e456281338429,10,1,False,1,194,194/img_100.jpg
fa58d725bab2bcc0e7e982271373ffa5f4f5f574cf6a84693d1efca0b2d948b4,10,1,False,1,184,184/img_081.jpg
fa897f5080162647367d0e8953795b475e205e93d64e0d20087c18a7c9e57da9,10,1,False,1,141,141/img_071.jpg
faa006cc30b06e45246a14a41ca2aa8bb87d49c3da3518149c45537770e502d5,10,1,False,1,188,188/img_006.jpg
faaefaed54b36425e6aeeaf1a5c668c8c6e6b8e9fdb7ebc7071a4d6e0db8bf62,10,1,False,1,80,80/img_086.jpg
faba342c8c58454933dc35b15765057553b2fe1e987f69890693c24d1d665a8d,2,1,False,1,70,70/img_769.jpg
fac50fd88f4d80777209ea50ec84bce5feb798662e2a22d5fcf2afca447a77a9,10,1,False,1,140,140/img_065.jpg
fac691ce2604791098576093b3120525bf931eb4efe15cc2336e973e8ecc4558,10,1,False,1,111,111/img_070.jpg
fad407df5314dd3dded26a1dafcc34360f5bb94d4b6d17daf9f01fffcc3b61d5,10,1,False,1,29,29/img_094.jpg
fba88dfc90e6bbaa60e763b327baec7532d343b72347c4d192db5867b2a6d3c1,2,1,False,1,52,52/img_715.jpg
fbb84495b0ffd53d61b194bf372a233141dd68f1d6c171195ce84922ead01742,10,1,False,1,152,152/img_034.jpg
fbd07cc8865fb73cf60e7dcf205d241b9be6806888ce288a5422a6692e101b73,10,1,False,1,144,144/img_081.jpg
fbeaa76f128c004c9549af669d6c914e48c5828f44dd73630056482aa5dcf605,10,1,False,1,38,38/img_029.jpg
fc0c2aa9c86ab69fd770951dd1ee3341dbb01747bb6a31608188e7cb7f958e71,2,1,False,1,176,176/img_595.jpg
fc52f0efa3ed0a6f1ed007235ded6b9a2905da7e8f09d0d45b8b21cd69f2e8e5,10,1,False,1,17,17/img_032.jpg
fd01a87077e842ef34575bbdebd4858ba97a5abbd5e865320e473326d02d012b,10,1,False,1,247,247/img_083.jpg
fdb9b48595265058b2988785b30ba1aecef97f773e79d7482f9543e6a0c97702,10,1,False,1,18,18/img_032.jpg
fdd45eaa80f177e585576fb1fe2f528803dac510c453b1c35b405c8cf6c63c63,10,1,False,1,49,49/img_097.jpg
fdfe35e58dbd3a034aeec74e19f748b35b9c57375c3c3474b0096b8bca09445f,10,1,False,1,6,6/img_093.jpg
fe2d6f47694ab29525f853991373002948cf24c6ec51e659e05e4262c2081098,10,1,False,1,110,110/img_073.jpg
fe2ec9decab998768552043fcfda4b0769ae4aa340f6f9cedbae8d337ac3531d,10,1,False,1,203,203/img_030.jpg
fe593c0e107e3b57b1eba3033f8dcd1a5f5f054bfc001b7190209ababfe983d7,10,1,False,1,61,61/img_067.jpg
fe5cbf6046978d24fe7030379c1c41035e32c3c2bb233c5dade463f2648f47af,2,2,True,1,22 | 24,22/img_074.jpg
feb39f91b5186630b7be0ef32af2bc78d3ab1a35ce917f564165d3d6664e1844,10,1,False,1,83,83/img_074.jpg
fec654c1696ab3438512052d44edf48f59773a2b7238bda87706487d38506368,10,1,False,1,37,37/img_097.jpg
fee3b19789960b7947d13cbef7d21a91b5ea5881e3ed4b7ee5fb23c89279b3f2,10,1,False,1,213,213/img_076.jpg
fefda22630f47a43e64ba884a98bbef06b19604a909c1d25ab2d49b4a53aab9d,2,1,False,1,36,36/img_660.jpg
ff17fc7e954d1735d37d3699ef7c1a21938e157e47c85d2baa3ac262bc0d914c,10,1,False,1,67,67/img_083.jpg
ff207e3a1be3549374df7f1fb41212b494b1f466ac4df56119a424d3c8aa10d5,2,1,False,1,93,93/img_879.jpg
ff99b7e3b4557f7fd772c8757c67ca8aa555f69e241ce727ad5385ac9604019a,10,1,False,1,240,240/img_031.jpg
fffb9a8440419e33f50aa21fd524b33284b45fcb25ffe17dfb7176f3b11cba62,2,1,False,1,191,191/img_362.jpg
