relative_path,dataset_folder,filename,extension,file_size_bytes,readable,width,height,mode,format,sha256,pixel_sha256,dhash,brightness,edge_variance,error,sha256_group_size,pixel_sha256_group_size
1/img_001.jpg,1,img_001.jpg,.jpg,38033,True,640,480,RGB,JPEG,05b2a9151f2a6a18126aabd9e285ae78d2eb4acae88e25307ec026e6059febc9,f6f543729e018726d8210bb2f94042ff3c81ec74d24b2eca95a943a79b2db7f5,4b4767f3f1696f23,126.731689453125,1335.3507080078125,,1,1
1/img_002.jpg,1,img_002.jpg,.jpg,71541,True,640,480,RGB,JPEG,2abb0144c9316372f1fcc7453a8de488d6276eb9d94fa344d2f6c0c123c52efe,63e953dcee9dfa5abb35e6a1ce588100b908b7e3f93a328b4f4a73315815f2c4,33670d0e7979611c,114.997802734375,4562.95751953125,,1,1
1/img_003.jpg,1,img_003.jpg,.jpg,34326,True,640,480,RGB,JPEG,deb5f10d7c0dce49d085b60069c72915e7ff0d7e08c423e2eb02f1cc7acacfd4,718cc09cb3f0abd553ba8784649fbde8c7bd6765554f113ceb62f1dcc523bf42,8c0f2a262767515a,120.395751953125,1046.5001220703125,,1,1
1/img_004.jpg,1,img_004.jpg,.jpg,30838,True,640,480,RGB,JPEG,08d336e380e8f96a8fa414324fce0109db171e4774ae779f816444de7e52792c,456605640e6b3b4c06b483b12d21725cfe6c94954892378fe91fc862e7609802,0f0b5b49d5c58b3b,141.332275390625,1009.522216796875,,1,1
1/img_005.jpg,1,img_005.jpg,.jpg,38423,True,640,480,RGB,JPEG,3a7a045d3580ee1a08503411483f1fa7f94b06d9efec1dab664f82d0d3595168,13357d0bbf2badbfa69e47445bb6760eeb81789afd2fd641aadb4e047947dd64,3b2b094974350f0d,133.0732421875,1663.901123046875,,1,1
10/img_001.jpg,10,img_001.jpg,.jpg,38454,True,640,480,RGB,JPEG,289013a5c107d39b6da1df92b155193011bc0fb4ff68c42c33b33a97494e2c6e,281dbb6b1b41006133112f4fa01b066d7c4122ea2adc3fe3accf46e4acd937fe,4b4367e3f169670b,126.67138671875,1456.8504638671875,,1,1
10/img_002.jpg,10,img_002.jpg,.jpg,42948,True,640,480,RGB,JPEG,584b1ca9ac9b7df8f8e7bf453a57705d21839d76a5a4b70a781c976505d63f66,5358752beaabf9b6ec933974373321d25684ff2f3b442a974d9af4d255ab2442,0e9cd8d0b333b361,104.761474609375,612.3557739257812,,1,1
10/img_003.jpg,10,img_003.jpg,.jpg,32569,True,640,480,RGB,JPEG,e666569d3a70cfccf0fdf0e8d9a8c0d2cfbd55aa97d37d7c22210ca836f114a8,ec13fba1005178d53eca5ec6a7fd03a8b43d21e5e09e976b267c635f653be090,e7c7920b0717193c,137.0078125,855.36962890625,,1,1
10/img_004.jpg,10,img_004.jpg,.jpg,45531,True,640,480,RGB,JPEG,2eed485eec77f7c5ba3fa8761b54065468878e98a30f508f34e6c95be308bff8,76eb5ae4bcd49a1ac040cb1ee7816f385ddaecb6333edc5f9209f5f0ccc1fca6,1323754ec372310f,107.4375,2065.249267578125,,1,1
10/img_005.jpg,10,img_005.jpg,.jpg,34398,True,640,480,RGB,JPEG,cda687115586aefbcfaa3940e6e645dbb895423ee605a23663e4437bd73b32af,bdca799cee5a659672ff307c53fa3c155967b53cf069ba7996bd1e9a2b6346c1,4f9b91217031b0ac,142.580810546875,762.098388671875,,1,1
100/img_001.jpg,100,img_001.jpg,.jpg,34987,True,640,480,RGB,JPEG,2f26dcc0ae870deeb6029b1280d88f50375038d39502ca03d182115f9c08ffc6,e36b77d1cf4866e5d7a1b7cb09f2f7f4ce53d11981b87ccd44661f3abbd170bf,ccce7bd35b777b71,133.27392578125,1139.0938720703125,,1,1
100/img_002.jpg,100,img_002.jpg,.jpg,57290,True,640,480,RGB,JPEG,98a308231467d6171557bab2ffb7408b2a6c65e95742707f082aec5fb45df932,359bb2bba81ed2040a48677744055405fd889a77b1e6735624a9651d692cfdfa,57474f474bdb9c0e,139.443359375,1783.10791015625,,1,1
100/img_003.jpg,100,img_003.jpg,.jpg,59892,True,640,480,RGB,JPEG,11647c569bf8acad783a2dfcdafa6abdeefdfadf9aa056ca749328dd71f3b06d,6fdd8d515a83f7bdc47ae7c8aa05dd77bb3d4a4c50c288e84b96d1244305725a,16634b2f15658e33,137.8115234375,3254.948486328125,,1,1
100/img_004.jpg,100,img_004.jpg,.jpg,39880,True,640,480,RGB,JPEG,7e5c29509de83d5f70e192693e7d45333a547da70e5e49d3fa7cf14e66b66872,4d1c9cb3c7c5163470c7776b07573da2ab5d25abf6b8bb493911e2ab9ef45a5d,c6b63d9d1979d8c6,117.45068359375,943.0638427734375,,1,1
100/img_005.jpg,100,img_005.jpg,.jpg,31625,True,640,480,RGB,JPEG,be6ec3b3e2600f3f41c025a3f3db8dc18fe46b55e944fc09400008107ee9f9a3,3e1a1e98dae0890458b58135504dfd09b2733b9f7b3e800bca5fc341fdc1f223,2e469f8f0f3d797d,82.96240234375,1307.5147705078125,,1,1
101/img_001.jpg,101,img_001.jpg,.jpg,38571,True,640,480,RGB,JPEG,4dc047b99bfd672fa5b8638cf0a4b97c2798bc11a90f433c964a2039f2bf9121,16f4eac3b8a911c1e55e70514ffee5f97b9e471a69f0c33d7311ff3eec8a9929,0b5b7163e16d6f33,121.741455078125,1353.255126953125,,1,1
101/img_002.jpg,101,img_002.jpg,.jpg,37917,True,640,480,RGB,JPEG,b850684e4e55cb1f47d3ad476869d6b0ba6dc508d76403ee66e593ceb2523f1c,6915ed8ee1d0afb0cc82f0ce8cecedebb03719013c7f9ae0de49146f0dd5bc24,2b0b1b9b322d278f,111.489990234375,1647.3853759765625,,1,1
101/img_003.jpg,101,img_003.jpg,.jpg,39030,True,640,480,RGB,JPEG,48b5fc424f3e58f6e6952fdd616c47cd3b3e2e36eb9948d78e18903e77d1340f,e5fd835d3b748441b22be789217287c2c68817faf9d0e57be7f5038ca17e0773,1e1f6b7373e17848,131.323974609375,1252.3817138671875,,1,1
101/img_004.jpg,101,img_004.jpg,.jpg,36054,True,640,480,RGB,JPEG,0dc158d39a7fccb815040ad6ce558fbc3d5896fdde44729dbadc031183fb32ff,7bb1581cb178fc346fedb3b79e673c0ab9f4a7974a74bcbfe9a2f36a6bbc0e88,8b11191b531b1f4f,101.356689453125,1437.283447265625,,1,1
101/img_005.jpg,101,img_005.jpg,.jpg,48577,True,640,480,RGB,JPEG,1421dd16133243ecfc84a28e87c770cc7b400b50b422b0545665016943a852b5,b817e725891eecf63f4b139fdcb459733d4ef824c60440e87a82e87a80d83f72,87050c4c0b350f4f,131.19873046875,1345.1390380859375,,1,1
102/img_001.jpg,102,img_001.jpg,.jpg,33384,True,640,480,RGB,JPEG,fdad2c254ac7e53eb517134a19a477be1d8cfbf167de8ba353874bfba6937612,d6a3c2e8427e88b080aac22b3687f0a08bd70d1fcb344d2bb8297cf1c2471f85,0b5b3961e16c6f33,121.960693359375,1291.2490234375,,1,1
102/img_002.jpg,102,img_002.jpg,.jpg,38781,True,640,480,RGB,JPEG,62f4329f065b7b3de8f977766763afc08fba47118004319c29a5defbd686ce3b,bce219948dc1c1a0346a21cc1be04794a3f6c878f0f6e09c1fb08ffa1f5deaee,1e5f6b7373e17848,131.3017578125,1239.34521484375,,1,1
102/img_003.jpg,102,img_003.jpg,.jpg,39839,True,640,480,RGB,JPEG,d0f13f3123365b768a72e40e8c9a6a6093eceaff198165cccc633e26ba42c876,d5c195472d4d7581402e2add322b2fd8bb34ac1fafd515a3638b01831e751f78,87903031203c3420,105.30029296875,1395.766845703125,,1,1
102/img_004.jpg,102,img_004.jpg,.jpg,33661,True,640,480,RGB,JPEG,41ce1614d4f0dc56210d936b7d5a60dee6ec282070f3ea4d7964253b2a9dd924,52730bbda6803043551e1df6c827bded70ab5c9e68f79860cd519b099856e8ee,8e0f4b49cd973636,145.3603515625,1161.8841552734375,,1,1
102/img_005.jpg,102,img_005.jpg,.jpg,42805,True,640,480,RGB,JPEG,31156851cc15b5f7d2650358a8545e8a9c34989f5ebc4f531c0d9d13ebc6e872,e1250b1486361367f8320aa74a748054032bdf8949cedd84c330a3178aabcf99,0e5b736363737971,124.5078125,1298.502685546875,,1,1
103/img_001.jpg,103,img_001.jpg,.jpg,38655,True,640,480,RGB,JPEG,bd5213adf9c87753bb137e971d788ae1213dfc2595ba9a4b3fbb1aed6f3433c4,e58ebfd6b77cd68e03530914665b90351757155282698d01f948c0d1dafec784,0b433561e16d6f13,121.300537109375,1378.75146484375,,1,1
103/img_002.jpg,103,img_002.jpg,.jpg,38175,True,640,480,RGB,JPEG,88b2528853efead9ac723d477c2bc2cb3a1ba0cb8eea673e684e06cb79a30eb3,37de759c7da04139406cb5706ffe15116a26b5d1d2df91df6b002a9f634a6a9f,2b13131b1a3d2d8f,112.138671875,1731.5048828125,,1,1
103/img_003.jpg,103,img_003.jpg,.jpg,61016,True,640,480,RGB,JPEG,879835b6bd3b885375054fef773a316bc79e308515fbe2c15f77e1ccdb1cb606,a78d3e62735146313c25cb922a6cb86a1f521a9c3fc87d92dfd1b67c43b2fc99,cc1e3b3139293161,135.429443359375,1098.9735107421875,,1,1
103/img_004.jpg,103,img_004.jpg,.jpg,35275,True,640,480,RGB,JPEG,7a003b9cbbd596cc3e5148a0beec4799b6cb11d3ce2ef318f5a6f471bf5c77ed,673bc0e5005b9094149a5f6f20bf7e4cb8cfd4bc4c49f0d92ba97bf42ccabb7f,2d3519715737332f,125.05908203125,884.9172973632812,,1,1
103/img_005.jpg,103,img_005.jpg,.jpg,36151,True,640,480,RGB,JPEG,720754a9d109657cd258781512844ebe8864d1127285107ec920a0f591176057,66c4078e16f2be76b48f0f17e1e84c23836b8b25c1091db2bc0200496f6a94c2,8b11191b571b1f4e,107.042724609375,1348.7723388671875,,1,1
104/img_001.jpg,104,img_001.jpg,.jpg,37964,True,640,480,RGB,JPEG,01947d6dcf1a7d65145ee5aa9e21bd839616804f0f06f9ab9054acd1db84beb1,7fe94f429f2c52580003988fa8cc753a75ff6339e0f45fa51b52ce03fd7a2eda,0b737331714d6f33,119.561279296875,1387.4251708984375,,1,1
104/img_002.jpg,104,img_002.jpg,.jpg,41400,True,640,480,RGB,JPEG,87d6e89108b784bb7c5857c0ca302b9d5a4260cd0eefedc85d5d9732818ed170,dd82e385a6c6f944eb5fce4617fecc1464d4b74348ff8eea93d6937f48d67cd0,1e17677736e363f9,113.72265625,725.4537353515625,,1,1
104/img_003.jpg,104,img_003.jpg,.jpg,54814,True,640,480,RGB,JPEG,b40f572284901dd3b15474f409b6f8bc7a3b75e7fc181b227480d547d8663660,f8dd14be6a71b3400a239ddf185699b7f3f9c8140888d5e74c7eb27258fe3c9e,498884b627196907,126.387939453125,3983.984375,,1,1
104/img_004.jpg,104,img_004.jpg,.jpg,38539,True,640,480,RGB,JPEG,ad6dd59c1f0c3f21775054104efab49c5fcf62fd82a3fe05509045597e729e71,7d865d291c5e8505ab79f3a8bd3be27392b2caa206da79d6d4b545fc7e86c73d,0f1b4961e0e88037,123.327880859375,987.76318359375,,1,1
104/img_005.jpg,104,img_005.jpg,.jpg,38947,True,640,480,RGB,JPEG,0a95ff679ab6e24859a9b594c9bdfe7fccd4c75bb3d199b1d5a5a5ac67aba94c,8ff2e22cc8594d9f5a659a0f05e215508c0aebbd6103a85116d2f08dbc3cf02e,4e8f37296d4b7999,148.194580078125,1138.24853515625,,1,1
105/img_001.jpg,105,img_001.jpg,.jpg,38284,True,640,480,RGB,JPEG,9c6a7741e35ee9a46a163a21220e2855399cc84b597220a51a1d898c3ea389bf,1b071e19e21d8a922af483e511a6a69a26cf4d73330c52dceb0cdd4a2e623e2d,0b737371616d2f33,119.04248046875,1432.5478515625,,1,1
105/img_002.jpg,105,img_002.jpg,.jpg,61016,True,640,480,RGB,JPEG,3eb3fe46e0f8be176618922703325134311c5728b8ecdfab16aaabcd8ed8347e,00af9d6215977bb727a5c7586621f41b95455513215c128f8400137fa63f37f3,574745cf4f5b8c0e,139.151123046875,1790.337158203125,,1,1
105/img_003.jpg,105,img_003.jpg,.jpg,60272,True,640,480,RGB,JPEG,a3e0a3f46806d401d260ad49dc78039f800c452a92a453e4ac24ff4ade52497b,5e3ecf0daca38482bdf75f5aff0105716f7bf97ab2be324ae9452aaff998942b,16636b4b65248623,136.928955078125,3295.227294921875,,1,1
105/img_004.jpg,105,img_004.jpg,.jpg,35673,True,640,480,RGB,JPEG,509d11a254a65e8f1d47ba91c6eec5a3d28a67b20a32a27c6216006f7fe8e70f,b9b891f3d00823f8a281e688975f9db92a72d12c3bb339bbed85b7593f305cbe,4d75333270388cce,119.44189453125,1261.3443603515625,,1,1
105/img_005.jpg,105,img_005.jpg,.jpg,41222,True,640,480,RGB,JPEG,5f2614b63d6aeed6bb9a3c7f9b5fb59d87da036d7331dee30f69fb1749bd23c6,cf453dc4bda70a4bd29f0069a650c26c593e2fb655fd4358e49d3c5dbc720f96,2763735c59e1e0c8,148.095703125,947.8106079101562,,1,1
106/img_001.jpg,106,img_001.jpg,.jpg,38326,True,640,480,RGB,JPEG,a8d91e92545303e94dcbc985cc4714db568c1499bb79ff42b713399b36ecaf31,a72d291e2dc47f088c0c3bc60e2c242ad5bb3ad4ba0949b1add82c1248d024f9,4b737371616d2f33,119.51904296875,1425.639892578125,,1,1
106/img_002.jpg,106,img_002.jpg,.jpg,37553,True,640,480,RGB,JPEG,fe12976e96ccee704f7203eb076f79c28d2638ff46db01d1721b1663c937a742,1ebfa2a0cd169770fe5b6908bc7bbb661c3d678f74d9cc2a0b8450ae2312aed4,931b2d4d55531b3f,145.596923828125,1539.2384033203125,,1,1
106/img_003.jpg,106,img_003.jpg,.jpg,39097,True,640,480,RGB,JPEG,be1e87fb9322e7baedc83e7e12da0ad96a459ec5485368bc1005e24298377cf7,06e58128d779ba1fb6f9f04fdca805d793f78b5d50aa91350d9be66eb6bf92a0,1e6b737363e17848,129.36279296875,1351.1019287109375,,1,1
106/img_004.jpg,106,img_004.jpg,.jpg,30120,True,640,480,RGB,JPEG,38b46652162f9dff96598b09557dce97f4425aa93fb9379ad6790f74e72c5512,c4f29d3c26ddb9106453268f6f4dbe69c7e28fb57ba4867949cf9297445243fc,9c0e2333332b63db,138.944091796875,870.494384765625,,1,1
106/img_005.jpg,106,img_005.jpg,.jpg,54714,True,640,480,RGB,JPEG,4913ddbac00135d161c7092533241377d745237d300cbd1937296d931ffc6d67,732a8aa2a914ae8e78060f7dc9bc1e692fed7e752f664b1952e893e437f07448,460773716d717361,110.220458984375,2011.352783203125,,1,1
107/img_001.jpg,107,img_001.jpg,.jpg,38330,True,640,480,RGB,JPEG,a757db87dbff44fb4ca45d27a4360d4b06dfe76c8da23e5b5e402d0aeed8cd02,b6b0085b7a49d89256ee95e14b96b9bbce1fbdaa1d41f80f2fa39e44a31bfc75,0b737373614c2f33,117.162353515625,1462.120361328125,,1,1
107/img_002.jpg,107,img_002.jpg,.jpg,41504,True,640,480,RGB,JPEG,09ea7de2cdfbc240716e1bf2319a12517c510d9a16557a90d8ad54f0eba33d34,42e092af9bc02529d90a726432410f29325736cc67832c8c988fb54a8ab4ec9e,1f337333336363f9,116.205810546875,855.2459716796875,,1,1
107/img_003.jpg,107,img_003.jpg,.jpg,40703,True,640,480,RGB,JPEG,fc4904122a2850a0fa54bc67aaec96eb6d9916c7385bebf0f1d45b6678e9c8f5,73923ffa6dd886bf359af72c2ab5e459bbd51f9f9889b82d10210219cef692e8,8e9e9d2df8b9e8ec,131.720703125,878.68896484375,,1,1
107/img_004.jpg,107,img_004.jpg,.jpg,34711,True,640,480,RGB,JPEG,57021411dd4b9baef6d445b062fb4c3ebbb37401b90fed4e4d7d719f28f26e47,51c6b48a6c97df5ff18beeb9d9de6a7f70b6c63fef24b295c605e10bfed735ad,0e2a6272696161f0,119.500244140625,511.33837890625,,1,1
107/img_005.jpg,107,img_005.jpg,.jpg,37319,True,640,480,RGB,JPEG,9bc416765ef4daa3208344c3795d0af28a4ca34950bd8995954050d80b638d05,763bc1d5e488bec2b3d70e5b8921aa135b598da56a49e3f518b61ab107d95cc4,8c14999919587879,105.45361328125,1015.26025390625,,1,1
108/img_001.jpg,108,img_001.jpg,.jpg,41827,True,640,480,RGB,JPEG,4c661a26e538ff9d7b645fa5e6b36346062ade25425a42ce99b86c6e71a4c5f8,ddffde90d79fc74163d7fcf97edf8647deabb321fe413fbaa6521b308200d04b,8710313074bcb438,105.77685546875,1573.7978515625,,1,1
108/img_002.jpg,108,img_002.jpg,.jpg,33629,True,640,480,RGB,JPEG,7aa39aaa417b4df2f5e1aaa543a63a7a42aede815b4419499b2079b1e4373dab,752d5a530b1adc4cb581b7f1df603a212241e66d8abcb8ee1d136d01de6bbda7,4c4e676667767371,146.998046875,1295.7105712890625,,1,1
108/img_003.jpg,108,img_003.jpg,.jpg,33524,True,640,480,RGB,JPEG,fd46e6d9d19bb0d9151fe3b8f2a88ca57c0b02cc2d6e9dda9e3ba1f232ff7647,14431d758f2bbfd6cbb1dd9c80e230983d8b68f8d6cb5dfb5481f11820c9e86f,4c4e666667767371,146.91455078125,1292.802978515625,,1,1
108/img_004.jpg,108,img_004.jpg,.jpg,39206,True,640,480,RGB,JPEG,b73725f6f6135215fb43d576eca9b555b8b735ddd96d7aab65d94d63323f3828,311b35532f74bf77590b4ba0bab7054904d3cad01fd9d21ce0091bfc2d2c0ff5,956b73737969f038,114.01953125,1421.24609375,,1,1
108/img_005.jpg,108,img_005.jpg,.jpg,35409,True,640,480,RGB,JPEG,e2291c867dee9f444a6d7f49dafe49f8301ef1fadd418a1217efd2dd3a99dea3,fb4a16416e729c46bc2f1b326bff10143d9cae6162c8cb830a4a0e19a787315b,8d8d1f334f5f7323,144.97998046875,1441.1190185546875,,1,1
109/img_001.jpg,109,img_001.jpg,.jpg,38379,True,640,480,RGB,JPEG,953cf1dad7eb0ea7ded9c69ced57c5f07e4e1ee785f5eff597c174e1761ad4ed,d572d860b56b1d06eee7f284619e4af391da3684f42d669303c27bae637ad677,0b737373616c2f33,116.243896484375,1497.5860595703125,,1,1
109/img_002.jpg,109,img_002.jpg,.jpg,60927,True,640,480,RGB,JPEG,f0eaddb7392ae1f30f16f712c545b1b6d34dcc6a5cb96c448dd2ebe8d4c18543,46381800e05949f3553e4d30667ee9d0d30f50401abecfe1abb2d0c6dda2ba63,47474dcd5f5b8c0e,141.11474609375,1863.884521484375,,1,1
109/img_003.jpg,109,img_003.jpg,.jpg,42360,True,640,480,RGB,JPEG,5a1211c455b9f5cff0643dacf1068e4ddc13c683b74b9f5dcf03f76671f2cd09,0191f3061368c3a8d937baf8ff4db1fcddcc4f894e22d70b961a25058a874de8,1e332323376363f9,118.01025390625,923.892578125,,1,1
109/img_004.jpg,109,img_004.jpg,.jpg,50076,True,640,480,RGB,JPEG,e3cc72f0d054dfb2121c134c27efb8402ef421d065f217eea5bd1f0a98f91aeb,f7cfc3e1ecb569185bd34504b9695360fbd11988a59b745af3c174f65bc5468c,8e03237123317179,119.116943359375,1651.971923828125,,1,1
109/img_005.jpg,109,img_005.jpg,.jpg,44084,True,640,480,RGB,JPEG,827de672c5924c378ccc070ea4c0d19c4c2df25bcd2dc68aa9cdd6c7888a5079,41e57d9d3433040b8c238e34261b1a142bcb07d73a1b651005c654e4f2d531e8,130d4c4539283521,124.89208984375,2226.0205078125,,1,1
11/img_001.jpg,11,img_001.jpg,.jpg,38629,True,640,480,RGB,JPEG,3c24f0bbbe0eec837c5dd2a69d9e9dff1ebac8ffb05ae7f591ce07f109f519e9,1319dd945d2eda4a6a33c7b44ade2527d7d5e9b04648cd1138fb97b5c59bc329,4b4367e3f169670b,126.649658203125,1451.5341796875,,1,1
11/img_002.jpg,11,img_002.jpg,.jpg,61673,True,640,480,RGB,JPEG,1b4458afa56401d046029165d8bf45e78287a3e9086f93f81c8b71efa1208bb2,2523c11628326c1aa4dbe4be7761d68fc8d4b8225c7c0d7847a06eaceeb95f93,474545e763498c8e,131.935791015625,1830.2734375,,1,1
11/img_003.jpg,11,img_003.jpg,.jpg,38441,True,640,480,RGB,JPEG,7264ba31a0a5162d77e9051b90bd6c9193759de979abb6eead63cae08bb7fc02,c0d611bee1d0cd4a6807a4da480679bec26ad6531d5446820b2dc9fb73985b90,4b4367e3f169670b,126.74560546875,1452.1021728515625,,1,1
11/img_004.jpg,11,img_004.jpg,.jpg,39637,True,640,480,RGB,JPEG,ba5414009b877bd4d670822c299af90ccd1cc1a59ac8eba0597647fe07b7d399,7e2f31a5d27861fc6fd664856d39bc86952bb1d734cbe7db631e308f3e35afbc,07737723130f8623,116.56103515625,3298.599609375,,1,1
11/img_005.jpg,11,img_005.jpg,.jpg,37704,True,640,480,RGB,JPEG,53acdf9e6e7d5c61da517fee32f574e2a6dbe01e756b5cdd3eba9d2848ed06a4,8b8567579090ba4c55bc6e7c6ea9a8ee1f1b490e44854e1561c4ee3a4310ed87,266771276371717d,113.092529296875,1376.436279296875,,1,1
110/img_001.jpg,110,img_001.jpg,.jpg,38549,True,640,480,RGB,JPEG,29eb5e1a4faebdb01915ac015a2112378c70988b6492f3ab0b0328744fb73d64,65ef5356dbfa98b1b8b52e498066358bd232b5d818d9de8627916cff8312a791,0b637373616c2f33,116.864990234375,1469.303466796875,,1,1
110/img_002.jpg,110,img_002.jpg,.jpg,38691,True,640,480,RGB,JPEG,919b902229eaed13b2d39c0bb4cf512a84c88ebd29ed4f27f7eb41f529851e12,08811003a5500b69cdc9b31e3014f7c0dd382c3358cef76c308de0045c1d18e2,0b1b1b0b1b3b3d87,117.609130859375,1799.5361328125,,1,1
110/img_003.jpg,110,img_003.jpg,.jpg,60145,True,640,480,RGB,JPEG,f85e1fcb006b6aedc7f496c52b9b6bbc1f5d194d6fa4b2bf82accf999a27004b,5522ed39104e997a277138e55ad7da2f42051d58160db85a84caf4e9c9bc12e8,474746c75b5b8c0e,140.72412109375,1879.08837890625,,1,1
110/img_004.jpg,110,img_004.jpg,.jpg,66322,True,640,480,RGB,JPEG,603533d26304cf17f738e9c789ebac1ff0de73570d1134215db795dc5ca7cf59,466cf6631960fdddeaaa227c31889cf3444d26c00fea2f44b17d885376a37d9a,8f2d6c76b6f6bf3e,130.212890625,1197.786376953125,,1,1
110/img_005.jpg,110,img_005.jpg,.jpg,55046,True,640,480,RGB,JPEG,a6b575ff12404ade56a4fe987404b45086d842aef9c9c10e6db58c655fba3657,7f20c28932593788a4dfd5281ec5b6558066dfae88bf7ce7f16119dfb3562ca9,5b63f35bd37b73b7,135.404541015625,1654.4891357421875,,1,1
111/img_001.jpg,111,img_001.jpg,.jpg,38281,True,640,480,RGB,JPEG,7a4bdcab1b553a812b84ee57f50094cdd4b272091d56f5f4bc94f9855274502a,09edde14c4402549b859244a29b8d7f45ac2d4163fa916a92186c99838c98d94,0b737373616c2f33,115.3740234375,1492.85546875,,1,1
111/img_002.jpg,111,img_002.jpg,.jpg,38518,True,640,480,RGB,JPEG,eebeac3144289f13a5bc9cc9c586eac2e46960cb0f34a46d2bb9053f8e27b1f7,87af9fbe7ecdb404f57822d0cd065fd15b51457ca9a19e56a3fbc716be3acf11,0b1b19499b3b3d87,109.284423828125,2050.84375,,1,1
111/img_003.jpg,111,img_003.jpg,.jpg,38021,True,640,480,RGB,JPEG,3dd1b20ef19e3bb08dac15c68f7f6356b2412bd9e8f18f8cda8759b4e16e923f,b676d5187a3a535d8bc1a5faeaf6f42720cb612fd2e3adb3551333200a725cf4,27272b4f4feb4c0c,167.87890625,1672.5787353515625,,1,1
111/img_004.jpg,111,img_004.jpg,.jpg,50840,True,640,480,RGB,JPEG,54bffc014dc143127546942478bb8669c2b3edeed7456711c83e8b92858d6a39,2a891dbb6855d88475679a1804123e5bf93496247a3863765acbd4dfce613728,0b6367656252c9f1,125.1669921875,1184.04638671875,,1,1
111/img_005.jpg,111,img_005.jpg,.jpg,32388,True,640,480,RGB,JPEG,3cabccbe9bd1f5a5ce242f1d177d9bb600d252552f448910718fe2c55f1729cf,9baf4825121bee331fe6ea67ab19c877a67a1b59803a867524a60d43370e93fa,3b39393139797139,135.64990234375,724.1074829101562,,1,1
112/img_001.jpg,112,img_001.jpg,.jpg,38125,True,640,480,RGB,JPEG,49878c8d8eb0a42669aa539ecd54cbb2d067514861a6501e6646d13dfdd4a050,feb3c4f9e7b1a3ab89db7afb3f0cfc9480e6824374204f1e72ecdb306180b692,0b7b6171614d2f33,120.7158203125,1339.207275390625,,1,1
112/img_002.jpg,112,img_002.jpg,.jpg,32753,True,640,480,RGB,JPEG,06c5754926cbc4f1dda13b94c1bee72d5ae354b69b2e6fb73fdac1e772ccbcdd,e0283ee84defec144c93f33e2959168cc71fd905e9cd1109dba9381b069c517a,4c466666777373f1,145.35009765625,1324.407958984375,,1,1
112/img_003.jpg,112,img_003.jpg,.jpg,60732,True,640,480,RGB,JPEG,0f6b7c3a3eda2b149bb7abc7c1b5012e3c1a16a463f1ddc50c70b7ce3ff34871,3b59eda8fb0e59e1e79db25d7a526814f103e832cf1183ff624df276fcfe0775,16732b4f45548e23,136.994140625,3321.76708984375,,1,1
112/img_004.jpg,112,img_004.jpg,.jpg,38862,True,640,480,RGB,JPEG,a3c692e2e53bd058ecbc98bf13305588fcff7a0c8b1643017f3fc1c33da6b349,457013291b369146094631227002a78fbbdea1aca75083fadc80add198cd9b4c,b12d697473697038,118.457763671875,1288.21875,,1,1
112/img_005.jpg,112,img_005.jpg,.jpg,34004,True,640,480,RGB,JPEG,283d9091e3e96bb962c5f173211fe9f536f1bfed2a6235196e80f81bfa7e661e,17e5bce98e1d7ddb53dd7823051e117493d1ea17d04824fdbe3780da3146e18d,9c9e1e2f13736303,161.78369140625,1588.797119140625,,1,1
113/img_001.jpg,113,img_001.jpg,.jpg,38136,True,640,480,RGB,JPEG,ee4ff8658dd87b956b40f962ad11b5265bc1edc2d7c5db81825f0e882e86d226,f1eef7bd08dd3fedfbed164fffa86e1c74a741febf1abe4e62f57fe3737034b8,0b7b7173614d2f33,119.343505859375,1368.9334716796875,,1,1
113/img_002.jpg,113,img_002.jpg,.jpg,33319,True,640,480,RGB,JPEG,5fafbb6cad7584938ea1a4be4a87fb9686ecdaef0d5c6cd0abd19df61c5c6c87,e2c7f90b1645dca942abea1a307c8e58b711800ed89964fa9b12937ab7bf6492,4c676666777373f1,144.52099609375,1324.2557373046875,,1,1
113/img_003.jpg,113,img_003.jpg,.jpg,41714,True,640,480,RGB,JPEG,b2181c12fae7011d52e0a118f241c74045e9d519cd98404296aabcae3fdda5a3,16ffe326ba68d022cedc8f13bbc9c3010b32d5c396f0698c87067ee7a60ca37b,1e3b333333e361f9,120.18994140625,846.3734741210938,,1,1
113/img_004.jpg,113,img_004.jpg,.jpg,40196,True,640,480,RGB,JPEG,42259feec0ad5defbc1bcd3558295b28768a3c4c0188518332a260e0f840dfff,7395e575ee8661609722f70f58b43bfc2a60c4a83091de6f160c64266d6d05a1,8323310b2b363239,129.13134765625,1501.5126953125,,1,1
113/img_005.jpg,113,img_005.jpg,.jpg,36523,True,640,480,RGB,JPEG,16b5a9d85a6c81a00c45da95d869d2eecf26a9824e3f56a1a931f1e629aca12b,021cc653529a92470ca67765bc4a82fa67834757a24b640ae1d996b645f18557,0f3b69737626231b,117.267578125,2028.73046875,,1,1
114/img_001.jpg,114,img_001.jpg,.jpg,38116,True,640,480,RGB,JPEG,f081b1570b2373d2c1b862ad3a4371f7a7604161719d09cc9ab7130f62ec3550,b26cb497d9b23b527aff40a245688715b688990504a30e9f144cc2ce646d898c,0b7b6171614c2f33,120.123046875,1349.55029296875,,1,1
114/img_002.jpg,114,img_002.jpg,.jpg,33444,True,640,480,RGB,JPEG,b8385e401c6d26a6be873bb92d49b00eaabde70478463cb26d2982970ecc474e,5ac383f0f24c91f154387d5596821e7169561771883a0cc4bd56ccd0a963fe24,4c4e666667737bf1,144.384521484375,1347.642333984375,,1,1
114/img_003.jpg,114,img_003.jpg,.jpg,33281,True,640,480,RGB,JPEG,42de1528f06ffb648767cab6928be69cb433b8a36ff4d0c3792915ebd86999b5,0fbabab4da2b2a133d194ea604e5d1257daca1852e792e9afb8b1027e7ec7d3e,4c4e666667737bf1,144.562255859375,1341.231201171875,,1,1
114/img_004.jpg,114,img_004.jpg,.jpg,55681,True,640,480,RGB,JPEG,67d542732add017a65575ac16be250a4af5f9882714e0d9a1d9714394e87321a,4892259ff4f5240d50d2b6fda562720aeed1bd03da6c5d65dc8db8de5b1ee87e,5b6bebd3d37b7397,131.062744140625,1650.749755859375,,1,1
114/img_005.jpg,114,img_005.jpg,.jpg,32289,True,640,480,RGB,JPEG,665734c0c2dec0b8eb1f693e0a324b3cc8553cd8b0a9d3da869f56dc96d32de0,f2b28d8349885d16973ca6d132b3b9d69741b55d30ce2f5e34f9f1314dd15b77,4e0f23639672b233,146.970947265625,697.9227294921875,,1,1
115/img_001.jpg,115,img_001.jpg,.jpg,38230,True,640,480,RGB,JPEG,76b588b2999d6da824da51cbe2ef4eb9097eea4d3be3ef90145a3d55a35d2056,1031c501dc59bda14c2d103cbaf18e2d730bb6f11bcc06ac20c001dda7b4aa04,0b637173616d2f13,119.434326171875,1398.1588134765625,,1,1
115/img_002.jpg,115,img_002.jpg,.jpg,39272,True,640,480,RGB,JPEG,560d466d15115bb642c084515cf58da9cbedfc304dd93f8b2b46e8350717d181,62afc81e6fc9cf4841ffd7d5f8669784113793b0a5ed358200aa16544a63ea8d,1e57737363e17848,129.484619140625,1332.96728515625,,1,1
115/img_003.jpg,115,img_003.jpg,.jpg,39281,True,640,480,RGB,JPEG,730240681debd0ff6e6cdeb251ff496647d93ad5dc278070004a3334649c1d09,51c3aaf9692d1694cc051627f10a298c4725de30f1e64eba10d67240884e9172,1e57737363e17848,129.357666015625,1331.4212646484375,,1,1
115/img_004.jpg,115,img_004.jpg,.jpg,36697,True,640,480,RGB,JPEG,a33ca151f422d3ba6a0afad3d69b20c8612f20bdde92db96589a479e7e7cb91f,ce0cda80d90c4a55e1f9fb53c584008b592ce2d29af1443e5c58fc3228e86675,0f3b6d737226231f,117.031982421875,2069.658935546875,,1,1
115/img_005.jpg,115,img_005.jpg,.jpg,36561,True,640,480,RGB,JPEG,5765dc243b17b391a9a5c6bdae4aaba8134418686a9861bf17d0849894e3b35c,16673182897a5a7e3e2b1d04706d22a8062ba77f978f0c2e142e605894d5e633,a43533333331304c,129.25927734375,897.7791137695312,,1,1
116/img_001.jpg,116,img_001.jpg,.jpg,38314,True,640,480,RGB,JPEG,3aa6414f032186538389fbc6f407a92b89f9e4790df2045900a0b388b0c5a3c6,375215967638a43ccae81e06795b0230bccb2603963a6c108c5006f7ff9560e2,4b2363f1616d6f33,123.535888671875,1326.79638671875,,1,1
116/img_002.jpg,116,img_002.jpg,.jpg,60048,True,640,480,RGB,JPEG,639bb321a6df05147a007b62919c4ef6f01e5f68e6ac32b1d429d5478e7e46ce,803bece39a638c42665bca207a350e2c50efbafa2b33ea09575bf04a5540e94c,5747c5cd4f5b9c0e,136.10302734375,1799.856201171875,,1,1
116/img_003.jpg,116,img_003.jpg,.jpg,33274,True,640,480,RGB,JPEG,ef5b79d1a4b50d7eb7170cede66eb28867c327bd4742aa20c635ccadaa0d9796,6016fc68275717b7c340f7269c5ff43a0d320fde1c0bccc2673d8394ba74c8b3,33734dcdcc9e3353,120.24951171875,1154.67822265625,,1,1
116/img_004.jpg,116,img_004.jpg,.jpg,33069,True,640,480,RGB,JPEG,37a488ae3b4a54637fa3c49598f2400b9bdb69b919415a1b70301376a670d190,1cbbf73362ee2d4912fbb3b4a75be720c7e65b192c0872238922b9ffdd3ace76,8c0c1e2f37734353,154.726806640625,1543.0,,1,1
116/img_005.jpg,116,img_005.jpg,.jpg,28687,True,640,480,RGB,JPEG,add563d715f5051b9c0118f6ea409ab28cdd97b06abe4885e66f8c09fa7d26b4,c91cbf215ad25f396d7728ba2dad8e2647eb50ec10d28acf8f647f5c250190ef,d80e2633332b63f3,142.451171875,778.6873168945312,,1,1
117/img_001.jpg,117,img_001.jpg,.jpg,37009,True,640,480,RGB,JPEG,6dc3e9a027e552702672592d2556a04eb3d3e39a42b3e9bb03f6afecdfa0d77f,d31627beeb73f37ee272393415cc689ffba49409a420eeea6bbbd665deabe7c9,4b2363e1616d6f33,115.16845703125,1222.7684326171875,,1,1
117/img_002.jpg,117,img_002.jpg,.jpg,40497,True,640,480,RGB,JPEG,9004dfb86d8f4c628e61b643dc65868bac228a94fa48993e61b6ac6109d943fb,0dca81acbf0674f354b7aefa8457fce42ef7618b34d552cb9e17a5e0edba79ed,1f93b2a2336361f9,112.6220703125,694.9503173828125,,1,1
117/img_003.jpg,117,img_003.jpg,.jpg,33417,True,640,480,RGB,JPEG,b985c527afcf0872aab263120631e78a3f92263dea7b52f67a9f751a8ab9ee96,be63ad221fb95cd6310f9f6ede1e783957bb7eb5f61cbc2abb2702f7af379643,cc0e33173b336971,137.934326171875,994.8714599609375,,1,1
117/img_004.jpg,117,img_004.jpg,.jpg,40144,True,640,480,RGB,JPEG,9488677cdc7e2652c9b4b64d59c6bfbeedd8e78c0188679f361f95985f048daf,fde8f0288520f023fac859a522516176236f41feee86024c1527423fe0fd7cbf,3727336b63617170,106.611572265625,1151.21826171875,,1,1
117/img_005.jpg,117,img_005.jpg,.jpg,32925,True,640,480,RGB,JPEG,09bff59068d6261b1ccd13977b6307d27c2bac2957cc1cf5541445c28134744a,4bc1655851728ea340280904e334c81eb1806ce440d2b97bb6da6fd6a5a93a87,0e0f2b4d5d9fb636,151.785400390625,981.3760986328125,,1,1
118/img_001.jpg,118,img_001.jpg,.jpg,37105,True,640,480,RGB,JPEG,5d59706a1c48f5c0643f9fac37a6b35d7699c4e39c01c8cfab149eaa343a916c,c0d1b252a3994eed1e69108446cc5df6565d1f88495a53db4cea5ae93d8bf9cd,4b2363e1e16c6f33,115.214111328125,1215.8701171875,,1,1
118/img_002.jpg,118,img_002.jpg,.jpg,39295,True,640,480,RGB,JPEG,583cc4b1bbfe6ce11350719cfbd76387362947966c154c7c7d8cf3429baad00d,c8848abfbcc08dfd16f1c6a6f64b7984ae6642d7d3135ab9b68e52a8d2608b22,1e0b637373e1784a,131.499755859375,1222.545654296875,,1,1
118/img_003.jpg,118,img_003.jpg,.jpg,59741,True,640,480,RGB,JPEG,59f4d60952b5d9b92db0dfa22e92f475dfdcfe3c4844e4a44f5ec90eb34f1227,677be9ffcd76b93d6b49971de3ba062a7413c13a037c07883f82755b019568e0,16736b4b53358c33,133.9345703125,3239.66552734375,,1,1
118/img_004.jpg,118,img_004.jpg,.jpg,37474,True,640,480,RGB,JPEG,3c2f7e3fc9ef70650826f821f367180b9310de2ab09ab4e6ad545d1f2f402dd2,807fdd80a03d7b154099c119cc6367064482af0e9e3dd5ae06fc31cfc38466bd,8d3363236261f0a8,111.321533203125,831.6417236328125,,1,1
118/img_005.jpg,118,img_005.jpg,.jpg,70015,True,640,480,RGB,JPEG,8e5bb724405e0b4af6c64b25c0f1f565df49fcdcefd55e270eb074d5d23fb50e,1f651d496846ebdc8ab83ab044786dd593af11db4cf3ec4f16339cc5478e17e3,8f2d3c727ae9eb3e,130.171142578125,1341.801025390625,,1,1
119/img_001.jpg,119,img_001.jpg,.jpg,37289,True,640,480,RGB,JPEG,66bbc1ff8722bb67d14e4a87275090d7a32b723b66bb2a1c2ad6db4a3e8235af,b5c90263e1424c7d2786debafb4cf0952f1e7648bf17f1bd9d73bf9531f20119,4b2363e3e16c6f33,114.476806640625,1242.514892578125,,1,1
119/img_002.jpg,119,img_002.jpg,.jpg,36787,True,640,480,RGB,JPEG,4e879f959e632dcc0fbb40ef49132f559ce3b6680c7b28b3d49f03525722c5d3,9d9542aeffa335ca38d929ff090ced1c2db268cc6a468d397b1e4c7edeef19a1,2b1b9bb91b2f378f,114.09033203125,1758.352783203125,,1,1
119/img_003.jpg,119,img_003.jpg,.jpg,32699,True,640,480,RGB,JPEG,4f81cf1c6194196627c7c929744e86d059475187d5fde2da48c07a57455e994d,b838b53803dd0f138b1fd71c7f4066c4fb3388da45a8ae9dff56c60543d6cfbb,8c0f2921296b71f1,152.0947265625,1301.4027099609375,,1,1
119/img_004.jpg,119,img_004.jpg,.jpg,43142,True,640,480,RGB,JPEG,3b5dac42bd7c13c4eefa9d0b81fd1a1163f3340708f6d182ff24f4a441ce0ed4,e560414256ebeb73c85d64dd60d1a0f7a51a5259986ab8b45df1b9bf1fa1d678,1b6773a36173739f,123.8974609375,1164.6112060546875,,1,1
119/img_005.jpg,119,img_005.jpg,.jpg,65430,True,640,480,RGB,JPEG,17f3454f4a47d3f69a3bfa6e66c7a6a5037cfabddfa42b071ab68ff9ebb7b2fa,f9076304b1194d9866d199452d104d1bcc15cb9940d70f03a138da6dc57eae4a,8f2577725adbf33e,129.062744140625,1192.145751953125,,1,1
12/img_001.jpg,12,img_001.jpg,.jpg,35268,True,640,480,RGB,JPEG,9b32a42af87cf413f1f907b42c4001b515e15f1d3f25822b6c297e4bae14ca06,46a4532c6682faf51fc5fc369f754ae7c30591160e3a035b33129be9b4b216cb,4b4b67e3f169674b,124.172607421875,1300.5872802734375,,1,1
12/img_002.jpg,12,img_002.jpg,.jpg,42240,True,640,480,RGB,JPEG,52b67afcfbe1c301e563b113bbd38197f6b0abfeae84783c895dd4a177084c30,6975200ce6fb03e5d9f045e03de20159f0dc9f9c0bba19a300450b7b9ee4c57a,0e9ed2d2b1b3b3e1,104.771484375,613.917724609375,,1,1
12/img_003.jpg,12,img_003.jpg,.jpg,32355,True,640,480,RGB,JPEG,02764a0b9c3a941b2b4a96df6979d0401dabe61f4af0d98e6e6d800d09cbdcbe,23444032f2ab39ceecb39786df02255e408039b0c597cc446426ad8442fd4665,e7c792a3031b3934,133.40283203125,916.7852172851562,,1,1
12/img_004.jpg,12,img_004.jpg,.jpg,37987,True,640,480,RGB,JPEG,54eecaed3eabcd7e5dc86002f143271d28acf49c2b7b93e3017dba4c3b89248b,f486dec68b4a6670ae43d429c0a3c880f27853ab222edb2d4082e0665214e534,1e37373b3939d411,154.02783203125,1140.272216796875,,1,1
12/img_005.jpg,12,img_005.jpg,.jpg,32117,True,640,480,RGB,JPEG,b919f4eb57ec32a74b13800fa34aabc4350f6efc1bbf50fe7175b705169d9709,9d55e10edb60c8a77b884df0d9da2209cd26ab21a5eefe5a8fa79ddbf2a5895d,1ed7e7e7f7f3763e,136.77734375,675.7218017578125,,1,1
120/img_001.jpg,120,img_001.jpg,.jpg,37188,True,640,480,RGB,JPEG,04727b80cf1dfaa26169e68826de95971cfe74a5e7bfc7625a284d1dc562d8e7,1c309902a8ec9b1d588d62245fbe2d0cd082a88d2da6b1f62dad700807916974,4b2363e1e16c2f33,114.246826171875,1248.5985107421875,,1,1
120/img_002.jpg,120,img_002.jpg,.jpg,39238,True,640,480,RGB,JPEG,3aa9dc3da24b4007e0b13361298ba4153fc47aefcd770bf4c66f2c4d44b3789f,a0f01691e3bb5459ff6bf698ea86f73749ce6e8f99502645f424fae9267c55ff,1e0b637363e1784a,131.041015625,1247.4622802734375,,1,1
120/img_003.jpg,120,img_003.jpg,.jpg,39247,True,640,480,RGB,JPEG,32eb06aecb91dbb55a58929b6faa5af348c503ce7aec6928ecdc5102fbf36269,3284f301144a63fe97a03f277fe027fa815bcdda3f3e0ed0ebc2dc35a24dc4ee,0f2739296170b88a,126.744140625,1191.5103759765625,,1,1
120/img_004.jpg,120,img_004.jpg,.jpg,37129,True,640,480,RGB,JPEG,d4137257f7ecd9f09b4c7e3a634eb8fb8b0420dfa48a06387eadeb5b292f76a6,9d6233920e8835095c938533e6c4a75f54f1b2b38ede0f9b563b386d6df64f79,813133333331304c,130.958984375,908.5926513671875,,1,1
120/img_005.jpg,120,img_005.jpg,.jpg,55715,True,640,480,RGB,JPEG,6ad0883e945f884c4484b8160f8ced7d0c82541184050d03561b0c8d57fcc2b2,deb17d6c14a3d37b722e7abc6da2b75073e7ac1ca3e08a14f1e62abd5e95a4c9,0b4b4345c672f0f0,124.79736328125,1116.237548828125,,1,1
121/img_001.jpg,121,img_001.jpg,.jpg,37223,True,640,480,RGB,JPEG,be42b5674a94e72f6b0f4455f5e57a183706d1a17b7bf551b59e0969ce5ae30c,acbd39d170d755db29e162cb729ead471f5177cf59703f7ea18663e1cc0af91a,4b2363e3e16c2f33,113.177734375,1278.182861328125,,1,1
121/img_002.jpg,121,img_002.jpg,.jpg,39248,True,640,480,RGB,JPEG,a7303d025c37e4192dd1d374e94cead749434ce37bb0f5ec385985030803f7b5,33e8605a85f28405f4dad2b3bc735bccb9f57e4d4dc156282e2761c6d9e3f7ad,1e0b637363e1784a,129.94775390625,1271.5745849609375,,1,1
121/img_003.jpg,121,img_003.jpg,.jpg,59547,True,640,480,RGB,JPEG,cec6254a58173fdf2ea08d07faa4037f7309aa38f0559328dfe298cfafca2f7e,04f7cb2e70b06c092023cb3013cd75706f33e865a417ce46509bb85b96fae113,16736b4b3b358c23,136.135986328125,3164.92578125,,1,1
121/img_004.jpg,121,img_004.jpg,.jpg,33870,True,640,480,RGB,JPEG,04be42d122999c3385d8fe8834fac180eca62a88160389862d663da71342c0fe,defaef7918de06bed21da7443a4c5d4e638ab6b2f5bab42fbd1c46b75de42eab,8c0c0e2733734353,157.640625,1550.1748046875,,1,1
121/img_005.jpg,121,img_005.jpg,.jpg,29615,True,640,480,RGB,JPEG,bf6dfc67d27b03954db5c5facfa5bab968920bfc31ef727fd3c6bb41cc3666a2,c891c6aed1cbf1de2560841c6e0ee697fced6d89d843756d5a7d01d36990a4c6,d80f2331332b63f3,139.064453125,848.0681762695312,,1,1
122/img_001.jpg,122,img_001.jpg,.jpg,37311,True,640,480,RGB,JPEG,6b247168d0998d11afce1a9ad9c9f7e3e353977177942d032517c2550a5e31cf,5f9a0ecc6217e36c1129e3858b1b9a52e773f42d9c641e2af94ead50d2c97fca,4b2363e1e16c2f13,113.135498046875,1288.19091796875,,1,1
122/img_002.jpg,122,img_002.jpg,.jpg,39154,True,640,480,RGB,JPEG,f1b5c051df0ebaafcd83b4da62f308002c10c08921cd1773ce4470d58b43d35e,bb2c143b75b24a9d4b6e25a9510160286559724c3ed3ed33ce765f402f92fdbe,1e0f637373e1784a,130.612548828125,1278.5699462890625,,1,1
122/img_003.jpg,122,img_003.jpg,.jpg,39098,True,640,480,RGB,JPEG,e96f2dfab41ef074d5f7def8e755dd12dcb2135ec0f66777eb925c3280aa1043,8c1d88b5af47302734aafdb86ac9648e2176d714a1e7f6c9277613d9a9dd17ec,1e0f637373e1784a,130.63671875,1279.8818359375,,1,1
122/img_004.jpg,122,img_004.jpg,.jpg,37475,True,640,480,RGB,JPEG,4cf2b0ced93d98041f05212d27a99265e018dc00e7134d45af0d9d258035d280,c0e1f90cf3da95a2a11a26a3b3e5add95b52fa13b9bd67205137b1c785af9692,1393d68f99943239,133.011962890625,1442.952880859375,,1,1
122/img_005.jpg,122,img_005.jpg,.jpg,35407,True,640,480,RGB,JPEG,0fc679bc95b6afb21d30133193a14147f5a833f3f95d436bc4145e069ba3a975,ae19cf569e4b2f1236acbd29b087c867f28731138e9e1face8e8b75c0a1c4b87,0f3b2d356466331b,116.76123046875,1909.244140625,,1,1
123/img_001.jpg,123,img_001.jpg,.jpg,37297,True,640,480,RGB,JPEG,419ceac40cec143db02ec6c65f8eec028514e650ddb02d268216ae2090b70cbc,69ddf518c612b1091dcffc2dc3c17ab42c3b989ee012e5ddc17ea3689d5c5a8e,4b2363e3e16c2f33,112.206298828125,1285.2137451171875,,1,1
123/img_002.jpg,123,img_002.jpg,.jpg,59989,True,640,480,RGB,JPEG,0106eabe2017510d9222049e0143baa59881fe460821a83cb9a6d9be61dcb066,8a9e3a2da783a0774e0f6b71f0ef7d8906855f4155f7e7d9125f638b91694aa7,5747cd4d4f5b8c0e,140.252685546875,1970.9869384765625,,1,1
123/img_003.jpg,123,img_003.jpg,.jpg,41801,True,640,480,RGB,JPEG,3be3a6058a268dcb97d598a0ba58fe66e6d5049552219363c2c50e3c80402572,2298086a546e4d39ebb1d03f15d5f2dbf21bac434896678988ad64464833b119,337b59d91c3f3b1b,113.3388671875,1572.27978515625,,1,1
123/img_004.jpg,123,img_004.jpg,.jpg,45376,True,640,480,RGB,JPEG,306606d878c1ec10e9d611ea18a148dbfe1bd980406f509a2486f391d2e6a5eb,368e92e8209468de4cd2e56dfa69b00762a5da69b6ee27d5f4661a01fcba4002,130d2d4c4b3b7127,126.1943359375,2450.97705078125,,1,1
123/img_005.jpg,123,img_005.jpg,.jpg,39061,True,640,480,RGB,JPEG,8eb7e92a66fafc4bb833a0a4f4e6639241f18cad6fd685062ff65f46bf4e0b3b,82b919d92b7f70ad22a419b0dfc1991ca99ab83f9730420e4cdcf9e8fbaac24b,c6e633b3b1f0b0e4,114.653076171875,916.2908935546875,,1,1
124/img_001.jpg,124,img_001.jpg,.jpg,37210,True,640,480,RGB,JPEG,39e536daee2fbccf836171e705ff1398673325fce098779d6c1da8e083b4d83a,93e53a01ddc5173e6537555121e0d717db4a7b18a40d12063339ff76c60f3f37,4b2b61e1e16c6f33,117.2080078125,1183.271728515625,,1,1
124/img_002.jpg,124,img_002.jpg,.jpg,41112,True,640,480,RGB,JPEG,887e762f463277dc5378aed512d893c1654d1b84253124e6776deef9aab2d1a2,9733537c061a7ae14fdfde0d2c6f033e6f1539fc3a17a8dc3166c4468742fb8f,1fbbaba3336361e9,119.91943359375,711.1290283203125,,1,1
124/img_003.jpg,124,img_003.jpg,.jpg,62952,True,640,480,RGB,JPEG,2cbd2f07a45772aa81cbfc175479b6f2387a292abdeb6e8b3f6827f9aea23f0c,da20b53b871a1fbb79e2229b75951a246bc25766495bfc25a1fd4f6561620220,993925295916230f,117.093505859375,5817.1611328125,,1,1
124/img_004.jpg,124,img_004.jpg,.jpg,46154,True,640,480,RGB,JPEG,d4b00e1daec20c8aa686bda77e4cc893900f9de70e78c6b3bd16158493d3e296,159e5775f646fcb31ae58fa4be4b3d8b7a5d61e51d803b7842da98da24132063,8e0b4b2563a3231f,138.21923828125,1945.677490234375,,1,1
124/img_005.jpg,124,img_005.jpg,.jpg,33571,True,640,480,RGB,JPEG,51f45dea5d4751c13ac1b40e1e4ee8a026804d8d107c13b0eed8613231912703,26a83cba9b9669bba315e6d7cde381cc05c3af12f6e57789fb4681793a8409e7,8dbdb13330388c8e,118.0634765625,896.12109375,,1,1
125/img_001.jpg,125,img_001.jpg,.jpg,37051,True,640,480,RGB,JPEG,c3bad28df0e5260ee3c4f511cfb8fe6a718747ab7ba1cbc233f5ae1592b809fc,e3fd5f1e71588004fdb3b4d4d975ba9786a2a711678d0fdf06c4ada38f402161,0b2b69e1e16c6f33,116.147216796875,1169.5286865234375,,1,1
125/img_002.jpg,125,img_002.jpg,.jpg,61571,True,640,480,RGB,JPEG,6f8e7684565dec7841a2fac7ee8bd2322d781570d54d886fc745a906e7058966,ac7294cfe69f214c28bf357a89cb0d084dd9427cfbf229a6c72553504a77e079,5747c5454b5b8c0e,134.579833984375,1756.6973876953125,,1,1
125/img_003.jpg,125,img_003.jpg,.jpg,60608,True,640,480,RGB,JPEG,45628d8f391bdd3cd9b9faee972285967d980d461fcdab22a4ba39cef5c88fd6,1441474c139ff30982f126a43a33afdd7e26b80674bebb10375790004d9c2099,16736b4f15358e23,136.708740234375,3321.69091796875,,1,1
125/img_004.jpg,125,img_004.jpg,.jpg,57295,True,640,480,RGB,JPEG,7bc61075f905957f35a055dc29e5a44bb58e62cfced295ddd0250cb79386758f,01fb8f910e48b94db4b3cc5d6135ccea60195e03c33f9c5330f0ae794ba6d395,5b6b6b7b7b7b73b7,128.38037109375,1669.85498046875,,1,1
125/img_005.jpg,125,img_005.jpg,.jpg,32151,True,640,480,RGB,JPEG,b6a2eb7eb6aac5acf8e45712447a476bc630ccba0ad8b100a6ee5ba82880c9b4,9f18ef8c422c464688d0df58f9c320810a8ef7913a684af5c157e97e01059c3d,4e0f23618434a223,149.06396484375,818.0973510742188,,1,1
126/img_001.jpg,126,img_001.jpg,.jpg,37479,True,640,480,RGB,JPEG,bbe86c5307f3ff0c3399648fa785eaa88ceb256847570665c122d4d61b4fd945,1373d123bc6db053a9367bc6a36bc8ca021e8bf61df4106ee07869fe89080a4c,0b2b69e1e16c6f33,115.44091796875,1207.436279296875,,1,1
126/img_002.jpg,126,img_002.jpg,.jpg,61224,True,640,480,RGB,JPEG,77bbb1e1b9254b7b7c6cd8df131c743e045c631572aecfb90a686233a31bad50,4f95aaaf6b841dc9942e6a8974d3d403f5da2d234800165f4cfe38234502bd1a,5747cd4f4b5b8c0e,135.709228515625,1814.89306640625,,1,1
126/img_003.jpg,126,img_003.jpg,.jpg,60680,True,640,480,RGB,JPEG,a8dba2c3069c4e19fdf634b569b1904628d00b9f046a7da4364d46f47b9012ad,5aa37bee4d1aca15ed15344a931f798851ca5af5b473fddb5c6964d3b58b47ab,16736b4b1d358e23,136.86083984375,3352.641357421875,,1,1
126/img_004.jpg,126,img_004.jpg,.jpg,32199,True,640,480,RGB,JPEG,f6631265989d38ef98d04c04f16922ed456811620da7d04d8bea6558412177a9,f1d75569f7e9a48a09e283af40f17c064d719aab90f8f1b928cced1125298d89,4e0f2365b474a223,150.45751953125,822.9671020507812,,1,1
126/img_005.jpg,126,img_005.jpg,.jpg,35839,True,640,480,RGB,JPEG,e70118d03638f69942d6b3ac9ae72a4519ca82f2bd1cf73a90aa3a25bb90da2a,94ba0252d3c39fc49c227827915b8838f8a5dfba758990e6bda2b0c883e50289,8e2a2061ab6971d9,119.516357421875,580.1350708007812,,1,1
127/img_001.jpg,127,img_001.jpg,.jpg,37437,True,640,480,RGB,JPEG,89ef33a777853236dd8af4d8929a29dec8115657f526bcdbac3c154706f5651c,b3f5114a8d4f85959e11eacbf65c26ad1e36c7d4b6c336e3b9b15a6c27df4f98,0b2363e1e16c6f3b,115.309814453125,1267.0556640625,,1,1
127/img_002.jpg,127,img_002.jpg,.jpg,61265,True,640,480,RGB,JPEG,dcb6534a79a00c04d932c08f51aeba0b8eb66c1e6042f4a26b6677abf661ed5c,d2c305bbd4440aa9b9c6e2d276d88c903b840e55459cddc4ad0654138945ca86,4745c5474b5b8c0e,135.49658203125,1802.252197265625,,1,1
127/img_003.jpg,127,img_003.jpg,.jpg,32176,True,640,480,RGB,JPEG,eadd78605b060978e66cc6240c981cf252a6019a69cc27dfea6e35eb62a04469,f4261e7b459cf305647801c2b5f4465b3f55c4af6e65e06abc6ddce66271d675,b5353171396978fc,118.3818359375,683.0804443359375,,1,1
127/img_004.jpg,127,img_004.jpg,.jpg,42226,True,640,480,RGB,JPEG,0d1321d20b2d9b61d1b1f6a20b2fddcab7b5997c886ec7b9a758916b5d0c03bd,d862a5a4d42d2b8c51d19f3ed1a4d1de2dd72b6758a61048f5d7c8066b82cc68,276b698e9361e0c8,141.338134765625,1093.721435546875,,1,1
127/img_005.jpg,127,img_005.jpg,.jpg,36701,True,640,480,RGB,JPEG,1cfc3133a8b7098e6a1d73bc77741935556cb3cf90ccfc8bc25ee666b92217bb,be00cb59f0638d48db2a2852e4ae28d82c85115771a16726c6d228640b1648f5,8f2527236361703c,115.927490234375,1178.794189453125,,1,1
128/IMG_001.jpg,128,IMG_001.jpg,.jpg,34096,True,640,480,RGB,JPEG,27ea2a1ce3a8c5a5f33b8254b90ecca097e16715da7185d125a4e232cf92d0a3,c8e37fd541ae5344a3fd1476bf01e5d2baaef4747f6a28cb74a0c0317382e21f,cc0e331f1f3373e1,144.37109375,1017.3990478515625,,1,1
128/IMG_002.jpg,128,IMG_002.jpg,.jpg,40181,True,640,480,RGB,JPEG,9b45530769128bd2c4091325562ac233e04d43011df4a5f7b88bcffc0c618703,1aeb74e696aa54f98c987a463a3140d7e33f99d8353c27c6b213093a54c5d0a3,73e3d3d91d3f1b75,109.33837890625,1188.7947998046875,,1,1
128/IMG_003.jpg,128,IMG_003.jpg,.jpg,58316,True,640,480,RGB,JPEG,11ff7b97e6bb203c83ec2993c22771a43d6f05cdd4a83174dcc484fdd8d983c2,37aa94211a77adaf22fe6f7d8bba465cf5694ba428b28a018fefa94766b8d36b,574747454f5b8c0e,140.544677734375,1849.940185546875,,1,1
128/IMG_004.jpg,128,IMG_004.jpg,.jpg,34804,True,640,480,RGB,JPEG,9958cbce44c45de78c46b08222c1be4cd628303d62e1d107ef279fb920b6756c,11239ca4c21750216b57bee6aa5fefb988b3c3e993d0de5f9a397ed7666e189d,1525254d0dad9ec7,111.088623046875,1319.1416015625,,1,1
128/IMG_005.jpg,128,IMG_005.jpg,.jpg,33908,True,640,480,RGB,JPEG,3bca882ec2c24a82363d6440877fbb4acfe2d00397b58d05353bc82e6bc21806,5be3a078a21c0cef8d8ada0a4ec548077c14b85d573fa541e706e3b19fb3d8ef,cc8e66666773f9f9,147.48681640625,1361.122314453125,,1,1
129/img_001.jpg,129,img_001.jpg,.jpg,34094,True,640,480,RGB,JPEG,4039cd73b72e1ab1b32b2b724fb43fd513819345a99ecddea848e4063b63b987,37e1e4c737e9419edc5146667a5d8077528182ce2ed225bab40f3af67db10ddf,cc0e33171b3b7361,145.39990234375,961.4921875,,1,1
129/img_002.jpg,129,img_002.jpg,.jpg,39754,True,640,480,RGB,JPEG,a7de2950dda9548b3ae0a025456268df99f6ce10e6093b3c20c882ad03e292bb,1382419c19c4fac96fd333f3f4fcd8ecce61c131a07b366152049ff1c08aaa3e,73e3dbd91d371b75,109.51513671875,1219.6611328125,,1,1
129/img_003.jpg,129,img_003.jpg,.jpg,59499,True,640,480,RGB,JPEG,93194d66e2ee87bdd4d6150afbd19c1f890cf08871b97578cc894c5535b3b53b,87d9329df88c51f8c2f4d813afd42829327aad54b35bc1a2d6f7b769f26d06c5,5747474d4f5b8c0e,141.292236328125,1897.312744140625,,1,1
129/img_004.jpg,129,img_004.jpg,.jpg,36033,True,640,480,RGB,JPEG,684caa6025973bc148dcdc874ff39c2890b335c9838d15c6ff822f0298cb1944,ff8e29f78bdade114e84fd6754bc7a7a4009e2f963c8ef2f4c936c2d7df4d91c,1525214d0d2c9cc7,112.38671875,1390.1171875,,1,1
129/img_005.jpg,129,img_005.jpg,.jpg,33654,True,640,480,RGB,JPEG,42009e30a8b05176c682d6be9eb34a0aa2b6774c166ef0c043556a085e64f107,55c521679aeb54ffe2d7b5a52cda84038c05e2e7397637a7046524a21343261b,ce8e66766773f9f1,147.7451171875,1363.312744140625,,1,1
13/img_001.jpg,13,img_001.jpg,.jpg,38295,True,640,480,RGB,JPEG,71754cddc194b59ba411030d698a96dc906234fbdb82ad1b4965c79dfb63de1d,1e9525ae5da91e52a308dcbadbe363813646f2bac4bc4fd91019a8c9587f958b,4f4767e1f169674b,121.4189453125,1469.480712890625,,1,1
13/img_002.jpg,13,img_002.jpg,.jpg,59724,True,640,480,RGB,JPEG,53754a9cfd3c56aaf3b1f4f0ab8dbcb5db9c40a095cb671d856e85104cdf8505,98cbf6db15304a0b8144926392541ce6860520303b2e54ce1650a2eb9bf22c9e,66c6d70fe7d3150f,118.794921875,3052.14306640625,,1,1
13/img_003.jpg,13,img_003.jpg,.jpg,40022,True,640,480,RGB,JPEG,34a16ebc69856b8c02ff9b341c5f262524fa55a7dbe3b638418f131e62fe8670,77aa1d097520c32873595329f3cfda19dc17270a20d07a0c831c6381817c652e,079212b2b1343034,114.89501953125,1445.9859619140625,,1,1
13/img_004.jpg,13,img_004.jpg,.jpg,43008,True,640,480,RGB,JPEG,abcdb9ad66cdca1e4311147d9da31e32d4c29eb02afedb11a8d955b920dbfb66,8a0708ecefbc61824046e6fded741dba2d281d3838f85d9db80bebafc489b7be,252d3d654a191848,127.890380859375,1396.22998046875,,1,1
13/img_005.jpg,13,img_005.jpg,.jpg,32428,True,640,480,RGB,JPEG,97aa1447341ba7c4e2db28e5239affad91c101b846c957e8d32e78d9583133bd,f488bbc8a791a71e7d59af8283ce763bee4c3f804e2200195f1de882ebd35de5,daca2a7363f1d9d9,113.128662109375,810.0330810546875,,1,1
130/img_001.jpg,130,img_001.jpg,.jpg,34557,True,640,480,RGB,JPEG,1b2c6840b0b347b05fa7b273bb446395371567fea1e1288e42ef4b8c3cf84867,ee65afbb50b3139425cd864d8c984350fc001faa0b85ff01b62383a8e11e2966,cc0c331f1f3363e1,143.532470703125,1099.25634765625,,1,1
130/img_002.jpg,130,img_002.jpg,.jpg,40273,True,640,480,RGB,JPEG,a33ba7bb7ec72a4e221dccbf4881bd4fd280ac177fcebea7f06775bd7a2d126d,17b385d45ec25daa00017a20856b9a4bdf0d730b3d5dc419cdcc00343bc23f0e,73fbcbd91d371b75,110.02490234375,1237.712890625,,1,1
130/img_003.jpg,130,img_003.jpg,.jpg,60775,True,640,480,RGB,JPEG,95f2e0e6e57a95332a3a08cda5fee294b07d2463e1497b496b63281304f20b27,ec125f21b19e6dbde32f4cc58582927ee7ec047d263748475cca99fd6f655e0e,574747474f5b8c0e,140.76123046875,1888.950439453125,,1,1
130/img_004.jpg,130,img_004.jpg,.jpg,36542,True,640,480,RGB,JPEG,4d998da18559ee949302719c87710d50e0f6cf7771ea859a375bd2d32e97c560,cf5003234841d32f1d8f85647166606d2dcaab67895847d8fb1e1ac45a90fa76,1525214d0d2d9ec7,110.2646484375,1294.6412353515625,,1,1
130/img_005.jpg,130,img_005.jpg,.jpg,33360,True,640,480,RGB,JPEG,378be2a5b01ccec0d8eb838d1adc0e14100151e4ddedf74df27f42f55ec57d9d,00612e430d9d8814549bf27ea97b4438ba705cc66e4bd1b080c1a7c6d84ac62f,cdaf66766773f3d9,147.998779296875,1341.7279052734375,,1,1
131/img_001.jpg,131,img_001.jpg,.jpg,34392,True,640,480,RGB,JPEG,b6575ef754609e2f63149cf29316ffe2ca97ecfe20b95f547566f65a78a91fe3,2477e16c282b4cc745ed523fc122f5250b6926608fe0162fd6c1b9258f05960a,cc0d33171b3b63e1,144.2099609375,1029.25439453125,,1,1
131/img_002.jpg,131,img_002.jpg,.jpg,40667,True,640,480,RGB,JPEG,b7843895d9deda287f41af770c721a4b9dad5b21d8476221a1636e246bceb860,9e94de75ea48b00c00ca424b377da7ed62363f980a2fa5aeb7600fb72a7039f4,73fbd9d91d3f1b75,112.015380859375,1349.8604736328125,,1,1
131/img_003.jpg,131,img_003.jpg,.jpg,59673,True,640,480,RGB,JPEG,9b25154365bc971934c5a62fc8110042a28d445c74892a195a7d61619fc6d961,4b71754048868b7a2286712e8fcb6e2acf359c6d43f0b0377710d3ac68ef0448,5747474d4d5b8c0e,142.50537109375,1906.6353759765625,,1,1
131/img_004.jpg,131,img_004.jpg,.jpg,36396,True,640,480,RGB,JPEG,82e9419e43afbadf8492c85811441e8c85e98e9d73666b34f16926d7f53f5356,4ff698b4c2efaae0d02c53189cced5106aa30597438ee84ce9b2bbca8cc14fb6,1525254d0d2d9cc7,113.11669921875,1401.1898193359375,,1,1
131/img_005.jpg,131,img_005.jpg,.jpg,33483,True,640,480,RGB,JPEG,db1cce2a909ae79768bdfc94d60496d25f71324def40b99e351c771f2ff295da,c8f8bbc50df4512541455df2eab1feb30a1df8de91dfacea2c2a5e434ddaaf54,cdaf62766773fbd9,146.787353515625,1378.5850830078125,,1,1
132/img_001.jpg,132,img_001.jpg,.jpg,34660,True,640,480,RGB,JPEG,3ead1edd977c41c436c379cf4cd193cd11407b46bcea599d9bd9a837dcf6f775,02758f3693c9a0f91cbdaabae03f03429c88bae83fe0bcce6c8bcc2397c07ae0,cc0e33171f3363e1,143.114501953125,1086.317626953125,,1,1
132/img_002.jpg,132,img_002.jpg,.jpg,40572,True,640,480,RGB,JPEG,a6a3172384e9b327a8d45078ec7e65a3768f1e47fa45b73b167101630742748b,36ca430dcee1f53e097e0c90834dbe24db670e917e844e09da7d35cc19c38c67,73dbd9d91d3f1b75,109.298095703125,1244.148681640625,,1,1
132/img_003.jpg,132,img_003.jpg,.jpg,60403,True,640,480,RGB,JPEG,91d63eb0a287da16f2bc58229ac76b3bb2b5bee9aefbcb6ebdc15254bf6bb26b,ee917306ed6df7b7fba609343744d395fcd399c5d73a2ded929756f83974ac14,574747474d5b8c0e,141.876220703125,1850.346923828125,,1,1
132/img_004.jpg,132,img_004.jpg,.jpg,36763,True,640,480,RGB,JPEG,153ad660491c2845f649b06a31a53aea0503e053d14b3915dca3780ab4f58776,dc1655c07b37246dad32b06c3523d460065e4ba2e2117134f222f5265fc968e6,1525214c0c2d9cc7,111.584228515625,1322.5191650390625,,1,1
132/img_005.jpg,132,img_005.jpg,.jpg,33615,True,640,480,RGB,JPEG,0ed1a212417a34ed9c339ac3666af43a0d4db08fe515ec13783f042a785e7de9,50ada7c597fb462ffb2a60c891f62ef70609752f67a905e1ec7d1ca9a4c25d90,cd8f66766773fbd9,147.631103515625,1318.3236083984375,,1,1
133/img_001.jpg,133,img_001.jpg,.jpg,34486,True,640,480,RGB,JPEG,3b9a2714e86542f4b193c5eb5ec7e52778defbbaf121aceb3576d646a15226f7,dc5d4d218d76cb94fac2baec86cba0dd81d38fb9fb36159c64fa00c09cdb81ab,cc0c3317173b7161,145.445068359375,896.0310668945312,,1,1
133/img_002.jpg,133,img_002.jpg,.jpg,41097,True,640,480,RGB,JPEG,b561694f01c06c1468596aaec3976311dd118cd8b29a848ecf8368d99aaeba3f,0da2cf7b6dc2734c19b3210c87af497fe42d10e89609152f7a617a0e0c1e73a7,73ebd9991d371b75,111.501953125,1381.162353515625,,1,1
133/img_003.jpg,133,img_003.jpg,.jpg,60441,True,640,480,RGB,JPEG,1f8cf2b164332f80a1d407b11f149dc51f590463f0cfc9ef416f445a131318f4,a96b567147cc7cb77daa19bad9981e1f6d946ebea8830d620a28aa3971167430,5747474f4d5b8c0e,143.109130859375,1890.199951171875,,1,1
133/img_004.jpg,133,img_004.jpg,.jpg,36586,True,640,480,RGB,JPEG,321c7377a2136f264b8b0b76f3990daf76ff6f244c3e0b920ab82d379c281ffb,0adc505e90c22f2e9228b32f9ae96eb34ac06259c177b94fb0cf0f0ee501ca13,1525254c0d2d9cc7,114.3271484375,1448.44873046875,,1,1
133/img_005.jpg,133,img_005.jpg,.jpg,33515,True,640,480,RGB,JPEG,cdd07e7136a016d8ef54ea4010547ced6688d0cfd725ec798b78709320d8edf6,1e1027c61f3040c57b5784a51f94995d723ed9eeca6fb40ad89a1b29982e011b,cfaf66666773fbd9,147.6875,1320.2286376953125,,1,1
134/img_001.jpg,134,img_001.jpg,.jpg,34475,True,640,480,RGB,JPEG,45ec908d108495e569512131d6e579579fc9a567839cda7540938e55db8877e7,03da7c506323a953783b5f4a1a3142ea22a1fb6811262f4a67fd404f54aaa34b,4c8e331f3f337369,143.173095703125,1035.070068359375,,1,1
134/img_002.jpg,134,img_002.jpg,.jpg,40910,True,640,480,RGB,JPEG,a7fc2a1dc1fe04959694013f7ae6289db2a9884c38d712b36b03de156fbee297,54c4cb3b2359b133fd1cd4d66287684de278d135bcf02f03fac8825c18953b3f,73fbd9d91d3f1b75,109.66015625,1330.0662841796875,,1,1
134/img_003.jpg,134,img_003.jpg,.jpg,56610,True,640,480,RGB,JPEG,1eec64526fdd191d0a56bfa974bfd3c893a7e452f9213379b2bcb9cd2686d841,36c9d891d27b5f441563320efa3bd8b95c907c8257a954c41302e9a6c529c212,574747474d5b8c0e,143.79296875,1934.531982421875,,1,1
134/img_004.jpg,134,img_004.jpg,.jpg,36266,True,640,480,RGB,JPEG,10e080a315a9c34d3175bde9d016d70af05118ef1d0701fe0dcef86253652baa,9c934762835c1fd13dc947d0b1d9b2cfcf35eab4ce46f5625624dc630da3fe2e,1525254c0c2d9cc7,112.3466796875,1427.30322265625,,1,1
134/img_005.jpg,134,img_005.jpg,.jpg,33871,True,640,480,RGB,JPEG,dd2e2f28309060ded2076bb7a0605b6382a83b7601d87bee71f0ed5e02fd7767,60b474366d98cdb309b2a89cc3a4dc6fef2d743ee84d75380fa9c6a84dfa4c16,ce8e67767773fbd9,147.13916015625,1338.66357421875,,1,1
135/img_001.jpg,135,img_001.jpg,.jpg,34725,True,640,480,RGB,JPEG,6c838c9a0989844c723133f8dba37023adb40fcea67c981f3e50af424df95bbb,92faa73f7db81de5f5b0b9c27f65004287a6bb8cd4d5696a8d19f72cdd5f1dda,cc8e33171f3f7361,143.560302734375,1038.884765625,,1,1
135/img_002.jpg,135,img_002.jpg,.jpg,40850,True,640,480,RGB,JPEG,cab2362ee2755db6ffaa94693aaf8cd32679d10e6012cbe115656244ca661a18,2e7a3cf3a1456f4df447fb3f99461227360e10a52a61df6233bee21e9e1e44fb,7359d9d91d371f71,112.692626953125,1432.795166015625,,1,1
135/img_003.jpg,135,img_003.jpg,.jpg,58994,True,640,480,RGB,JPEG,f7d05140baaa1396f97862808ebf2eed9c2965ae20bbb4a69a5ce5293c4aa918,ef69b507c736a888d6ad33706e5386fa9e4d339ef12dcc3426cd9bdf82389bdb,57474f4f4d5b8c0e,145.207275390625,2008.1259765625,,1,1
135/img_004.jpg,135,img_004.jpg,.jpg,35904,True,640,480,RGB,JPEG,2f05a3ac550f6cef12ee1b7115e2e4e6afdaf6c541dc0bc77f06a62284a012ec,9a0b32873fd811da50a75ba67860f9d249f8056d65bce26f699e2d34cf9ecd51,1525214d0d3d9cc7,114.8720703125,1520.040283203125,,1,1
135/img_005.jpg,135,img_005.jpg,.jpg,34240,True,640,480,RGB,JPEG,6e252c1855f87cf17a1461141724a866c6fdf5e54a8251cb7b2bde9aa695342e,503b184fd2e0e1da8156f90f6ae310c992a4fed24ca425286086205436a122db,cfab67766773fbd9,146.81640625,1384.99462890625,,1,1
136/img_001.jpg,136,img_001.jpg,.jpg,34313,True,640,480,RGB,JPEG,9465e6afd11813165114b1ca95cd7e208393c7e047dc696ed1431b5a48c72007,54270c9f4295e4372bbac5b90d7f57daf50580cfabc2b4feeeae33c07c949b90,cc0e3b1f1b336961,144.1904296875,1043.87158203125,,1,1
136/img_002.jpg,136,img_002.jpg,.jpg,39912,True,640,480,RGB,JPEG,a7864e1b35b40058bff5c6211dcecf214b3919d367388c0a8a31cc37d29f80b8,4c4bc84a39d0f378c3b68b57143e5732efb07de9710a376c44a15c192b3a7d2b,73e3c9dd173b1f55,106.221923828125,1235.77685546875,,1,1
136/img_003.jpg,136,img_003.jpg,.jpg,59067,True,640,480,RGB,JPEG,f41d48fed2f2c0459d4dab172b1074bf72cdc89b1ea304d31fce17a589fe03b7,d1ecbbf6a7d47640af72942989241f45d7ac83f2a789b580e8e69a15deaa3d42,5747474f4f5b8c0e,140.938232421875,1852.37255859375,,1,1
136/img_004.jpg,136,img_004.jpg,.jpg,35750,True,640,480,RGB,JPEG,df2d0fac61f0fdb958472cbbe49b6c582d4a7743845af591fdcc62b4ddc4c0b0,2f8efd6024fa5b0fbd41fc642a409f7fb0bb3df7baf8690360e66d1fef82fc79,152525490d3c9cc7,111.637451171875,1335.355712890625,,1,1
136/img_005.jpg,136,img_005.jpg,.jpg,32913,True,640,480,RGB,JPEG,9a5533e27a26804cc6892b9d98e92cfb9a064409e263dba629032e719e264c5c,4344ae78c4c2f6898287621adf6fd6d4803564904a69c6b14d908fe57ac2e89d,cc2e66766773fbd9,146.800537109375,1307.0712890625,,1,1
137/img_001.jpg,137,img_001.jpg,.jpg,34302,True,640,480,RGB,JPEG,a1a6131730e0faaf228f80e4ae0ae7dd35478bcaa6c3979bac3b1ef5c61e1922,503b687cf34076d06261bcb966e8c0b24d79e69ea2f848010bf59a24ac4706c8,cc8e3b1f13377361,144.9365234375,1031.51220703125,,1,1
137/img_002.jpg,137,img_002.jpg,.jpg,39834,True,640,480,RGB,JPEG,b7c9cf8cfa6bbc93e20a3660589f0f501f5d62e646c8608ba1f4dbaa2390b070,0dee9c46a4c2548f7ad8d7ce716783cd8a0a73de7528c90f0716f48eeaac9e3c,73d3c9cd171b1f71,107.89111328125,1264.185791015625,,1,1
137/img_003.jpg,137,img_003.jpg,.jpg,60248,True,640,480,RGB,JPEG,84626e3fdae93c33a875b5c4f3aec728546ad231a3e1e70a8bb1c6b165b95070,f58c42d2d2609a179121d361278d44f49315539e2809a215c8c8578c8efc3f83,574747474f5b8c0e,140.20166015625,1808.775634765625,,1,1
137/img_004.jpg,137,img_004.jpg,.jpg,34141,True,640,480,RGB,JPEG,5de5b41d64dad26e27579b2d5fb3fdf8b3c24207289ad8884ee168e0e2144ecb,d8842e609a2bda5e80f1c2dd4be41671bb79556154613c18d2709ca87487fe9b,152525490d2d9ec7,109.36572265625,1231.1727294921875,,1,1
137/img_005.jpg,137,img_005.jpg,.jpg,33364,True,640,480,RGB,JPEG,98462a28f0abe19cca5cb55b5ce62123a91920bba981cacc4aad72125f0e3fdb,b36c1f63baea86626984e4c3b4305817e840a21b64802622d9d299b87f7e59a2,cc2f67766773fbd9,146.9990234375,1352.2945556640625,,1,1
138/img_001.jpg,138,img_001.jpg,.jpg,34416,True,640,480,RGB,JPEG,d86e11e76bb3859c2fed77a4b787588be2beb85862ce86c7b68c8f71fccdf765,1ed54d0d705ce32d113f263744df8c70b77d872534356456cb24d5850ac8ba5f,cc8e391f1b336961,143.589599609375,1033.166748046875,,1,1
138/img_002.jpg,138,img_002.jpg,.jpg,39208,True,640,480,RGB,JPEG,1021a09dc1a2fcccf89bad2379847c9dbf49311226a207c61529fd4b88424aea,1f73ad925a13506b489c65876be27be1a5369c443dafc5ec8b4bf5221efe805d,73d3cdcd97be8f67,110.984619140625,1320.80517578125,,1,1
138/img_003.jpg,138,img_003.jpg,.jpg,59907,True,640,480,RGB,JPEG,42b7f6c081b35b94332ec9eac63241f9c36be18892697e74cf2009572bd71df8,4ab0250e25a88a7b8451896f920fb0fc449f9ff30a16a0dcbdaa45f74e9dfe29,57474d4d4f5b8c0e,141.090576171875,1870.224609375,,1,1
138/img_004.jpg,138,img_004.jpg,.jpg,34605,True,640,480,RGB,JPEG,6a75b30cfd29358cbc7137bf842db94a09c7ac64a918cbf3ea914deebe93a0a2,d4ad63be6060a59ca58f8ac1f1aa56ffca04c444f3164af571f60a9dcaaf6990,15252d490d3d9cc7,111.360595703125,1354.2889404296875,,1,1
138/img_005.jpg,138,img_005.jpg,.jpg,33296,True,640,480,RGB,JPEG,eea8b5c76d80426e725679dcfad210c6bc46bbc64016c883b0f5c353666ea895,a61844dcd5c0a37f73f19378cdc1f4e97bb7b4daf70e4c010222670b71169afb,cc2f67766773fbd9,146.184814453125,1369.48974609375,,1,1
139/img_001.jpg,139,img_001.jpg,.jpg,34668,True,640,480,RGB,JPEG,519426782b55de5555bfeb3e5328a214fc2f27e22bb76ab5c776901264667aa8,cf1044700e8ffa375d89d32482a484349006308761fccd560f18d24e755ea96d,cc8e331f1b337961,142.29345703125,1090.754638671875,,1,1
139/img_002.jpg,139,img_002.jpg,.jpg,40756,True,640,480,RGB,JPEG,ff86f2b57bc851701df4f43b0042bd380c69386c3c050bec70676ed683f76940,f2e12c6d6c9425baa4aadc54b8895c6e743e225e624abcffa12e58554157b153,635359991d3d1991,111.086181640625,1266.8565673828125,,1,1
139/img_003.jpg,139,img_003.jpg,.jpg,60297,True,640,480,RGB,JPEG,21767560eff4470af310b785ff60f9ec5b2d0670db95900b4a8f432f4af050e9,ce22225960883ed324625efb55deb579f89c74dbc26eafd8bbd584a2b8e1d18f,574745474f5b8c0e,140.021484375,1834.0400390625,,1,1
139/img_004.jpg,139,img_004.jpg,.jpg,34843,True,640,480,RGB,JPEG,254d726d86be05965de3b70e8b7b041620e730036ade847a821c99484151663b,1a0286f5c79730edb88a94d96d5a714c8f4222dc8cc0758523d7a103a604aa37,15252d4d0d2d9ec7,110.03271484375,1282.4964599609375,,1,1
139/img_005.jpg,139,img_005.jpg,.jpg,33347,True,640,480,RGB,JPEG,b6120460e47b8124a578e5c92b989c5d4557f9cf96d835afa084c998686f54b5,00d7a69fb88f9a70430665f8378ec202ed586a5bf865a142e8c30bd8dc2c468e,8c2f66666773fbd9,146.961669921875,1332.1475830078125,,1,1
14/img_001.jpg,14,img_001.jpg,.jpg,38048,True,640,480,RGB,JPEG,85de6be604493dbea24a7f6b4e4c8144442b1107be00f93b30ceb88c39e42c13,f53cdeeae14e161960273feec795e79cf5975fe0251629420fc0cd705c524cb0,4b7b7161e1496737,119.968017578125,1286.9410400390625,,1,1
14/img_002.jpg,14,img_002.jpg,.jpg,58632,True,640,480,RGB,JPEG,93644ce7d559b69e7d31acb01a9ee8e97484d992eed856b8ae2b1e8a5ac15c7d,c71572b12aa235ab002b80fff069270cddf9f824b9f46343c2d91743fddc6ee7,266e532f67d3b33f,124.780029296875,2941.350830078125,,1,1
14/img_003.jpg,14,img_003.jpg,.jpg,51646,True,640,480,RGB,JPEG,0dacc742c19cbdcd84fe19a7d08a7bde202c451a32f882e0ddb75701dbb73752,1f15e8c35ada5cd811c6a34ffe2fac59a24884f37948591395d80c5a7e3637ea,5b93676775d3d9f9,126.203125,1168.21875,,1,1
14/img_004.jpg,14,img_004.jpg,.jpg,35196,True,640,480,RGB,JPEG,e78d86c9d978be48d83a10e297e2dfe97b096a31fa66e2303c85f2fd6d69022a,d0820dd119caf4ecb36ddd3297b8a2a038a429d263ee2fa36d1c706cfd63b531,5d5683676ff5f5f6,133.587646484375,1395.394775390625,,1,1
14/img_005.jpg,14,img_005.jpg,.jpg,62904,True,640,480,RGB,JPEG,e0f255477033145ed78900227d9c4f9459314789fb68cbba725f31ab5cccb7c0,281f08b24e3a518ad15be74d14b2675eade1263e90256ac7954e85b14966ddfb,e78bdb998166d6f1,133.133544921875,1364.855224609375,,1,1
140/img_001.jpg,140,img_001.jpg,.jpg,39061,True,640,480,RGB,JPEG,9b57b4ec8dfd829b499fc7aea264674e5db0c5eaa55306cb5e0f4c3c539cce26,d27eab73c8827d3e5d5fa1c67b3e346b074fd311b9cbfc33fe3923e09e810c0e,4f333331736d6f1b,120.6513671875,1429.361083984375,,1,1
140/img_002.jpg,140,img_002.jpg,.jpg,33406,True,640,480,RGB,JPEG,b5bdc6d629f851c74420a5b4edaf04e99d2ce978e063180bb9c00cd99af84c63,ba3dfb89313eee42f4d73c9ef7bac68cd5c61ed5e7cf74857eea1323207d20ae,4c2e233623737171,155.317138671875,1397.908935546875,,1,1
140/img_003.jpg,140,img_003.jpg,.jpg,34948,True,640,480,RGB,JPEG,9bc8709dbc3d796a4de43f71c5b99ba24b6103e1d7365b5a11c07bbc49d3bb0d,bc05f0a1c3707d304bfc755dceabf1e824c6cdfb7b7409314c1068722db3c92e,9e3713531b69273f,144.57470703125,1438.250732421875,,1,1
140/img_004.jpg,140,img_004.jpg,.jpg,54264,True,640,480,RGB,JPEG,818c84a117d638e617a675ba866ef3e793b0eaf2a30a8ead10cef138037e2e8e,e99a21528dec3f80b78459d7e3a995c7a04bc24812a052f6307c403b83e0075a,5b6b6b73d3d372b7,128.01904296875,1614.13916015625,,1,1
140/img_005.jpg,140,img_005.jpg,.jpg,33025,True,640,480,RGB,JPEG,1ea1486d9bbc7badcaa9474d4966c7f05971dbf5ba0d6db2d9f90de5ead8d48e,5f1ac0fb0ad92326a10b9aad50aabbdc7265cc64e844504e130e63c291d2ead3,4e0f23c5c426a222,140.478271484375,698.3707275390625,,1,1
141/img_001.jpg,141,img_001.jpg,.jpg,35224,True,640,480,RGB,JPEG,029eefa85789ade1f082e579c4503497f5990c483a5fc9135f04a4b3f27758ed,ef6fdb8724ae7a2a9852f8c1b80d328f566e0c6e0015abd6ab0ffff88d9be2bc,4c4e6b471b7b6971,135.902587890625,1056.370361328125,,1,1
141/img_002.jpg,141,img_002.jpg,.jpg,36078,True,640,480,RGB,JPEG,c00df4ed11e68a3baaa0d4e70cd8c4107055c00dcd9036ff5619cda7fc4fe079,35868371e6f3a5fa2636f30a391e8261a5dbbb29a10b099e4947fa337ebf0dfc,9e370b494955273f,143.666259765625,1519.8157958984375,,1,1
141/img_003.jpg,141,img_003.jpg,.jpg,39892,True,640,480,RGB,JPEG,d9c7b64eb8ee36817555c888356c625d99091843bc0459e8be7e25cea9d2fca7,acfe6f28f0a34422fbb50e25ce6a68cd9c5b69868158c23be3333c1ad996b093,1e6f637763e15848,129.0576171875,1390.50732421875,,1,1
141/img_004.jpg,141,img_004.jpg,.jpg,37684,True,640,480,RGB,JPEG,acf26529ef6a37bc191bc18c3f3d0fcced3ac8dd82e2878b65f5d651261a860c,d41fe24f88631417f48a9836c045640540d5687c1a73d1b3775a1394391a2727,8e2335376272f088,114.958984375,896.6301879882812,,1,1
141/img_005.jpg,141,img_005.jpg,.jpg,43470,True,640,480,RGB,JPEG,5552f4338443fe2c8d9f86af5da777e8aec335085c5a8793544aea0a8e6913bc,73c2833797ce164fa12b118b630211b53e1f2249586d683968c3ffa907f4b27b,1b6353b273313bcf,121.37255859375,1102.588134765625,,1,1
142/img_001.jpg,142,img_001.jpg,.jpg,39626,True,640,480,RGB,JPEG,4a9eed2372c6701b6723322969813784e4e3777df512056e9d093b17e2eee6f8,b4fb7cf894b7cf2af4812f28bab5c4f41bf0ad6b4140632b7464dd37aa1cb5ee,0b133331f14d6d1b,123.10498046875,1490.98974609375,,1,1
142/img_002.jpg,142,img_002.jpg,.jpg,58972,True,640,480,RGB,JPEG,ef136934f6a017c5a34cb3ffa5632f3dba2456f901ee667e70b6d2952df343f9,865b28bc28a381c66dc62c15f47dda063e3b3f1c80dae168e71d5ee8dc5da005,17234f6373558c23,137.8759765625,3108.4501953125,,1,1
142/img_003.jpg,142,img_003.jpg,.jpg,34255,True,640,480,RGB,JPEG,145167df6882ef8318b8c9134113922c237a3eaaf8a3b4365605a85eb64afb6f,77d3d31ee81188117f1704b4223a6f215f87e463e71f43987e0c41044997dde0,0e0f6ba58466a222,145.278564453125,757.6788330078125,,1,1
142/img_004.jpg,142,img_004.jpg,.jpg,41241,True,640,480,RGB,JPEG,990de76fdb1c7763b35941c8f3e1bc2c3265dcf55b475e42e3e17d934df5c391,f7cffe8e8c56e2dccc6a73c12430a1b5190e798bda7b7d3fca4a639442cd703f,471939793333250d,121.114013671875,1834.023193359375,,1,1
142/img_005.jpg,142,img_005.jpg,.jpg,37302,True,640,480,RGB,JPEG,51c5d59f329833bcca0276c97063c37d0c05e0531fe43c7d3dcbaa336f80f079,bb545e6f2ad235a0b4cdff3bb52b30e955ba817246f66483dc9c542ca0430d0a,869b0d044e3bf1e1,133.08349609375,950.6634521484375,,1,1
143/img_001.jpg,143,img_001.jpg,.jpg,39533,True,640,480,RGB,JPEG,870cca2de6431e7ba909d9c09d1fc288a0a9353098208d27e4746552cc22d283,27d443a9a51ff5fb6a9a80b56aafab027a767421c9e2038da2ab530de0d24bc7,0b133333f14d6f1b,121.70556640625,1544.1705322265625,,1,1
143/img_002.jpg,143,img_002.jpg,.jpg,59546,True,640,480,RGB,JPEG,eed9e2e3aa0e570b2ab64047ab75d8cc08e6385fec08e1eaafd4f83ac1abde7c,f72cc615ff7c0aa775a62e3afb61b184e47f0670b955b6a5cd5ad727d20918ae,16234b6b51548e23,138.556396484375,3171.80712890625,,1,1
143/img_003.jpg,143,img_003.jpg,.jpg,39323,True,640,480,RGB,JPEG,e15d9e48500978de58c713d0f8069aadfb74249377dfd5f8e2efc90591ac31a8,9eb7bbe21453704134ffbfec50aceaf8b8a288c8d24bb873c0127fff0953ba83,9e9a182d79b0f2ec,127.481201171875,816.2364501953125,,1,1
143/img_004.jpg,143,img_004.jpg,.jpg,29828,True,640,480,RGB,JPEG,f93d27991b069613c552342f5754cfcc9de89e7ab1aac27000039198da47e506,78f20fa5788fe5f9ace9b5c084740cd0110ebf61b50efff288bdbd995dbbbeb3,981f6373737b63fb,137.093994140625,989.451171875,,1,1
143/img_005.jpg,143,img_005.jpg,.jpg,53706,True,640,480,RGB,JPEG,25a9be77979bdf8bb97318d661966aab623dce8af0a482d2976aee2c4146e034,b0c3ad1d4ce8ea58a798006092afddb7fb1447a35e03b618f13cbf0ee652bd88,c607336163717179,119.7646484375,1685.6168212890625,,1,1
144/img_001.jpg,144,img_001.jpg,.jpg,39441,True,640,480,RGB,JPEG,45efc3595e1cc818e5a1f8bf7c4755893ce6053394691dbfe86e719f428620a2,3da778e81bc2ee74da55367a4bef893f28b3fdd81bb827be1537788e4d6279bd,0b333333734d6f1b,121.305419921875,1551.881591796875,,1,1
144/img_002.jpg,144,img_002.jpg,.jpg,37133,True,640,480,RGB,JPEG,80b71d8ef37b98c57df2670db96f9ebbe23a9746d3dbbfcc641e55f1bc0a8592,6616a0c9fa75232cf7c3e8ca9dba8b7f5511cb8da15e5be1680bc720669bf960,15252b57274696c6,123.695068359375,1464.4510498046875,,1,1
144/img_003.jpg,144,img_003.jpg,.jpg,26402,True,640,480,RGB,JPEG,7f4d92277491d9a9974bd4fd990552520eb2e7825841d4db8c3f28e0c4eeb317,6a811b0da0e37cc7cb069aefc47674e64a387a8c3dbbd23a1fb11f8ec09c5792,cc9f9f69f1b3b126,127.44091796875,632.6534423828125,,1,1
144/img_004.jpg,144,img_004.jpg,.jpg,38164,True,640,480,RGB,JPEG,c4f761751a8eab4bcfcf263e0f2b61363026402441c056e60fd90d0ef9380a2c,55ad8a717cace2a81e92dc7f2db58ee30905a87e15c84298d43698f1ad00e232,0f1b4971e0a8b427,124.236328125,974.8729248046875,,1,1
144/img_005.jpg,144,img_005.jpg,.jpg,38942,True,640,480,RGB,JPEG,3c0ebbd7cb6c351720c24bf8641f9ed699f25a01e42623d267a74553821fb3fd,8dd6e90cc61d2481d4c0d44f91f8851d8f3050eb2b5296f0c8822c46a103bac0,a6873b2525297929,141.495849609375,1233.3748779296875,,1,1
145/img_001.jpg,145,img_001.jpg,.jpg,39439,True,640,480,RGB,JPEG,dea113992bec05fe6147ada58c2c44821d3ea3de0e818b8820eac9094f32c388,5826e38600d0e0f6c73194ff0af703e37a1f7fce3cc880aaac996f3612b21da4,0b333333734c6f1b,120.788330078125,1533.7769775390625,,1,1
145/img_002.jpg,145,img_002.jpg,.jpg,40133,True,640,480,RGB,JPEG,a5f2ec96aa845fd994ef8ec9b9b979a7a7d6e909ee97a0f5b89ba70d8614ceb0,0e6d2869ff2cc95ec49612ab808535137aeb7269167698190f9c4c69aa75f10c,1e4f676763e17848,127.297607421875,1438.9324951171875,,1,1
145/img_003.jpg,145,img_003.jpg,.jpg,36623,True,640,480,RGB,JPEG,784da02153a0fbd31a4ab8f00e297471e30ab1f3b4eb2acabf67dac83c2d42f2,79ed65f6f58794407cbf64959a52103ec7bea1e31e5943518fd8676cc57b8d37,8e236b49c9d9a737,138.126220703125,1745.505859375,,1,1
145/img_004.jpg,145,img_004.jpg,.jpg,42522,True,640,480,RGB,JPEG,117c16856bc645e9c320647e129b1875eb631fa444ab1ce16916cef27548fa00,b42e2f3f3ae96f295638ac19c5c3332b3750bd2339176c90dbf66b56a27f3898,2367670e39e1e0d8,142.10693359375,1046.662841796875,,1,1
145/img_005.jpg,145,img_005.jpg,.jpg,38470,True,640,480,RGB,JPEG,2bd22d378a1ef571bb0a4a814d59caded20e8e8fd607241359bd3a1a202619aa,cef2c33c0ea8a776a04efe2fddb078d9146d186762b3201410a8d2e8e613d8a7,9523333371717038,113.2841796875,1272.46142578125,,1,1
146/img_001.jpg,146,img_001.jpg,.jpg,39409,True,640,480,RGB,JPEG,86e9a54849793b72d1334c866e9339987e99cd0286e5c033cb0c9571562a75a7,ff9b11c466822ebb52ae5567ef48cba60e5cf6ccb234755187cbc8ab75d2ea17,0b333333736c6f1b,121.07275390625,1539.337890625,,1,1
146/img_002.jpg,146,img_002.jpg,.jpg,60436,True,640,480,RGB,JPEG,057d0a6dc3a688bf033c169b6062310719a1e3395380566a839459c69ff4d2a7,054933c149a2dc015abf4392433e9efd4d04d3e53146f26189456cd1ae45c3a3,5747c6c7db5b8c0e,138.228271484375,1843.95654296875,,1,1
146/img_003.jpg,146,img_003.jpg,.jpg,58951,True,640,480,RGB,JPEG,02e03c3550d67ba0bff536849858d29cb0f0dda262343e139aab70642ac89c23,5390da5455a181e3658c2b771b87bea82edc436766254f5e090fb3dc4bca2e8d,16334f4b53c58e23,139.584228515625,3208.6171875,,1,1
146/img_004.jpg,146,img_004.jpg,.jpg,34957,True,640,480,RGB,JPEG,963672c316aaf170141d008897660376c91c3d9b31981dd03b1b0cfd6316e2eb,262b1d8f8841e8efbbd10b9c93603002469e695a476a6fb068232d09eb13cdfc,8c0e0e371b736353,155.294189453125,1666.8392333984375,,1,1
146/img_005.jpg,146,img_005.jpg,.jpg,29907,True,640,480,RGB,JPEG,a416a0d0ee9607b675f06ab0d1ab2a0343ca40b41f7dedd9ba50bffb36ce6de3,e69a356ad7079d7c15bebd10cad1a91de35af9c9d0d91712f88897afb3cd2a32,981e2333332b63fb,137.955078125,951.5638427734375,,1,1
147/img_001.jpg,147,img_001.jpg,.jpg,38492,True,640,480,RGB,JPEG,9b3082e74227723df6ef01f3276e988011ad10e6f4246ce21b8b5a6c008f05d3,018f0b5067df69df4ec6e93401eac1b5c0b01c9240443e8b45d99e8219e3fa30,0b333333736c6f1b,119.382080078125,1538.7158203125,,1,1
147/img_002.jpg,147,img_002.jpg,.jpg,37890,True,640,480,RGB,JPEG,5562a216e03c86aa602b60643bd73a0e052fa0bed615144cb272858c4896dcd4,c5c5bbe91bb22b720f94d598b6316a8509e803d2306f48700314facdf761ef64,15250d56064e9cc6,128.83740234375,1619.017822265625,,1,1
147/img_003.jpg,147,img_003.jpg,.jpg,42999,True,640,480,RGB,JPEG,c91285472bca5047f5d9e2060dd565bc7a0ba9dab4a26f0ea4dc54698c516759,99f143aa45ab717e892e68a9b537f2e4dcfa83662669935fabe42a4caeb75423,1b333373376361f9,118.44970703125,932.22802734375,,1,1
147/img_004.jpg,147,img_004.jpg,.jpg,43625,True,640,480,RGB,JPEG,5422774d8a36d0136c78b49037e0c9355e4fc73920f91ad6ee3d35f2612cac31,ee3f3aeaed9344d2ed4e87e5260ebc485d45fec619f9722a639343f4c786d56d,1305591921722105,109.773681640625,2461.62158203125,,1,1
147/img_005.jpg,147,img_005.jpg,.jpg,40181,True,640,480,RGB,JPEG,e0c0e2dd797a71492a0084038338f596afca4356fe7544e7532522646598f9a0,55ddae81c0187e0507f6068a74955f00f3d8fe8857f195b4d8a5a28fc5d3ba06,8793193b5978f0cc,111.895263671875,1376.591552734375,,1,1
148/img_001.jpg,148,img_001.jpg,.jpg,39081,True,640,480,RGB,JPEG,74a3418653ebb095645f7e74a10ab68bdea01beade0826bfc12d8f79ad4d0a1f,92295fe69b036656aef0be872835c1d523d7b6bf53df6334e42e8e6af81892ff,0b3b3331616d6f1b,124.672119140625,1432.6630859375,,1,1
148/img_002.jpg,148,img_002.jpg,.jpg,61729,True,640,480,RGB,JPEG,70189ffe9a9225690303221b431d2c20dfc903299e5fb1930e90de461341bf85,507de0b6047b441d557f9301f7c7018238eb9807bbbd06d0585cfa872d5b33fd,5747c5c7cbdb8c1e,137.619140625,1860.7674560546875,,1,1
148/img_003.jpg,148,img_003.jpg,.jpg,58860,True,640,480,RGB,JPEG,88870cefb1819277c5069526c5c8a3187ea5e98238c179110832f7e4d119f73b,838bd16fbb8f3ca1077afe050db20646b086a50a6544928204944a203abb4aa6,16334b4f53d58c23,134.951904296875,3213.844970703125,,1,1
148/img_004.jpg,148,img_004.jpg,.jpg,38883,True,640,480,RGB,JPEG,0bd944988e04bf14411b91eac455a9874c991f6d4165631d7b949d596a457da7,37e052794f356d8fee6a87d74713e15674692026ef7bf996082cc9664bea3608,ce3131333178f088,123.425537109375,971.5170288085938,,1,1
148/img_005.jpg,148,img_005.jpg,.jpg,43381,True,640,480,RGB,JPEG,ff9360cb51f297970dab4c1c4010e222c47719cdb58a7a2530066f1845d92db4,0d1f6970efc02bfa26f76e2f54fcfe82f2133026e6bc8f68da7c5a445d136f9a,1b63539172313bcf,120.6943359375,1072.39208984375,,1,1
149/img_001.jpg,149,img_001.jpg,.jpg,43531,True,640,480,RGB,JPEG,49412110e850c49d92edbf4ee066a8aca544cb5529f2208e1fa5957d610a4cbe,f3e4cd9ad0fe517a1cb297b6c6cf5c6909b45779c773eb26f3fd726c27b67c08,0714306121b4b038,109.52490234375,2008.0272216796875,,1,1
149/img_002.jpg,149,img_002.jpg,.jpg,41676,True,640,480,RGB,JPEG,092707f5d2d451d0809213f28536a353d69886665ee6f23a6dbc7b53c5a545fd,d806f5d23b559a22f9c470517035c90fcc8a9056a3383ea0eadedbb0252a28b2,1b3b337336e361f9,114.076416015625,765.408203125,,1,1
149/img_003.jpg,149,img_003.jpg,.jpg,37224,True,640,480,RGB,JPEG,8db5e65f60c5ecf5b3e50f4fe4205b1ae75cbb47f31a4fdf20da8bc5377f800f,63cb86a5431bad91b86c5ef570b3979355fd6ff544e92206b8ef16c46edb1374,2727230767660cde,161.99267578125,1481.01025390625,,1,1
149/img_004.jpg,149,img_004.jpg,.jpg,29304,True,640,480,RGB,JPEG,6553aafae6b30e31e99d9de2d792c7740e11e8a091b65eb0a5c76e2901d91fd8,c97acfd96c7bf82229142e7e52155df15b1d0f864612d33343be004f4ec207b7,981e6773736b63fb,137.4677734375,927.0645751953125,,1,1
149/img_005.jpg,149,img_005.jpg,.jpg,60396,True,640,480,RGB,JPEG,a98d7b2bdb3f8889b6b76678ef581b9cc39f6d7180a88c8468f56d33dc82febf,81c7a722afa73f8775b96ba14edc61d73631526ab854075f75c228fe4672f5de,0733656931717978,114.40576171875,1934.529296875,,1,1
15/img_001.jpg,15,img_001.jpg,.jpg,38678,True,640,480,RGB,JPEG,cef825b572844a3b038106f6465a415413537f5fa0452b09691da564182c1e5c,cd81f93d4633bc759ae9de1257a771cf29183190059285550444731622a30e18,0b4b7131f1496f33,126.835693359375,1352.14013671875,,1,1
15/img_002.jpg,15,img_002.jpg,.jpg,44666,True,640,480,RGB,JPEG,733cfe9ef228f3b18d1e42c1c891d4b495e19678700fbb6b076b8e5059e83828,54aec0f14da81e69532584208f484ca085e298e3bb2d7170aab25adafec5d819,1e98583232336361,109.987060546875,864.08203125,,1,1
15/img_003.jpg,15,img_003.jpg,.jpg,35802,True,640,480,RGB,JPEG,afb9ab7875efe6340b1f54d267324a3c4d389fe74cb2f7c596dda37cafb38702,94ffb4055eaa54650abe70baccdf5846169e606f9158d6da0cb92d37f578a0f5,0921353d3131344c,127.24072265625,710.8138427734375,,1,1
15/img_004.jpg,15,img_004.jpg,.jpg,53766,True,640,480,RGB,JPEG,994408264878d11f47fa1b40628633e2051bbdc5a9959d0c4ce7121c3a01a7ef,914d973151dcdc8af23b9e875f183970eab2edd6ce18a614f21a8fe527a18155,9617131736317170,144.482666015625,1146.634033203125,,1,1
15/img_005.jpg,15,img_005.jpg,.jpg,44131,True,640,480,RGB,JPEG,18d9b11b5af489ddcd19b12f61a67583bca52f08f13a77189af8e9ee5d3eac88,f36ac4d9584624bc3da18fc72c6bcedebf3d3361a5dc7ef2d9a5849448b5a84e,a76712383c3e393c,126.11572265625,1073.9200439453125,,1,1
150/img_001.jpg,150,img_001.jpg,.jpg,39269,True,640,480,RGB,JPEG,16ba902884806ebbe353f731cb106c961fc6b86f646c21a69a2345738ae9eeb7,79a72a1101d214a6a0098603a9aec98dd6e3eabdfed3d3a9af689e8a2e6a6a66,0b3b3133614c6f1b,122.2197265625,1459.121826171875,,1,1
150/img_002.jpg,150,img_002.jpg,.jpg,41848,True,640,480,RGB,JPEG,c525d134d8347b8da16bc2eafdc9019a770e8a6244affe68666ceef00e03f189,7f2b835302bda4c45358d7940ca27e67c165bd121e8a4d82b9a4a7a82062c1c3,1b3b232333e361f9,112.41162109375,820.3646850585938,,1,1
150/img_003.jpg,150,img_003.jpg,.jpg,39767,True,640,480,RGB,JPEG,2b36af0b6dc09b75204aaa07692c37e924ca15d12e7af92774becbd73a759600,a716ca368ebaccff9062c056a9b7ad7f450bf93d2037da5e95f27eea56e8cc57,337343498f171b5b,126.96875,1586.9664306640625,,1,1
150/img_004.jpg,150,img_004.jpg,.jpg,30154,True,640,480,RGB,JPEG,e09b57d730ee86be0454119bf07062dda6ea18d704b97acb0e9f290fb75059c4,450b8790bc13ff37199eef656bfdbdcb5fd12cac087e359150873a8bee89d1ac,8393191931393539,148.96923828125,912.4837646484375,,1,1
150/img_005.jpg,150,img_005.jpg,.jpg,33530,True,640,480,RGB,JPEG,6caca82ecceaa7e89c47d0c0045e05be6779791e34d1f6757c77c999ea596f3d,1c8b3db61f6a226373ab9f044233d6dbd97cbe82215c0d391b5f762ca3fb647f,5d75317131499c7c,109.70654296875,905.5154418945312,,1,1
151/img_001.jpg,151,img_001.jpg,.jpg,39432,True,640,480,RGB,JPEG,58bbf818240fe9a8b45388ad62102ee7a4c88a2ecfa13c9c32d76880b65afb0a,6a539e7c26ce59fcffc53c76c8d67709f1abb1f177f0da03d3d5f10b832a1c52,0b2b3333614d6f1b,122.45947265625,1522.084228515625,,1,1
151/img_002.jpg,151,img_002.jpg,.jpg,41804,True,640,480,RGB,JPEG,8c2acfa1c5cb963780f9d4dd44931cc4c46bf37fff7c2a79ff03bfd13b042497,e4529ac3cdb6ed0c2edec4c2aee6a64f4844a878bfab029e29da2a5100f16522,1b33333333e361f9,116.794677734375,814.0772705078125,,1,1
151/img_003.jpg,151,img_003.jpg,.jpg,30276,True,640,480,RGB,JPEG,cc7222428b0e6f13b125ca3f7b65cbfb31c371a0fc42f2973d88d7f4937dfb87,bb1887679f88438c1e0a530d13144c3c2b8a6415bba74addfd0b4222c6b80bf8,4c8e1715553b3930,139.299072265625,624.4393920898438,,1,1
151/img_004.jpg,151,img_004.jpg,.jpg,33238,True,640,480,RGB,JPEG,35699c85ea5b1a3583e6b9622ca804884de09b879f618cde7a51e88bb4190cf6,0f038f13926517ed6fdb5a481e7a4b44b63f1b9181348aac648c9342ddf4da73,596133793969dc7c,109.947021484375,888.5057373046875,,1,1
151/img_005.jpg,151,img_005.jpg,.jpg,41511,True,640,480,RGB,JPEG,baba48250bb0fa40a864c32afe50175711d817c8c90b538d2113e3ed8cb03d34,1f42ba0c8dd8a53c42714aeb836eea7ea8eaae398ba94b4b81653ed11da9de28,23316d6db4e4e227,128.814453125,834.5067138671875,,1,1
152/img_001.jpg,152,img_001.jpg,.jpg,35283,True,640,480,RGB,JPEG,d30bcba7a3b6c0a4e3162dea930ade6c1569c754036268d41278c90613eca837,fb1bd0793a98064c3a0e528de520b9258195634e324f88902bced2e4d6877157,cc4e735f5f336b79,136.32861328125,1127.0093994140625,,1,1
152/img_002.jpg,152,img_002.jpg,.jpg,41078,True,640,480,RGB,JPEG,dcd7a1ebd72890d97a005e22bff527e1c3c189c68c33b3933c3c2456ac7a2231,8df583a2a767c110e859ca9bfbfc32008efaa71fbe83d0bf241911175f8fd89e,3753d39b9d3dfb9b,117.67431640625,1372.948974609375,,1,1
152/img_003.jpg,152,img_003.jpg,.jpg,62018,True,640,480,RGB,JPEG,2e9580e4e754249cf94025f66c79642fe71a229786aeb72127b18509efe024b2,75fe7a32b788072830e29474fa1607969fa7f9a975437cb36839ce710dca4d82,5747c5cd4d5b9c0e,139.43115234375,1858.56494140625,,1,1
152/img_004.jpg,152,img_004.jpg,.jpg,37626,True,640,480,RGB,JPEG,f912629e36645145c61c721638f95da00f018868f5c5fda43e70c76eab1df413,ded4e952a6f6ce931de3435e44650a67b905ae41422305db207c319c0da12f14,2b4b4b8b1b1d378f,111.742919921875,1614.84130859375,,1,1
152/img_005.jpg,152,img_005.jpg,.jpg,32957,True,640,480,RGB,JPEG,8331d7e3b0067c9b0dcb2c4465b489c6da0baa7458d8d53227bb1edf36dc1b50,3d9fbf493e747cca86a22080a679ae49c7ef70a9728ebc8595b33c67ca074938,cc2e2b332b5371f1,155.852783203125,1322.67724609375,,1,1
153/img_001.jpg,153,img_001.jpg,.jpg,34876,True,640,480,RGB,JPEG,7ed33b9916ad3b97a37daf585453c52381005de57b102f1125535f520eb05caa,652b5fb8d71b3a805f6deea4bc809bc70167069e0c33d17924e51d94dc73dd11,cc4e73575b3b6b71,136.510009765625,1033.03662109375,,1,1
153/img_002.jpg,153,img_002.jpg,.jpg,41821,True,640,480,RGB,JPEG,317ff14a37d54eac8a89751c92c5d9b3ca579a74692f50011a8d06bf8bd2ca2e,f4ec36cbb16bd2f74b48307872f2ddb74cdd06d14754f0ef6a06f34c2768ca60,3353d39b3d2dfb9b,113.74609375,1462.708740234375,,1,1
153/img_003.jpg,153,img_003.jpg,.jpg,60985,True,640,480,RGB,JPEG,8c5c3f5a64e20004374e8a978dc733dd5257c6b4b52f5fc8a5c85c5e00a5f667,20b1abb3207404af2693098f7a0a1162b4ba6db77c4cef9e08c3353aa2cf6d84,5747c5cd4d5b9c0e,139.41357421875,1872.4776611328125,,1,1
153/img_004.jpg,153,img_004.jpg,.jpg,37151,True,640,480,RGB,JPEG,50c5d83673402b405bc494ae7befdccaa2e91e47f419287236fdb5e34b2e7aad,dc516556fa1ea31aadfc58ef022d3baa990419ceec3e31946632f93e5b90419b,2b4bcb8b1b1d378f,114.126220703125,1707.7890625,,1,1
153/img_005.jpg,153,img_005.jpg,.jpg,33332,True,640,480,RGB,JPEG,3597154aafbdb930f1e7e514581f50483de4a017f5654b006b19e96889658736,88026931ebdb1630067737d5001adf77e6e09699b78ea80701c623440a059ca2,cc2e2b332b5373f1,155.801025390625,1353.29443359375,,1,1
154/img_001.jpg,154,img_001.jpg,.jpg,35430,True,640,480,RGB,JPEG,593583d76bad7ee846f399f35bf1cdb3243af67c8e79ceeffcadc712d39b3c50,6de74528c0fa9686671f22809eab9a0703515aa2ecddc5c1224aa2293d0eef17,cc4e734f5f336b71,135.06103515625,1157.1302490234375,,1,1
154/img_002.jpg,154,img_002.jpg,.jpg,41898,True,640,480,RGB,JPEG,505dd7564c5e138d6568d88a7d2efe53304c449381e09ec1029fb38ca2888f11,40526f7b1b0c3703609a491ff7837424275eea110980899a43942ef16b985d39,3353d39b1d25fb1b,113.770263671875,1420.0322265625,,1,1
154/img_003.jpg,154,img_003.jpg,.jpg,61724,True,640,480,RGB,JPEG,505e2476d254f859f6852567e5bc48c6b54b2861b38a2c45e9f55d4ba4c428de,97e94596dc930b405cf6c333078fc741970ba895e276551e45878f442aff59ba,5747c5c54d5b9c0e,139.61669921875,1853.9677734375,,1,1
154/img_004.jpg,154,img_004.jpg,.jpg,37066,True,640,480,RGB,JPEG,5903087e494b0099828e43c5d196367fa0357e33e69e234c0e9429d918a88550,6655318d5828554199d41172468d0367f4915792d9bcdc98e42a990724f0ce37,2b4bd98b0b1d378e,112.59326171875,1633.967529296875,,1,1
154/img_005.jpg,154,img_005.jpg,.jpg,33623,True,640,480,RGB,JPEG,1f8b0a8e0270826e20f528d3e195ba2d2054ad3b1209c7e947e226aab7586126,758db98819633e9ef1e4bcd87fc0e803bfbb4f622626815fc1a6c1af7486dff8,cc2f2b332b5371f1,155.291015625,1396.4029541015625,,1,1
155/img_001.jpg,155,img_001.jpg,.jpg,35006,True,640,480,RGB,JPEG,d3d40d31a41696185c24efaf5da04c21a560005a520846db66e0778539ae42bc,568e4a4631566bd2bcb26006c01218033d677f6620df7e1a77707a7ce4949621,cc4f731f5b3b6979,138.576904296875,1030.9327392578125,,1,1
155/img_002.jpg,155,img_002.jpg,.jpg,41792,True,640,480,RGB,JPEG,983f00777b3c5eeb51af97760c9a676b3a1cb61b95727f63a70f83ca32cf26f6,40d6b4069a93b8bd38f699640b1e7b9109fedaf4251dd2640f8242e697fc780b,335bdb991d276b1b,113.068115234375,1439.716796875,,1,1
155/img_003.jpg,155,img_003.jpg,.jpg,58030,True,640,480,RGB,JPEG,528d57616b54d10f4a4ffa931c3011fb13262127482b323b1d4ade241ea10807,fd3ea83b5997eaacfc8d277d5c164534f247c61f7abf90e515873eb68bf30824,5747c7cd4d5b9c0e,139.860595703125,1841.9141845703125,,1,1
155/img_004.jpg,155,img_004.jpg,.jpg,36610,True,640,480,RGB,JPEG,bc286691f60f355c30cb0980d84dd86a225b25623a3b41d5e1b7bec7ae1690d5,755d6280047a5da3b8cda4bc6143bd763de3e506551522acec1ca6f6cb0ce864,2b4bdb8b1b1d378f,114.022216796875,1704.337646484375,,1,1
155/img_005.jpg,155,img_005.jpg,.jpg,33436,True,640,480,RGB,JPEG,ab5652fd807083af861f82cd7a1d71211a85d358c7d2d05faa8501db123ded4f,4405b02739e92183ff066516742bd65d9d032d52ff7d6c5fc6bc2e26f7e946fa,cc2f2b332b5371f1,155.591552734375,1390.388671875,,1,1
156/img_001.jpg,156,img_001.jpg,.jpg,35518,True,640,480,RGB,JPEG,921dcd30d0de50b6467d2c7067ad8ebac0b8503e2e3503660d8d4e08e7f7bc91,8afe58708133a23cfce9c49da32dbe7b553cddfff7cba6bc5064216abbb220cd,cc4e734f5b376b79,135.72509765625,1147.65478515625,,1,1
156/img_002.jpg,156,img_002.jpg,.jpg,42102,True,640,480,RGB,JPEG,b5d2f275a8177ab2055ceba26a88a8a5f6850bc9d7462a2dce477450dfbbd3db,cf9336742056a7c26e74765a007b5cf353124d8793d450bbf350976e3dbc5937,335bd9891d27eb9b,115.267578125,1510.1309814453125,,1,1
156/img_003.jpg,156,img_003.jpg,.jpg,58377,True,640,480,RGB,JPEG,82921c4ab7ce94bb359a0384273e31b681d06df014c85b46fc10ac7a6788a2ff,41bda7ea1a904a13a7a8de8730662538b82ca1bc09646e4ff7f496e31c6dca15,5747c7c54d5b9c0e,139.555908203125,1849.14599609375,,1,1
156/img_004.jpg,156,img_004.jpg,.jpg,36774,True,640,480,RGB,JPEG,324712a352fd59d5c84579d3e3c11934a85ba618efc2e84eafa865db9a7a3a65,8ca99dcc41a62d69b0ea3674e96778721c2a2ad50864e41ae568566a21f84d80,2b4bd99b1b1d378e,111.537841796875,1606.8115234375,,1,1
156/img_005.jpg,156,img_005.jpg,.jpg,33813,True,640,480,RGB,JPEG,cc14ae6a3266e8a222c41765bb1e0ce3af4f77899d147ead1c5a5e335c6a1e88,0203ea8f2ddf209cdfbc9a05dc5df83f8048f316ede27d0b4d66af9bc92f7dd0,8c2f2b332b5371f1,154.7001953125,1387.9527587890625,,1,1
157/img_001.jpg,157,img_001.jpg,.jpg,34762,True,640,480,RGB,JPEG,8b2bd5faa7b9ca732aa8f2273fa9d992ddee23cf17b8a205091e0732cfa579c5,dc824b1887c5c9569df3cd8cea9d8ca816e191cf8bea60c79858aa0ac0893193,cc4e73535b3f6971,136.012939453125,1080.9150390625,,1,1
157/img_002.jpg,157,img_002.jpg,.jpg,41130,True,640,480,RGB,JPEG,059203f1d374e10fca00f16d7a771866e30f400d6ab5ebfec38b25cf6ba76dd2,071ab61eee8dd7b28a164d9bac1868ec930f69bb872b663b450ea9bf55d45155,335b49d91d371b5b,122.79833984375,1655.7496337890625,,1,1
157/img_003.jpg,157,img_003.jpg,.jpg,56582,True,640,480,RGB,JPEG,9bb21df6500159589f2524836e52c7e3931577ae5c595f35d89e967597455669,37d67049106cde60696fd3932908e36e60f06f52c6a343a8e9e46065358581ff,5747c7cf4f5b8c0e,140.221923828125,1849.375,,1,1
157/img_004.jpg,157,img_004.jpg,.jpg,38806,True,640,480,RGB,JPEG,14b5b45bdaadbed60b4bde1f9fa5f71dc419e28d900a9b9a685260d8e1263734,98ef433992d7459ad0bf55fd810717b9217750c9ad052aa7f18338872b6dcf5d,2b4bd99b1b193d8f,115.18017578125,1731.698974609375,,1,1
157/img_005.jpg,157,img_005.jpg,.jpg,33741,True,640,480,RGB,JPEG,a307079e73da39a008850315ec2a0ad258ab6e25a6fac797384e9ee8b82b3848,415fe6532538d8f412d92c47f21e698a26a872b55d3b6c5fdd5937c0f9eb748f,cc2f2333275371f1,154.564697265625,1377.837646484375,,1,1
158/img_001.jpg,158,img_001.jpg,.jpg,35342,True,640,480,RGB,JPEG,bbb1a1e149d0b4a347f86bddebde3a6975256f2c1cce8a099b6e8a592fe7a749,5b4d18eee27af3f736435020167fb4e4c2616026281eb8c6220f0ce7c37ea312,cc4e730f5b376379,137.0283203125,1062.30419921875,,1,1
158/img_002.jpg,158,img_002.jpg,.jpg,41168,True,640,480,RGB,JPEG,7b20cce006d8348fbdb7b05175881d6213211e0631d221fe175447089425d414,f3b30dc9b1893032da5f7941765f9cce063aa2473243225595830944432b6d15,335b49cd1d371b5b,122.861572265625,1694.7183837890625,,1,1
158/img_003.jpg,158,img_003.jpg,.jpg,61041,True,640,480,RGB,JPEG,b557048cb01799cce0d33ce888a7c243fb5d5db76151bcccbab45d81975805c6,e2dfb895eddfd3c7939d0acb20077987f4510f4f61910e9d3796a4de13f00803,5747c7c54d5b8c0e,140.251220703125,1875.8238525390625,,1,1
158/img_004.jpg,158,img_004.jpg,.jpg,34167,True,640,480,RGB,JPEG,3dbf38195a5e2ee1201cb27b62607f7af03a25d6aebd83b63eac853acf156719,b188a082bc71c833aa6fd50c58c640e68cc07fb3bd63afa6df9bc3010954e936,cc2e2336275373f1,155.967041015625,1369.556884765625,,1,1
158/img_005.jpg,158,img_005.jpg,.jpg,26474,True,640,480,RGB,JPEG,859493291378e9315902d92be567acd9fa2bcaf7bbece247f8d33239df53c84a,a9b988019e3442aca3494874abb4db970d22de2a019609cd338680a464316b78,8c1e1363f1f1b126,130.050048828125,596.6603393554688,,1,1
159/img_001.jpg,159,img_001.jpg,.jpg,35153,True,640,480,RGB,JPEG,dcd5e9310bd1a2f16af0b4a154300fe8744ccba2a4357a7f2355898b26754d85,3bdac264b62fc53995a056200d44fabe234e042e09057128df35d626b3952021,cc4f73175b3f6969,137.7685546875,1053.90087890625,,1,1
159/img_002.jpg,159,img_002.jpg,.jpg,41365,True,640,480,RGB,JPEG,0ab623bd4e83fa29567f25b2abcbfbdf3cc033b59ab868df4317052cd67a44f1,6787a4f6b96e9a67ec8c2857bc63dc635561230d0cae40012af64248b6935e2e,335349dd1d37535b,123.5576171875,1739.8359375,,1,1
159/img_003.jpg,159,img_003.jpg,.jpg,57103,True,640,480,RGB,JPEG,d508888c77fc942a8c4c604a450f66e53580713e8b692c011f0a32eddb5dbba2,8f85fc834be7a31c0f3e51bc26cad4e00bf9d209e17438be2e7d49e95f26f6ed,5747c7cd4f5b8c0e,141.88671875,1948.25341796875,,1,1
159/img_004.jpg,159,img_004.jpg,.jpg,38306,True,640,480,RGB,JPEG,da1cdfc02a4d49564e52cfdd237b35ae898f0c404737fda2f06f03e429775448,200c65a90983ef67b6ca2acfbb1535297e6e836b3f8effe3a388afc5598ed342,2b4bd9991b193d86,110.021240234375,1903.15283203125,,1,1
159/img_005.jpg,159,img_005.jpg,.jpg,34197,True,640,480,RGB,JPEG,a100358216bcdc9a393bf9000f0b51f66b55b9d29e0600936daf721ee3f16b65,0be4a9d9125673a34f69c5455f33ca5c4ceecafa794a9288608ea578b70d0c82,cc2f2327275373f1,155.927490234375,1373.4190673828125,,1,1
16/img_001.jpg,16,img_001.jpg,.jpg,38285,True,640,480,RGB,JPEG,9c7d48cbb04a2436c745063e5c6ff97c74c840c986d63a55f52cea65c260a88e,7647063a7efc20e695fa2ccf787222a938751742b09f0bc7d9538e72d7b4ae2b,1b2b3b71f16d6f23,119.08349609375,1363.724365234375,,1,1
16/img_002.jpg,16,img_002.jpg,.jpg,62559,True,640,480,RGB,JPEG,45afbc9c97d5834afed473727aed2764009281e5305f8fc73c5ceb643d2bc6b9,7f8969253bec84f6b4ef5b3ce6611b52dc3baf4516d39bf19b2e4896f55c82b3,5747c6c64fc98c8e,139.494873046875,1844.750732421875,,1,1
16/img_003.jpg,16,img_003.jpg,.jpg,36464,True,640,480,RGB,JPEG,8f92265a9b09f30fb476da554c1feaaa7f01d74086f56b92927d617f74af4217,0cfd4c2f1a9596bd167b6bdf35bab12c0a880b8398837b88f67003cbee89750e,2921353d3131304c,125.87890625,774.3377075195312,,1,1
16/img_004.jpg,16,img_004.jpg,.jpg,45866,True,640,480,RGB,JPEG,fa69fd3322a8f643885899e5fe7a4b8a7acf14185ce5478ebe8891ed4fa6accf,e19812f390abd5b6a1ceecc1126accda548c6c01734bb8f3a50da9ff7c655dbc,8e18189b9998386c,109.931396484375,3200.357421875,,1,1
16/img_005.jpg,16,img_005.jpg,.jpg,34031,True,640,480,RGB,JPEG,26f75899155734586d67d18c3f7ef5721517082f7f6e70c890c84957ffbdbbcf,b17da7c18d3c69b5c71dca0fec56fb3f0e3e5b3091f20b337eefec5212620ef3,0e3b393373c5266a,123.377685546875,1094.7808837890625,,1,1
160/img_001.jpg,160,img_001.jpg,.jpg,34780,True,640,480,RGB,JPEG,9d16c4ba7e11cc08f22a2cfdef0871aa00b80db9b6023fea893837cac95b25b2,a4b101dffa2b682d8025689be7f54cdf6ec99779f5d83d6323222cf45faf4fe8,cc4e7b1f53336961,137.607666015625,1073.4664306640625,,1,1
160/img_002.jpg,160,img_002.jpg,.jpg,61510,True,640,480,RGB,JPEG,b0fd3e2daa38ceaf4c26f5a1178137b88ecf57fd321507dad3abcd9f8a8d53a3,d4fb9a9685bf824acacd4f5a4d0ee85e2a7da76cd9bdd233421982b21b05f619,5747c7cd4f5b8c0e,139.134765625,1852.294189453125,,1,1
160/img_003.jpg,160,img_003.jpg,.jpg,37396,True,640,480,RGB,JPEG,ced7459df4e374fba93bce785321f71df953c32b3f1e6b0d6e45b4dfb2bbcdb6,ef664c18a75fa94b13f74eb70903424189e7a6339b6756d9fc35bf65ee0572e5,2b4bcb93191d378f,110.756591796875,1666.515625,,1,1
160/img_004.jpg,160,img_004.jpg,.jpg,33114,True,640,480,RGB,JPEG,a477f54b6e6f6ccce341de832f6110bfab6342323f6fde22679ff8bff8d0d5bd,1249ad47839e40dcdddfd0d76d23fcce541603aed8b426c7803a46b48d004369,cc2e23332b5371f1,154.847412109375,1369.02587890625,,1,1
160/img_005.jpg,160,img_005.jpg,.jpg,25294,True,640,480,RGB,JPEG,9c12ee4a4ebef90975da99e8ca491388c75c9356653d459df5d9f07c5c8d1996,65e00bb404aae2abb6d6bc92dde7979d1c3c4cfd2bf7c25d9815ed0e4d8198fd,8d1f1f63f1f1b126,131.29150390625,542.838623046875,,1,1
161/img_001.jpg,161,img_001.jpg,.jpg,35344,True,640,480,RGB,JPEG,f96b9c97d5c9c65e0df1726a6944db2d7921e0de67fbd7464c92918004f5a8ef,d9d72566e50ed3d22de06f8bc361604278d2dc4621e2b141acdeabb13ac4b2b9,cc4e7b0f53336971,135.4580078125,1144.517333984375,,1,1
161/img_002.jpg,161,img_002.jpg,.jpg,39461,True,640,480,RGB,JPEG,7cc821a0cc8297ee759f90aec7c238a47b85124efe583d23227debb5b3170838,ffcefb854a6500feecba8e3611bb2b959418fda85c7f5b87cfb8cdd8623787ca,37634b4f8f171b5b,127.408447265625,1514.2822265625,,1,1
161/img_003.jpg,161,img_003.jpg,.jpg,55616,True,640,480,RGB,JPEG,2e17b621952f2a2039484d507303d68cd59ab9c6f4f6b7559066a8f8efedd0c3,b528278479c6119433401a9cd64371eb4165a1957736afacfa684021ac2212f7,5747c7c74f5b8c0e,139.888427734375,1794.05419921875,,1,1
161/img_004.jpg,161,img_004.jpg,.jpg,34973,True,640,480,RGB,JPEG,bafba38c3501ab337495c0f2300f65a38bff41cdeac657919147310f3dd78f48,be541a73dc6da898e6aba90cc1d46c08b5a1d4ea32c575dea97f5f676bbb1c63,2b4b438b0b1f378e,110.2236328125,1529.7681884765625,,1,1
161/img_005.jpg,161,img_005.jpg,.jpg,33710,True,640,480,RGB,JPEG,c322fb6c91972de4b637b84dfba58319b48ff3b3c2df0e685b92fcdfc42b1e10,b400b49b0439fed9bb45dc71a0cd28a379f170a55e20f3eb7a80145d8877d203,cc2e2333275379f1,155.359130859375,1403.838134765625,,1,1
162/img_001.jpg,162,img_001.jpg,.jpg,35149,True,640,480,RGB,JPEG,9d56c8698bc1826092240f97850037cd2c43bbe5042f0f073ca37b4ff42867df,2fe776d62ba2d3fe027445b42854b69bae378504f21fdabf694216a613d886e0,cc4e7b1f5b336971,136.932373046875,1116.659912109375,,1,1
162/img_002.jpg,162,img_002.jpg,.jpg,39869,True,640,480,RGB,JPEG,980696c2978bbf91fe6710165d06e43266c912ed0ffdce8227eaf4cd4cf492f0,3dcd2c7a033601e22996ca5fcc833aad1b0b8f832dda7061ca8bf1ef6716ac8b,3363435b8f175b5b,126.78564453125,1551.0244140625,,1,1
162/img_003.jpg,162,img_003.jpg,.jpg,59503,True,640,480,RGB,JPEG,2a6779dfbc7129df360bbe2b12d142cf0cbce5ad237cd04282c3ba57f0d975a8,c8f88f35af8f2c851d3fd4515d62f32ff2d9bf523e4c0f805a3425cfcdd74489,5747c5cd4f5b8c0e,139.98974609375,1847.60546875,,1,1
162/img_004.jpg,162,img_004.jpg,.jpg,36766,True,640,480,RGB,JPEG,14caaabf73f49c4c2f800f08b13e02f6fb5fec5b66d9b64cd1711a39cc31cd98,bc2c94178e5d29db5725b3e88cc60ab5a420949390a13ab376671e046209f5eb,2b4b4b951b0c378e,113.455078125,1653.832763671875,,1,1
162/img_005.jpg,162,img_005.jpg,.jpg,33846,True,640,480,RGB,JPEG,6165a39b06d2ada54fe8332dad8b1c690dd290e8634cecc6c4e1dd510119c4e9,979a274b7c123380922f83d781829deab7696656039c9c0b594b48d7f9af0daa,cc2e2333275371f1,154.777587890625,1427.79541015625,,1,1
163/img_001.jpg,163,img_001.jpg,.jpg,35620,True,640,480,RGB,JPEG,6672ea7fea0b8dff370585b6ffbc777d27450cece353791f437c44a7106f1540,fd44463f202104ae6aca01b1c9c00cc88095d7abcb1022f0e582d0cc1adc1603,cc4e771f53376979,135.743896484375,1160.27099609375,,1,1
163/img_002.jpg,163,img_002.jpg,.jpg,40195,True,640,480,RGB,JPEG,5bde204c196b117e5cf25e595afd6755f00b63340f9808cdcafd2fcefd470cb0,696c8bc18e74ceb65c968c892c680c2156edfde8788339fef39bad9133a19729,3363434b8d175b5b,126.351318359375,1546.359130859375,,1,1
163/img_003.jpg,163,img_003.jpg,.jpg,58865,True,640,480,RGB,JPEG,db58f7f832cf50f0f80e2864a7011359db50905998f44b0a3b7b51976a321706,c4116203b9bc5c2540ede8e47f5e392df5a179ee2dd38a9f418b325a22432720,5745c5c54f5b8c0e,140.204345703125,1875.026123046875,,1,1
163/img_004.jpg,163,img_004.jpg,.jpg,36702,True,640,480,RGB,JPEG,df4dee8c74befed161e817ed0b039d56cc5e4703ecd04523b88853446c53f151,c1fcd041808328648408ac8d0ef176253e9e06cb3741d1e2b4641e1b20ac4465,2b4b4b8d0d0f378e,109.10205078125,1560.40380859375,,1,1
163/img_005.jpg,163,img_005.jpg,.jpg,33821,True,640,480,RGB,JPEG,d41528e4deb0dacc18dd0e2f58e8d5220087b909895a1d9331b0be94174ceb70,bce55e9e5e8b1822aea7f11ea511b1a41d1fa575094885103af3c39e4092ee64,4c2f233627737971,154.998046875,1419.00537109375,,1,1
164/img_001.jpg,164,img_001.jpg,.jpg,38667,True,640,480,RGB,JPEG,df0957c847c4838dae5b379e61e563d7d0ca1852e697221fa4fa1b5e3a4bb169,e65ace7956a3efcea1656c9fee29fd805c577cbad2936423defc4470872e740a,4b3b33b1716f6f33,121.237548828125,1345.31103515625,,1,1
164/img_002.jpg,164,img_002.jpg,.jpg,35468,True,640,480,RGB,JPEG,e47f8797270fc7017ad1dd0bceb52d2dbc05ce8d67d943a785112099c03646b1,a2cc7bd3e8b84fbac5dd398c06a7b2531ee5f264ba4173824b9bca90496b3593,8f032f6d59306131,145.1142578125,1234.06689453125,,1,1
164/img_003.jpg,164,img_003.jpg,.jpg,36203,True,640,480,RGB,JPEG,479c9373462381dbb77fa0f3e1afba43ba33ae0efd184484499c0256bd08f6d7,beca7d956e0b09f196f5c36e5486877dde96a557e86bf4415ecb406d84bdc319,3c1e4955cecb970c,138.27099609375,853.7568359375,,1,1
164/img_004.jpg,164,img_004.jpg,.jpg,32764,True,640,480,RGB,JPEG,54cbf6cc43a7a1390fca1f6494db505ad1fbeca92f6a0a7c988f2fe7768e3ff8,aacc96c35ecb54008b8e336df2f937fa22b2ecc15c10c61d4c4cb56eebd8cc7a,9c9c1e2e17735353,154.339599609375,1476.6690673828125,,1,1
164/img_005.jpg,164,img_005.jpg,.jpg,30290,True,640,480,RGB,JPEG,f629d2ebd6f0bb4ed37f0ef9784d747adc31cfcacd228384b1e2cfdb38f3f2ea,65b3fabdab17ccbd30631eadd1084faae68dea83351d84643ce6e80f9a1e58ee,cc0e273333636b71,136.910888671875,725.288330078125,,1,1
165/img_001.jpg,165,img_001.jpg,.jpg,39242,True,640,480,RGB,JPEG,df1150069d50fa401af53353ef7e75be635d2b365e6e95595c68922c37e10dd4,6608e19ab9b5e47b43a94baa7e88a52dde786b8147e24649bed1b3b212ac8fdb,0b2b3331714d6d33,121.3583984375,1406.658203125,,1,1
165/img_002.jpg,165,img_002.jpg,.jpg,37268,True,640,480,RGB,JPEG,70b76112e2199f516a9e33cc4d6f05cf9d487532bd2b5382cc39ae5a77a79c69,869a297fc6ad83130a1699827e48bd2f2549ae455e3f414ecf3efdbe0b2a6560,961329495d55272f,148.859375,1450.269775390625,,1,1
165/img_003.jpg,165,img_003.jpg,.jpg,40170,True,640,480,RGB,JPEG,54d9ca0bb7d4447680ace76dda71d8072d96d7aab45bdff6e1e72ddc03e2d0d5,49e4a3f47a2a007a4bc0d39f1729e83e441cdee16d06d1003c1238c05465bfe0,1b537777636371f9,114.43115234375,705.1150512695312,,1,1
165/img_004.jpg,165,img_004.jpg,.jpg,31205,True,640,480,RGB,JPEG,43c24fc32f61a7e3ca29aae46e1c58f79c0d4c30547e3c2cebbe4824b12c7261,99ef81bb7c2cc2fcf55859754a1f6399be3f86826f5dee36e08af7477600da96,0f072b65674db732,147.118896484375,489.4849853515625,,1,1
165/img_005.jpg,165,img_005.jpg,.jpg,36758,True,640,480,RGB,JPEG,f42a3692e4051936358d7808727b29fc4ccb4de7a797adb92c18fc90a1dd220f,5a9e01e05668e7f0f36f00612fd5d17d15a648b949a1d725480199d0fffb3248,8e2a222b697472d1,122.8251953125,707.4652099609375,,1,1
166/img_001.jpg,166,img_001.jpg,.jpg,39334,True,640,480,RGB,JPEG,0391988318e5731c6c2e7cd1d48310d30c5ea298c2ffb0c246a5af22979cbc9b,236bbb6a674d18c4958d2e259a64193cd867ec6b6eae80e6b7dd24864a48e80f,0b2b3331614d6d33,121.575927734375,1380.514892578125,,1,1
166/img_002.jpg,166,img_002.jpg,.jpg,39793,True,640,480,RGB,JPEG,20a179c12e732beb36d24ec5f5016249ae9d3a3cc7684df2985a4251af56578f,2bf25479a3157149c83a6be2e637cc4373b8cfa81b02043c092e25a4f9c37d64,1e4f677763e17848,130.789306640625,1344.0867919921875,,1,1
166/img_003.jpg,166,img_003.jpg,.jpg,40101,True,640,480,RGB,JPEG,842b1d90b1986f85e1becb272b2ffad001e5c8992487379e6b64361e7ab638ed,ebf5e4119ba7934f2f82d49c43e9d445cb600d6cd6ea73c5b2c6675965027fc8,9c9e186d61b8b0e8,131.43359375,902.0885009765625,,1,1
166/img_004.jpg,166,img_004.jpg,.jpg,57508,True,640,480,RGB,JPEG,87a3de0f03922c16f70e606640fdce61bb8b4f9be20a2ca1aef32a3bcf69d5ef,d9e4551d09381573ceeebf94caec3babb3df77a7cf86bc30ed46b1dbac185ac2,092b29293969c9d1,128.05712890625,1148.2265625,,1,1
166/img_005.jpg,166,img_005.jpg,.jpg,37389,True,640,480,RGB,JPEG,e055f749395627cfb68f8eb8937916c566f1af0cc39f4ce320029ad6ba0bba59,2911dceb052a3f46e78c9beb3b971576546e0b016003646119e04e5de68b3394,26331b1b2f1b1b7b,135.79248046875,1348.4586181640625,,1,1
167/img_001.jpg,167,img_001.jpg,.jpg,38841,True,640,480,RGB,JPEG,f81c8f0148e4c35eae9992fe6b9ac3c86aa1c00283fd3089028ca8ef61a3fa42,0c38a274e3389d217de19df41c43a95074ebe7dff36ce77fe62902bfe2c29e5b,0b233333634d6f33,121.064453125,1388.310302734375,,1,1
167/img_002.jpg,167,img_002.jpg,.jpg,37282,True,640,480,RGB,JPEG,ff76f25ac44680551a398ef57dd9d46096d6d6165a8081914c4ce5fad76d3991,6891cd651f85984c41a9facd72e63d74b57dcc4806704c2a3c7079c9e5e74903,1525494507cd9cc4,117.74560546875,1375.3409423828125,,1,1
167/img_003.jpg,167,img_003.jpg,.jpg,57649,True,640,480,RGB,JPEG,521284e361c04dff34500c2f1b549cbf69589669c15b737565d4b12acc23723e,c8be9c77efb7ca2a69a0b6a79851e3d8381ce0e4a0c856051b8199fe60b7b336,16634b4f73318e23,134.353515625,3005.353515625,,1,1
167/img_004.jpg,167,img_004.jpg,.jpg,42493,True,640,480,RGB,JPEG,2e26670d929c0cc1c2615c228532530556fb25c43231ec2a6221c2b6a49db9d4,99b59b7a5471fbf1d1c27ff9c289057aaa265ca590dc62154dd19847f38767bd,74746470726346c6,75.112548828125,955.4150390625,,1,1
167/img_005.jpg,167,img_005.jpg,.jpg,39279,True,640,480,RGB,JPEG,204248c37a46df8a565254a1e70d29c386029d916ca4c3ecf3d6ba98b995ff4b,e5778b096c58ea7d1cde860bffad4fa215179bbc2eaf9ec05ee838c187eb506f,c60737666f2d6999,143.078369140625,1107.265869140625,,1,1
168/img_001.jpg,168,img_001.jpg,.jpg,42507,True,640,480,RGB,JPEG,757461036d806d4ea0d429f7325a3d6643e3a847fbe3c965cc9b11e04fe8ea63,436c41d916bb7fc2b77231171b596510ab31a717b6c225cb6726ea5dc4f75054,879030207534b030,114.762939453125,1667.126708984375,,1,1
168/img_002.jpg,168,img_002.jpg,.jpg,33065,True,640,480,RGB,JPEG,d1e362644a5d19d3ecf24019a493fd59d0fae5a449d6bac2fcd6a8dfa4f887df,168a54e207505d12e5e9baeba9ab36f5a739f958f359a8daf59adc88402f6575,4c0f63736b7371f1,144.095703125,1416.566162109375,,1,1
168/img_003.jpg,168,img_003.jpg,.jpg,33021,True,640,480,RGB,JPEG,9eb19ae13d2b753de0d7fd9ac6a24eccc349e07c6a6b34c0f6fa8ddfd0184db4,1f3103090db4dcb1b5b7a30c7aea85a52032bca3c73e6ef5d2aa8941d2291e8d,4d0b63736b7371f1,144.12744140625,1419.4598388671875,,1,1
168/img_004.jpg,168,img_004.jpg,.jpg,38798,True,640,480,RGB,JPEG,6e6b214f3b9aea00167d4a39df8e2550193bf05b2685c823f43984a31e756f25,1b8fcbad23d75bfb1cbfdb45023d9a9374aae15011714d2807ef1693ae557bb9,cc0f233373626119,127.574462890625,1187.0185546875,,1,1
168/img_005.jpg,168,img_005.jpg,.jpg,37703,True,640,480,RGB,JPEG,2a3c002cc44e7564c1ed317d0acd244623d868dcad5e330810798b70d06b9c0d,be0007b56b2c8e89295c46be41c272d71103b7f14aef495987f1a2aeec8e5871,0f1b4971e0a8b427,125.511962890625,944.636962890625,,1,1
169/img_001.jpg,169,img_001.jpg,.jpg,38985,True,640,480,RGB,JPEG,ffa1bc329629f187f392f716cbb865add52f0c16df1d66a2a305d8bbf9499292,d210e89fec2b5ab36c0fd3fa87c6021c7d89d5fa51c800752c7813e00a11be67,0b2b3333e34c6f33,119.88671875,1396.64013671875,,1,1
169/img_002.jpg,169,img_002.jpg,.jpg,39667,True,640,480,RGB,JPEG,61d640dfbdcbcf3a4a2dea89bcc06398afcaa9562bff842103be2496e370528d,95bea96e306f30d28c9790d1a3d13449a2236cf298df09d18c302402d9733561,1e47677763e17848,129.531005859375,1352.454833984375,,1,1
169/img_003.jpg,169,img_003.jpg,.jpg,61004,True,640,480,RGB,JPEG,4ffb93fd36c353f04a8e3147ff2ecf1247c664da79acae779709af78d3ac64b6,f6531c5a6a981bd8f6581744edea1b0f83ddf3fcbb4b9392c4f12bfd8d3db002,91193d0c0b3363a7,124.401611328125,5022.96240234375,,1,1
169/img_004.jpg,169,img_004.jpg,.jpg,34411,True,640,480,RGB,JPEG,dc933158e05045db12fe9fe8f08aaea9f73aff5bef68f0824604ddf63051d8c8,065470807051fc5cf769310ba50f5fb7d5b341740e6fd1b348758be64bf7d171,860f5151c959e599,136.110595703125,545.17724609375,,1,1
169/img_005.jpg,169,img_005.jpg,.jpg,36878,True,640,480,RGB,JPEG,0cc06ad603542493b87ee6d4e5a7880c803cef119f27b7de01695d01ff4b36b4,3f04de4cb4bacb8ea6f4d9da130fc281a9f42d9290a04e2d31f9c62697f7ca66,8e2a2269697173f1,122.571044921875,679.1180419921875,,1,1
17/img_001.jpg,17,img_001.jpg,.jpg,33477,True,640,480,RGB,JPEG,89287b2f83b9d0b7f6581c4803ed34358ed508e4a6fe39adfcd7ac120f16f715,519948a0b8cbd237acd47b17f9179d164cf8808573683da57923df37f110b109,f3c39e97070d363c,134.847412109375,1065.97216796875,,1,1
17/img_002.jpg,17,img_002.jpg,.jpg,35202,True,640,480,RGB,JPEG,ade70018311640b135d9f52e8df3d01c39597bca48bc47ad249db498e56ba8c2,6a91715b6dc0871526c2845281f8f1a7787f65599096aa577a0f6c95ada223e9,2e6657b33f67333f,133.885009765625,1287.9677734375,,1,1
17/img_003.jpg,17,img_003.jpg,.jpg,62847,True,640,480,RGB,JPEG,2b40f06336f2f703b5c72e7ae3f3d484f8dc4ecd1ae7ff8be90c38aec8912b50,89b891f4f53726e7336b6daf79efad8945ad5855765da1724fc168d13f27a994,574786c64fc98c8e,137.5556640625,1867.4822998046875,,1,1
17/img_004.jpg,17,img_004.jpg,.jpg,36400,True,640,480,RGB,JPEG,2b5a8df59a83d4464da6d6236dd1340016d88b6bc95e531cda2ec91167247662,a094d89151a66e77762d26df73b603ccbaa4144bdc122b9dff137fbb18fa5017,2b2b131b1b393d83,112.659912109375,1538.9788818359375,,1,1
17/img_005.jpg,17,img_005.jpg,.jpg,32139,True,640,480,RGB,JPEG,fc3386caa51bf1a5adb77c022adad1213a4e503595a96290e6eb69f3ba0826fc,747c4f30a99081cec6adf5caa56fb7c030c20c42c65319e5460002708757a6d8,47476b3135797870,137.737548828125,1130.1971435546875,,1,1
170/img_001.jpg,170,img_001.jpg,.jpg,39167,True,640,480,RGB,JPEG,bd39384c775643c9466e175c46080561b3544fed3b0d7d8630ddb74deb55b8f6,9ae435e509f4627530d8e08def4f413b9bd459fe15e2cb8bc82041b543234613,0b2b3333e14c6d33,120.32568359375,1424.846923828125,,1,1
170/img_002.jpg,170,img_002.jpg,.jpg,36527,True,640,480,RGB,JPEG,d8e3481c4e6545a4183e7c681e5a55a26ad43b4bcfb525752afe8e9ffb6d150f,6f59c0f06e57ee8a7d18f8518cd0c9e6df14414f1575ad4d93484c3429aeef6b,1525494426cf9cc4,116.72705078125,1363.2161865234375,,1,1
170/img_003.jpg,170,img_003.jpg,.jpg,25732,True,640,480,RGB,JPEG,67c4c4321433dc00671f4b12022ccdb9709eb67701d3042f1954f54d994ceb1f,b965886f1d4a254bc670058c7de9c9839660aefaa6a29248736f78c5e7d1218d,cd0f17437171b126,132.75341796875,619.1297607421875,,1,1
170/img_004.jpg,170,img_004.jpg,.jpg,35156,True,640,480,RGB,JPEG,5b9241f35ab8ab5c339745a14dbfc983d6c2cec97fab28ea8d471c2e1ce8b74b,534f716f0676d234a7c391e3008c9020d6d212a1208726be5e48004b005c6c3e,333f1d1d0d4d0f3b,122.414794921875,1448.7763671875,,1,1
170/img_005.jpg,170,img_005.jpg,.jpg,31287,True,640,480,RGB,JPEG,f90fc35a1f566cf9868f936cca5949edb8ba4d10731fda5ed4c78035cb2747ad,27c3072bd2fd3ff442aa7991ef868c18db67bf063575ffba391b8611202f3df9,0f0f3b6d6d4dbd25,145.80029296875,512.8723754882812,,1,1
171/img_001.jpg,171,img_001.jpg,.jpg,39006,True,640,480,RGB,JPEG,533daca68eb4265b9111c3b754e4991f22ed3f19234cbdc18c34ee5654b046c2,52604b622fa73f15ec9fdf486c4a8869e6ceaf9c990b313561ddff4998c784cb,0b2b3333e34c6f33,119.2099609375,1391.88330078125,,1,1
171/img_002.jpg,171,img_002.jpg,.jpg,60228,True,640,480,RGB,JPEG,dea2c065d4d29b90f553a789d5846ee0e2f6d9238abcb9a8f0a6995c7b6fb15e,9fdf55b845c80f7b0c8582b1480f5517531f654baf24be9982003fae2b2507a0,5747674f4f5b8c0e,142.543212890625,1940.502685546875,,1,1
171/img_003.jpg,171,img_003.jpg,.jpg,35240,True,640,480,RGB,JPEG,3a88f30e2441782a81512dd3a7b857f99bce0d62a5c9aacb58b39ee443cee5de,3801bfdd2c235916d0d0ee05ba841f315c7c2d21f231793d6eb707517dfa85d5,8f132f496c4c7139,145.551513671875,1270.7113037109375,,1,1
171/img_004.jpg,171,img_004.jpg,.jpg,32611,True,640,480,RGB,JPEG,f0f7813049dc7bad0f0dfd019dfdd28cb0403cfc344e055e24c6f49fd9c68f56,b3d825b3e3182e15d7e5e0d3c8d742ae7a01fac7ec48c1c0cdd49057a7c04693,8c072f0dcc9c9737,140.73779296875,2070.784423828125,,1,1
171/img_005.jpg,171,img_005.jpg,.jpg,30209,True,640,480,RGB,JPEG,20aeefc32adeb497db2b6f48e5e3032efe3a342bf743da8024a024d39b479e00,0250e1d16cde4b8dd72ac1cd75f55168256b82240ab48718d26635c4f7cc44ae,46c79d4d6e6667e1,129.916748046875,679.5918579101562,,1,1
172/img_001.jpg,172,img_001.jpg,.jpg,35890,True,640,480,RGB,JPEG,4ef84b8322a6b0b49af72690f510deb1d740798d246de1231833d1c14edb5cf2,7bdfdc873d9e80d396358153caf4b7f29b5c2f331536bf3e080d6ca9bb236fd9,0b2b3131e14d6d13,122.70458984375,1302.5501708984375,,1,1
172/img_002.jpg,172,img_002.jpg,.jpg,60406,True,640,480,RGB,JPEG,565e13962eca77e29e33685cda203074812e0c2223a0aeac461ec4d9b6220e86,90e15606646de84fa9165dfd1c76ac37741754af6829ab492676d88b433197e8,5747654f4f4b8c0e,139.2392578125,1836.2398681640625,,1,1
172/img_003.jpg,172,img_003.jpg,.jpg,39343,True,640,480,RGB,JPEG,177eadb1952025709723115cc10a187c996256e52d4067a5b5d6a6f2f0a464bf,cd73c9689dca8790b872c7decd03bec72e06d8ac8b2f0957fd7e5cef834b15a6,0766664a4e64049c,150.524658203125,1696.3848876953125,,1,1
172/img_004.jpg,172,img_004.jpg,.jpg,41619,True,640,480,RGB,JPEG,c743a81e31e1c6981e3ee942c02196a5682508c680266530cac66703ce121277,296ede13d394d44839011f8e8685c6eb68f8672c057ec72256bd32d116406df8,276b796c73e1e0c8,146.6455078125,978.0953369140625,,1,1
172/img_005.jpg,172,img_005.jpg,.jpg,37480,True,640,480,RGB,JPEG,a4081f77d89285c445199030b6603c10d43c1b0187452c6f421849c06ca417b3,9d73eb75ef128a54ed1938b830d1e2cde37ab09d5b781b081b3f0ad488cb526d,952d697273697038,118.364990234375,1114.2921142578125,,1,1
173/img_001.jpg,173,img_001.jpg,.jpg,38660,True,640,480,RGB,JPEG,7d3ff6a734ab19e7a86054384c2fdb49e2b060b93a0a8db7390d73d2f54f118d,ef4bc04d683c037989abb1bc381a732198b5c6d56e731dbffd1c097fa3887fd1,0b2b3931e14d6d33,121.02392578125,1354.7747802734375,,1,1
173/img_002.jpg,173,img_002.jpg,.jpg,39499,True,640,480,RGB,JPEG,2f964d2dd1d0509063179ce9ee4733efe3371bce339eb77ee1d6607ae330542a,f790266c9a6aa0b9ac27faa04a5a8eca397b305f0d2fdc263022869f9cc7b9dd,1e4b676763e17848,131.02392578125,1294.678466796875,,1,1
173/img_003.jpg,173,img_003.jpg,.jpg,39334,True,640,480,RGB,JPEG,5b50d2910adfee4a4254ca0f755506d8db718f858a91781cb2c40c9217aba281,fb20bdc4ef7e4d64f6ea7d82d6907ac0ebd1bd7ef7e503f0b59be956373b3235,1e4b676763e17848,130.989501953125,1295.5404052734375,,1,1
173/img_004.jpg,173,img_004.jpg,.jpg,44997,True,640,480,RGB,JPEG,752f306c855fe9d471f0bce0acd1b67bb0b6107a215bcd77b1c73c77c96dedf9,3c2e69b20ecc4e59a73a3e9df834ed81b46dab6e2df3cd59a552885072a5e0ce,2b3b4585232b0f0f,120.52783203125,1466.7073974609375,,1,1
173/img_005.jpg,173,img_005.jpg,.jpg,40286,True,640,480,RGB,JPEG,2328d6440c11f5c38089758015a11d409651636ee5add9d7a02b4796cc1772dc,9c18480e763a3e2158400c367f86ddac7b27ada8004baf1951b175652c941257,9333336979716968,104.928466796875,1143.0198974609375,,1,1
174/img_001.jpg,174,img_001.jpg,.jpg,39127,True,640,480,RGB,JPEG,9de8af6bd0f2ac9ea964eaa44e7c29fdc534c164e433e8338bad850a36d32dcb,7de2478da83110068e7e7f851fdcf4c975aa9c72b21b4c3723c849232e4f6d9d,0b2b3931e14d6d33,121.2939453125,1315.5003662109375,,1,1
174/img_002.jpg,174,img_002.jpg,.jpg,36584,True,640,480,RGB,JPEG,0440efb92ae70f037caa58a566bec2521b47ec7dc411560da976d9e10a9dbc61,f758b4261af85982211f3d0754153fe221275a4b6917a67c1efdcf12e58bb21d,1525494103cc9cc6,116.056884765625,1274.263916015625,,1,1
174/img_003.jpg,174,img_003.jpg,.jpg,59215,True,640,480,RGB,JPEG,2365c75cd94b3a8c9d76d28ae6edb6f9955c9100a4b6b6b666eb70b103ce294e,2f5c744b9c76244785f5fce4b0d500b2faa50abe3adc92329017477d76023110,574765474d4b8c0e,138.737548828125,1861.6727294921875,,1,1
174/img_004.jpg,174,img_004.jpg,.jpg,29646,True,640,480,RGB,JPEG,4541433672582971fd0ca9cab13b2e49f96e3ba75c81633090e1197354ac421e,dc0f8f36e9bcae2d37dd9ac02a55b21afbba3589d5b03d03f908d6f5de9ee7ac,de0e2733736b6379,135.053466796875,845.7393188476562,,1,1
174/img_005.jpg,174,img_005.jpg,.jpg,58286,True,640,480,RGB,JPEG,e005500aa9e2cf7220e685ee5d078a164e42223cc6455fbdb2c3ade86fa87e9c,7e3734785407c5a63d007bea38777c4f3cbc5cb6698b9cfa10dc822806c3a301,8711313433713139,119.77685546875,1937.9166259765625,,1,1
175/img_001.jpg,175,img_001.jpg,.jpg,39313,True,640,480,RGB,JPEG,a6598fdcbff514e030283e7153f4bd18501747cc3c5a8c35cf0b2807ada10178,95bce9a8aa355c57ceaba73ad8943190cd26c55ddf121a0a21fb748e4367ccf1,0b233133e14d6d13,122.139892578125,1379.692626953125,,1,1
175/img_002.jpg,175,img_002.jpg,.jpg,36670,True,640,480,RGB,JPEG,9d8d189ad40f7b8ce54ec3fe9fd724153ac350a23da08db7fa0b020daad432ec,43e1697aa3152204f5c51ea6fd23e34b8b7fed7bfd98b357282a5557ac8cdae2,1525494525cf9ec6,113.57861328125,1247.161865234375,,1,1
175/img_003.jpg,175,img_003.jpg,.jpg,35127,True,640,480,RGB,JPEG,b4fad7091322b7e43088e37c55dcf5cd7ab329f3ee1fb813b2f29627b9cc1ca4,824fa9db0b3b7fc9d9eb5b02a94d2e0fb10f36f80e1e9334bc3e84a6a9b97505,cc4f6b4f591369e1,139.19873046875,1231.901123046875,,1,1
175/img_004.jpg,175,img_004.jpg,.jpg,38571,True,640,480,RGB,JPEG,d098f4eec749f22d564a4a7aeb9200839abb8daef5c1a58537db698a6d4f8916,0efb6ed18a264013a6224d61da039074be016b37dee4d78c011eea775932d138,cc2b37377173684d,126.69287109375,1195.2015380859375,,1,1
175/img_005.jpg,175,img_005.jpg,.jpg,38329,True,640,480,RGB,JPEG,4f9e8ba37884e5d15e13594339991347a31d9e261650adaade441e8c8ec25e6c,caf04b1e46f36451db9418694137514d96244afa9e64d28d3d13e2578789d6f1,0f1b4971e888b227,125.7431640625,1009.3115234375,,1,1
176/img_001.jpg,176,img_001.jpg,.jpg,38644,True,640,480,RGB,JPEG,2abcd9c49b2cece9bd4604a80cca82abd37df3526d034851ef04d9200cb32ef3,021646622d19c046b585228090bbd78c430c04e397651ab80c37332c5c5ab7e1,0b6b6b31f16f6f13,121.06494140625,1326.304443359375,,1,1
176/img_002.jpg,176,img_002.jpg,.jpg,39106,True,640,480,RGB,JPEG,8c54b1d7f5c6c180bb0e49ab447d5e2b63da1e127d8f3d1d1236b3e015778e1b,e14eeb66ee0076e38340a512faa428e4a2e61c5587b71a37e07967a8853afb2a,1e0f6b77e7e17848,132.629150390625,1333.3680419921875,,1,1
176/img_003.jpg,176,img_003.jpg,.jpg,35037,True,640,480,RGB,JPEG,b1f4362138fcbe5f061ecd3fca48314a3eba5299d44c9c30f71fd9ca7ad65f8f,d046b7ccfc1f807e98ccceefe79b7e1a8999828a674d15d25eac6b25b08dee20,8f133f391d787139,141.86279296875,1130.0177001953125,,1,1
176/img_004.jpg,176,img_004.jpg,.jpg,38448,True,640,480,RGB,JPEG,d2f7df8f6a19d4d845c0603c8d2fd0c55a09180719b6bc5a20c5f2976f020621,9753791e07593ef5b636f6122b554c24ad32fdc9deb5e653e212f03b7bc5be8f,8c386a3208c899f8,112.163818359375,850.958740234375,,1,1
176/img_005.jpg,176,img_005.jpg,.jpg,31589,True,640,480,RGB,JPEG,bbe924c31e3d47a814ddaf1489c4c62337c649625194c9a32955691e27de5d28,1cd59ea7128fa7fe35aab04972ca6d7183018303ba225acdb1ce5bc127a60955,1b3f6de7a73353c6,40.367919921875,701.6047973632812,,1,1
177/img_001.jpg,177,img_001.jpg,.jpg,39108,True,640,480,RGB,JPEG,ee59f7e8f306a552802b1f1f96981d764eb48d65d09d05474cc4d88e2737a3b6,32f148791900a90eb2ecc369201448c441962787fcf60ef4accf7e5dbe8f0f9c,0b6b7331f1496d33,122.644775390625,1383.2532958984375,,1,1
177/img_002.jpg,177,img_002.jpg,.jpg,39667,True,640,480,RGB,JPEG,b8922531730f21f5382553071ba7316eda8754e0dba68ad236906670fc7a224e,249457cccd88da433d74f30ad1c6b4ae9dcea7d83f4c322d8610378807f43bc2,1e17637763e17848,132.344482421875,1312.001953125,,1,1
177/img_003.jpg,177,img_003.jpg,.jpg,37707,True,640,480,RGB,JPEG,f3f4c2bca28a160632edef45f40dd5cab13b971669666cc31d75e73fd08c43b8,df9ace963538191195868c3f165d63e4006fcef202b23aeb6645df99a56a61d2,337b1b1b2763195d,125.9150390625,1277.6397705078125,,1,1
177/img_004.jpg,177,img_004.jpg,.jpg,43230,True,640,480,RGB,JPEG,0585588ba8ec909bde810cec332feeb95fa705651b8f42c84cb659fce50271fc,b4000a4b1bd2907eaa4927484f943e2a3c8c94f5f6a861ba522312e60e921012,4c0f2b373333938e,147.185546875,1930.2861328125,,1,1
177/img_005.jpg,177,img_005.jpg,.jpg,36492,True,640,480,RGB,JPEG,35b9f0f26c6f0033ea60f4048093aa5b8a3b7255eb654975688661ae3ec76a4c,fd1bd26ad9ee30421e850301a9ed0524305d3cffc6d157924c0e6a47bc73a7c9,1b733b3171706cce,116.66650390625,1112.4825439453125,,1,1
178/img_001.jpg,178,img_001.jpg,.jpg,38771,True,640,480,RGB,JPEG,a28cda3270a42e1d1747f00b0a71831a2a247ee7abeb5511a774b7a0ff711731,4444c65b078339024e2ddf266ee6ff10cab3911ffe9fe8d449db048f54ed418f,0b6b7333f14d6d33,122.419677734375,1395.49462890625,,1,1
178/img_002.jpg,178,img_002.jpg,.jpg,40439,True,640,480,RGB,JPEG,ed9a725eaf0cd2ebee8ec0ea53e71dc9ef1079fc3af6c4bc89d7e003c5726dde,fcc2b0a1d14426f8e3137061eda0425f1c82ebd601554e13ef66cdc706ec7939,8f9bc3d393b363c1,108.74072265625,681.6950073242188,,1,1
178/img_003.jpg,178,img_003.jpg,.jpg,40216,True,640,480,RGB,JPEG,d7abf73d21574b44e65cf95e52cabfa1ddcea2c73d21bcb5b7318a4c1eaa0a84,a09c2f0752147d6041969ac530784846824c71908e6bbd896d58f7ce55def390,8f9bc3d393b363c1,108.873046875,682.8203125,,1,1
178/img_004.jpg,178,img_004.jpg,.jpg,37083,True,640,480,RGB,JPEG,8b60e2386de0c1ec23c9ae97cd36e5c38cf45537a4352e8c2d9b4c9046c8fcf0,32527afe5ac73fe69e67f7ff028add19aeb3f460be104ea4691025c523e0769b,1b733b3979706cce,116.59326171875,1143.730224609375,,1,1
178/img_005.jpg,178,img_005.jpg,.jpg,42060,True,640,480,RGB,JPEG,f3a37c4334ea07f71c77b7affd5b2dc6337ad4131b6f6c7a67076f3efc10204c,b9a87f984d6313a8cef5777138ec52d93e7c48610a107eb1f3330954d6cfdd00,276767cc5361e0c8,144.690185546875,1056.75146484375,,1,1
179/img_001.jpg,179,img_001.jpg,.jpg,38402,True,640,480,RGB,JPEG,046c19ec93b6fa5e268db1da0704e89c94f00551109886053063c14f24692425,0af569372e51cb0257dea231656b979c8b3e6967115b0894181f7f2ad5c4ea83,0b6b7333f34d6d33,120.84423828125,1416.595947265625,,1,1
179/img_002.jpg,179,img_002.jpg,.jpg,33437,True,640,480,RGB,JPEG,1a063c51633e7f1bf281b150f1839746ceb861a631948de9816491e16c5e276a,c9df6448fa233e2dd92497da3b636640f2604125ab0d7f9a89e7afb01a379b4b,cd8b63236b7379f1,143.984375,1465.842041015625,,1,1
179/img_003.jpg,179,img_003.jpg,.jpg,31795,True,640,480,RGB,JPEG,ebe20937f40420da3fd613a298f6288393eedec6e39eb4a2f760601b510524ea,3c4c548244f6f527a2fa026e6f9b064fe56ea06585297b3d9b68f437e1017ca4,0c172b295dcd4d33,129.301025390625,1923.3115234375,,1,1
179/img_004.jpg,179,img_004.jpg,.jpg,48840,True,640,480,RGB,JPEG,e6363752e442303a80dcf6f34864700a43579956f9e7c334f00d2a0352c20f7e,8b5ad6b8e0f02057dfbd74af3a52214ead39606750aa74bacdc36b9c9a8d0280,33312811313cccf8,131.16552734375,710.0101928710938,,1,1
179/img_005.jpg,179,img_005.jpg,.jpg,36649,True,640,480,RGB,JPEG,c632c5772cd0976ef25ca7284af9a7d3d642e8a9ae95d375268172be9b5a4b14,43ee4e296bea5b46bbe3f579c6cc96fa4a08853f23c4ce6ab0570b9826068584,8b1b1b1b1922f0b0,135.37744140625,992.9005737304688,,1,1
18/img_001.jpg,18,img_001.jpg,.jpg,38156,True,640,480,RGB,JPEG,f6988b5dec43f1cb26d33f1f4ba157f5d792b28bc26b3e76201ab82563baeecb,85e113cee8de9b6023e34d5e9298d49a1a45a406e2b597a3b1c951afee863291,0b2b3b71e16d6f23,122.02197265625,1299.9593505859375,,1,1
18/img_002.jpg,18,img_002.jpg,.jpg,62784,True,640,480,RGB,JPEG,f45996c34961acff06bde5f65e2954d88a8fd04b234d9904f559009e90c3a412,90af5f9b95458e279eed5e882424a8be42da3cd328a52ebaaae25efdebf1dd65,5747c7464fc99c8e,137.627197265625,1794.662841796875,,1,1
18/img_003.jpg,18,img_003.jpg,.jpg,31415,True,640,480,RGB,JPEG,d9b69cb3208adc8b86621fb4dd441757440ea757032d1e2de09565b2dbef60bb,f2ed121422739810c4d73fe07384fb8baaeb785cd374a2708b7d09ee92624b53,1b352d2931747039,139.59912109375,684.3534545898438,,1,1
18/img_004.jpg,18,img_004.jpg,.jpg,63851,True,640,480,RGB,JPEG,ac5951545fd2dc8ff9095fe5f3782664c7ae6e6391addf692493675969ce5daf,4a1c872617dad28e07bb1a9853bbdc244d1cf412486c06badeb9d480a4cb6fda,67c9d9d90dc4dc71,129.988525390625,1390.509033203125,,1,1
18/img_005.jpg,18,img_005.jpg,.jpg,31315,True,640,480,RGB,JPEG,bc6ad3020416988547614ade2f1c1aa7a6f26f47087e4227c40f8d12d23b74e1,ed52f0f05260f3e6ae2f7e826de5d297d3b33bf577eb9d445fea0d9564c9badf,0e0b4b41e12cfe33,142.112060546875,1086.63330078125,,1,1
180/img_001.jpg,180,img_001.jpg,.jpg,40866,True,640,480,RGB,JPEG,64b3663b4880d11e7153c2fd4f294c3cca4bd11ee35b9f7e9f72368d6aae315e,82d4702ca27a3cb452e9050a70269a65c492d6938055e49e6142501d03490732,879130337534b838,112.568359375,1539.4276123046875,,1,1
180/img_002.jpg,180,img_002.jpg,.jpg,35325,True,640,480,RGB,JPEG,17552bf4c432d517b129896340ae032836a6e71084104d33358b37eee464e36d,087e7ec7fd61123ed560e0b3597bbaac568067a857b236b02fe7df68e9e9c2ed,8f133f3d5d587139,143.044189453125,1185.8408203125,,1,1
180/img_003.jpg,180,img_003.jpg,.jpg,33474,True,640,480,RGB,JPEG,5bdd674eccc8d14bcc0b41cb97d28c4046bdc05a40e243ff48caca77c8cb67b7,562ded692ac36043cede8a1c43dcaaab108236752edbec86517c0de53829f941,3333654cc4163353,120.42529296875,1282.197509765625,,1,1
180/img_004.jpg,180,img_004.jpg,.jpg,37538,True,640,480,RGB,JPEG,c41e0a3343f02dee6ffeb8912ba771afb886a7f3e6e5fb6544a031e116bc0de4,699762941bff13099e9f22cdf864c80d9a20f9da5fbff55c34794184ce01da37,0f3163233272f0a0,113.011474609375,846.6165161132812,,1,1
180/img_005.jpg,180,img_005.jpg,.jpg,42505,True,640,480,RGB,JPEG,321d5e06fd27b14f228358c1e734bf70b11865ccd7fc9090dc1a376ad95a0964,dea43db1d0872dd2f4d2d2a55b89ce707f559735f32513e5ed34cce4471ac73f,2b73437139611fcd,124.794189453125,995.4876708984375,,1,1
181/img_001.jpg,181,img_001.jpg,.jpg,38882,True,640,480,RGB,JPEG,ab39ac1265add5187fd8be859933f8101200ecf1e0e3e0ef09e24b6096a0987d,66934057fb034f4b7c1063d44d1f23872079aa6bc2dbf29f28f24d89b5c42179,0f6b7333f34d6f33,120.12841796875,1402.16552734375,,1,1
181/img_002.jpg,181,img_002.jpg,.jpg,35650,True,640,480,RGB,JPEG,58fa30414495f547a19294ceab86e76f00c168a243bf4e0332c2d3b2246757b6,6dde3f1484fe22de0393323c7bfbc48c43c1d91d83c2e8e8ac43a2ff252211d8,1525050c1ead9cc7,115.0,1414.4398193359375,,1,1
181/img_003.jpg,181,img_003.jpg,.jpg,59212,True,640,480,RGB,JPEG,702359fd0921479ec905e96b9a23c24cdbf6042c167e03bf7327ccf950a77b2f,26cd218768ef2216ab7a0eb221a19753ce7fb7e0629466d4783524c191d1751b,5747674d0f5b8c0e,140.4375,1842.540771484375,,1,1
181/img_004.jpg,181,img_004.jpg,.jpg,37261,True,640,480,RGB,JPEG,fcec35f4e480433fa3922bd330f75a8cfb727b5bd53e03f945af76f323fdfb2d,d488f22161592a300e22bba46026f07212744610e4299637aa5e4bafccbdf134,8e2a2a2979717bc1,123.313232421875,648.888671875,,1,1
181/img_005.jpg,181,img_005.jpg,.jpg,39755,True,640,480,RGB,JPEG,a2fcc394a5690d7c58772a31153afb521e8ba83c1bc284ae13f6209eb88aa119,4cd5ea1063769b67ba4f5b5dfa24054c526588de945e97e455a56c2a013c4e2f,0c3052b23232606c,102.825927734375,931.4676513671875,,1,1
182/img_001.jpg,182,img_001.jpg,.jpg,39060,True,640,480,RGB,JPEG,ba6c8a068ddd9a601512c8bfd8930a3124088d258f0194b69514f928e1e30f67,c2152dd64e12c9101f4271a44fb3d3cd1559d1524433b0411251604303496d78,0f4b633373614d6f,121.46728515625,1398.283447265625,,1,1
182/img_002.jpg,182,img_002.jpg,.jpg,33801,True,640,480,RGB,JPEG,80423c5cd8ba0a63a83552eb5f74236a522f7278776f2c9f0f00adf0518bd04c,65976979ced440d0b498da14899463442f1b0c4c17d7f8ff7c33f92d68d2b3f3,cd8f63236b7379f1,143.933349609375,1459.486572265625,,1,1
182/img_003.jpg,182,img_003.jpg,.jpg,39883,True,640,480,RGB,JPEG,5906dd60168bf8259512c428f8f1fd160df5be5ed13ed9d2d91be65c4ee4091d,d9831bee0728a75a0787ce70602622bddd25f1b2fa3d30ab6683d6fbc1baf236,1e07677363e17848,131.20751953125,1340.5684814453125,,1,1
182/img_004.jpg,182,img_004.jpg,.jpg,31698,True,640,480,RGB,JPEG,c6796b47081442d0d3433152a333ad5738071d6b2ce45dd0a33cb431ad84a91d,e631884116fc3d3c9fdf87739ba26f7154ff0f8407df547c802705999b4d1b55,5c7171703939e478,107.826171875,670.963134765625,,1,1
182/img_005.jpg,182,img_005.jpg,.jpg,36687,True,640,480,RGB,JPEG,76eff83d194da8c22224af67a9aef88b810ffe96c2a324670b01fafb0cfd4df4,3837b1e42fa6dfaa0353b926d0de567f4509418664002bdf2b611bd05ff246c5,1525050c0ebc9cc7,113.5478515625,1441.295166015625,,1,1
183/img_001.jpg,183,img_001.jpg,.jpg,38772,True,640,480,RGB,JPEG,21d503b24b652e92052dec1ff6387e107f613fdee6e1e4b84b703fde7cd64cb2,2a45ff3760d6f352116ea41ee781c72f07d09f07022b376fc3e4b40d1a5046e2,0f4b637373634d6f,120.585693359375,1396.23388671875,,1,1
183/img_002.jpg,183,img_002.jpg,.jpg,40031,True,640,480,RGB,JPEG,7b00b03205053136c2f0d4780a3de97160f70455b10d41fdfbd53fa4a779291d,d85cf4ebb9d3f041f86f889725f4c8950d200c496ec88f9bf7ff1d223baf3281,1e07636763e17848,129.7265625,1364.63916015625,,1,1
183/img_003.jpg,183,img_003.jpg,.jpg,41903,True,640,480,RGB,JPEG,23e5211a19d2ed11f8f27ac99c6be5782e9ac68d2b7413b118de1aa4f88ef05e,dcea35a0b9e7479bd7911adfcc9a3df8f44f07658a1a5e2b48513eb08a123f4c,8fdbc1db93b363c1,106.7587890625,757.5778198242188,,1,1
183/img_004.jpg,183,img_004.jpg,.jpg,32265,True,640,480,RGB,JPEG,a8497d9e79ba619334de71cdf76760849bd313de3c3b2952ef5dd583abc86b64,7ed09ce9c2e39d09188adb9308401f9c9da7b8787cea97bd160551536c1a053f,547171303c31e078,108.749755859375,705.6824340820312,,1,1
183/img_005.jpg,183,img_005.jpg,.jpg,57243,True,640,480,RGB,JPEG,8f55ca8e2fb796e0ac4e88bd526d394cd0b618905b54a38766583452b8519338,69407266d04e8054446999ba5a25226ddf31d9a5dce16a2291ff977b5a163649,57476d4d0d4b8c0e,144.064697265625,2008.44677734375,,1,1
184/img_001.jpg,184,img_001.jpg,.jpg,38668,True,640,480,RGB,JPEG,d8bc9dae75e513f158874028513ee62e4050e8e6541035060e47ee21782e9490,8b7e3626468c22de8e42eac650732bfd665e05e76ffdf1c19d87472b8c5d877b,0f4b6b7975614d6f,124.86669921875,1319.654052734375,,1,1
184/img_002.jpg,184,img_002.jpg,.jpg,35755,True,640,480,RGB,JPEG,bf8b8c3015e29926a07d5c15f36b917df493705420edf0fef47927e535fbbe5d,998dd7e2567334ff72b347fe87fabf73f647f28df7274270b1a0c0fef3482fa4,1525050919bc9cc7,111.5439453125,1343.569091796875,,1,1
184/img_003.jpg,184,img_003.jpg,.jpg,62395,True,640,480,RGB,JPEG,c3f512f5b21707c78a5b1ae7e204f422259752761018c3d3493b0c996945c3ff,3fe4add5c661d0467faa4a717d88175909f1f640eef70c5b5ded3f9d5f4a83ee,1331311c0c3363a7,121.048095703125,5648.3115234375,,1,1
184/img_004.jpg,184,img_004.jpg,.jpg,31095,True,640,480,RGB,JPEG,22ba936c6400d17340ba553931032d46ad49b66e36b34ea53f8d860b41bd3b73,97d9c4c2389e2182e4741ee2d980fd4d4fcdb54f10cbfbc1db3c985094452484,8c0c0e2637736367,154.074462890625,1260.33837890625,,1,1
184/img_005.jpg,184,img_005.jpg,.jpg,29264,True,640,480,RGB,JPEG,e819449983464a6af61ad210477bb89657daf72fadee3725d35c1cfce881ba9e,beb7a25a8468a9e51bb181a6ea7484cfe14b1b7f20d039186f8416700ef254a0,de0e2733332b6379,136.507080078125,763.7801513671875,,1,1
185/img_001.jpg,185,img_001.jpg,.jpg,38868,True,640,480,RGB,JPEG,8bbf059dc1baa0f96d2831c5ce0512a055c8eadab6d5c2e852953ea2ab174dae,95ade951e29ac6ebf1663e869740ce8bce9a9f4a7a5d7da680f54733d7e3e14e,0f4b6b7373694d6f,123.67822265625,1343.394775390625,,1,1
185/img_002.jpg,185,img_002.jpg,.jpg,33239,True,640,480,RGB,JPEG,ae7d86ea37abe30d985fec24a53ee3475ccf8d5949c4dc916821cd9e5f233a51,1ffe7a1f0749c1d243997d60ca21fcbee122b29b43d71aaa28c02505c9945294,cc0f6323737379f1,143.845458984375,1446.3245849609375,,1,1
185/img_003.jpg,185,img_003.jpg,.jpg,24813,True,640,480,RGB,JPEG,3a47a9e4658802bb5de250d7901e3da5ff76d881ec0e78369083f004bff79b69,ce1108e5d0ed5ed372872ccb078e5e7f1809b99ac110b02952890fd98e8092dd,cd0f174973f3b126,135.409423828125,595.8009033203125,,1,1
185/img_004.jpg,185,img_004.jpg,.jpg,58133,True,640,480,RGB,JPEG,f20c35f6b680effa62bd5260834e19a164bcf1e1e1a0b321517b05eeda4dd1da,4fdf7bf62569217a8ddfd27a46c34ce8a1d84c17dfa3be600df93d349655c2fe,0d4969397969c1f0,128.060791015625,1161.9505615234375,,1,1
185/img_005.jpg,185,img_005.jpg,.jpg,31861,True,640,480,RGB,JPEG,f4f4a11f4708801e1b0b0c0eff7b69aa01bf21af9fa3557504cadad042b13e71,b6b7d6ccc8fd6dbd74d8c09327d981af93bfa38478ed85dbcf0bb3a9f9b97339,cf970d2d2999a524,140.6201171875,1059.2449951171875,,1,1
186/img_001.jpg,186,img_001.jpg,.jpg,38665,True,640,480,RGB,JPEG,bd3de98643f00d2130fc3d328fb0a8ff99f2a58454efe2d3de41d637a1d1cbb4,db13a389814ac026bae2d7edd3d8334aa6f65fb63d4fdcae0e4cad0207cc638d,0f4b6b7171694d6f,124.421630859375,1311.2191162109375,,1,1
186/img_002.jpg,186,img_002.jpg,.jpg,36242,True,640,480,RGB,JPEG,b37131962ecd0c8f69d9211b32ef66917e627bad9056b957a416315d7694d6fc,bcabeee13aa74d872287c350c388a13ff1e40c08b103ed81fface91d8d6cd1c0,152505091bbd9cc7,110.64208984375,1319.20654296875,,1,1
186/img_003.jpg,186,img_003.jpg,.jpg,35163,True,640,480,RGB,JPEG,313c2c4fa5aa695ad5bcf13a482eb3b58b025dc61259cf5bfcc7cf7284acdd34,a81025b274800b714368db8318d5e265dfbba1a16e83e91bc3d3ad7ff8dcaeb0,152505091bad9cc7,110.617919921875,1315.6553955078125,,1,1
186/img_004.jpg,186,img_004.jpg,.jpg,36233,True,640,480,RGB,JPEG,9dfb40b131ad3ef0e5c4b1069f911dd88019a8efef9c0b5b7ecc96460d1b4436,c61e123c376bc1caf8f838895aa867dba93a6c359cca5cd37e9e62306ba6b6dc,879d9d1d8d8f9b36,160.466796875,682.0509033203125,,1,1
186/img_005.jpg,186,img_005.jpg,.jpg,36417,True,640,480,RGB,JPEG,aa4f676259ffe2a54fa689a9e98502ea6accf243d10784032f1c8c4450bedcd0,d53045b1af3adc82b9b01dae0cc53f739b7b7ce60ed8a23c75b9f3fdb756ddb7,0d71393371706cce,116.359619140625,1094.2962646484375,,1,1
187/img_001.jpg,187,img_001.jpg,.jpg,38870,True,640,480,RGB,JPEG,529937bcb9e82e33542d1bffc53c901f1afee70452d743e6b999593314348df1,2578047095bf047192d247c1560af97e59b7d1ebe0100e9e282363e6e1ca46c8,0f4b677171694d6b,124.070068359375,1367.4840087890625,,1,1
187/img_002.jpg,187,img_002.jpg,.jpg,39565,True,640,480,RGB,JPEG,7845855a59ed52241c7d75402d80db27ba09182faacf7a1685423773d71ba64c,c45307343d1438281d1aee412437fc3e95b0f93a51986ec3e8931d6fd9b78dfa,1e07737363e17848,132.516357421875,1272.5343017578125,,1,1
187/img_003.jpg,187,img_003.jpg,.jpg,34459,True,640,480,RGB,JPEG,204d5ba06652a74bf984b88cf01899334332232fbbe2f8ee264dd3457e47ec5b,31e48f6b8039687e9ac681cad269422bb5523895c1c013ec231ee33463778aad,1525010d15bf9ec7,108.895751953125,1245.83935546875,,1,1
187/img_004.jpg,187,img_004.jpg,.jpg,42025,True,640,480,RGB,JPEG,daf95415a21596376598a4d8b9f2ac63baf7536cae6f26689006be153d312c28,613d2b0201c56823922e53177285b6a83e3069c11f63e2dde696eaefeca02c13,276b618d5361e0e8,144.54638671875,1012.1538696289062,,1,1
187/img_005.jpg,187,img_005.jpg,.jpg,38650,True,640,480,RGB,JPEG,ec817f4244519bea73a9e166c9de0d5183859e7e491d5cf379efecfe5e19b0f0,24160c7b3adc5a8c7e65f850b01687d3dbe4bf4ae564a5a6573f37b6708f8e76,1da3333133793068,117.70263671875,1357.30810546875,,1,1
188/img_001.jpg,188,img_001.jpg,.jpg,39072,True,640,480,RGB,JPEG,02ed48e787bd9883eda070e1d3549528dc0fcdab1f80bb3a4d9ae1ee8875bec7,d998bb8168fef08c977ece99099f62b3825579dca98aa4e32fc468bc00b64f95,0f2b2331f1614d67,121.711181640625,1457.261962890625,,1,1
188/img_002.jpg,188,img_002.jpg,.jpg,40337,True,640,480,RGB,JPEG,841914484198e18d0a0d2e608700b8347305abee37595394abd79c024814e732,8e261009a2df16ee1703d70d37f548c3234e1c46aa38854000e96aa8d903e94d,1e4b6b73e7e17848,130.222412109375,1397.14306640625,,1,1
188/img_003.jpg,188,img_003.jpg,.jpg,57109,True,640,480,RGB,JPEG,6a8244668eb94e8978be6d23e6b46b761381edab9af67514d8cb870e75956f85,141e41a4482f0804910cc08141540e6859bdc7c0c0f2f5f23e56b78e6dbfefd7,16332b0f17332f33,141.521728515625,3046.84375,,1,1
188/img_004.jpg,188,img_004.jpg,.jpg,39677,True,640,480,RGB,JPEG,bcbfdaec92a4b5a021c48117086d6fc0645817b23f1853a692924e5bb0d47c2a,3106f610d84a6b0e44b4810177442ade3573e75aa3e59e5ec23486a51e9a79fe,c9c8ec36b3b1e022,106.604736328125,1041.4744873046875,,1,1
188/img_005.jpg,188,img_005.jpg,.jpg,36073,True,640,480,RGB,JPEG,4a3d73930aa1b190c7f9bbaf244add3601d29e65ea49eecaf2329027b0ceb907,1e210446fc8e29f5aba639637cbac8c7a94f60c629efc11a6c90dd77007fb769,1f7759594f7cf0c1,142.39013671875,1033.031494140625,,1,1
189/img_001.jpg,189,img_001.jpg,.jpg,38938,True,640,480,RGB,JPEG,be9dd6a0078efe9fd2e34c59e0d46c0e7fa1ed8d3a5c1b3f90b98f6a80ea192a,bb41578d91b44d1b8a5a1071cb2c70ba087daa95bfed5faa5ecc413faa740321,0f6b633373616d6f,122.743896484375,1375.564453125,,1,1
189/img_002.jpg,189,img_002.jpg,.jpg,36823,True,640,480,RGB,JPEG,9e816f5f59127b7626c583e99620bff937d379bc4615d2d13946a8bd44e7bc06,46e7dfd416baac0e00130fe5f1e0aa1e736f9846122f9f272ac10e8935d4ed3c,1505494d35ac9cc7,118.56103515625,1408.485107421875,,1,1
189/img_003.jpg,189,img_003.jpg,.jpg,41329,True,640,480,RGB,JPEG,184dcdcebce3c2057600ee76c831ad9a5c3405424d8718ebf697d0272aaa66fb,cba844b94c86abe2f7bf9404735adad57ce22de6ce3384a12b0ee414243187fc,8fdb333b336361d1,115.55126953125,742.642578125,,1,1
189/img_004.jpg,189,img_004.jpg,.jpg,38186,True,640,480,RGB,JPEG,70e9649dfd06ae84e9e08bad82e68205c8eae715f0ca5c988e81f7a1f3593021,e89a39f570f73abe509e4d6cc67bdb6088503a640659131c0a7aff1e255ac3e7,864373712333f1cd,117.472900390625,1481.9547119140625,,1,1
189/img_005.jpg,189,img_005.jpg,.jpg,49254,True,640,480,RGB,JPEG,d42d526c07c4b1d8876ec1a4839e89eec6f8c81eaf21f386f4c3d7d752d870e7,4eead9c6ba1dd72c4479ad38f26ae7a78a77ce48d76aa3fe3731392ed826cfa6,33383031713cdcf8,130.691162109375,684.054931640625,,1,1
19/img_001.jpg,19,img_001.jpg,.jpg,40333,True,640,480,RGB,JPEG,aa21d858ea43f6de4c2441e281393c1a5bb9d49473b1c1b0aef71c9c9801f89a,bebacbcfee4cb3ec2b2513bc7e04d52a85ff95d78edc5a647a441fa151430736,9698929999343030,115.870849609375,1441.6341552734375,,1,1
19/img_002.jpg,19,img_002.jpg,.jpg,38368,True,640,480,RGB,JPEG,45e74539e189c970ea23586ee75565895d72beb30e829d30733384d221c0c120,c931648665f2e0822ab255112749972edd36528a6268cb91d621e57d6edf5473,1e3b337b69f17848,126.95556640625,1088.501953125,,1,1
19/img_003.jpg,19,img_003.jpg,.jpg,37453,True,640,480,RGB,JPEG,fd971f396afe7f8895024e453d55038ac217ad83ffc2a6f110c1251fe62839c6,a66abccc0e50fe48abd9bc0699f738fcc2a08fd9baf48fb839db3a4dda63d6fd,4d7d391c90342c3d,98.092041015625,1649.159423828125,,1,1
19/img_004.jpg,19,img_004.jpg,.jpg,45520,True,640,480,RGB,JPEG,41337e62ce4ca2ac359da64ad8d1ae498b0cbc949b432853a5a6951d91c5cb69,b9de81bb52aa592bd7af507965422f9af4debda779cdc1b1ad423e53a99ca934,963c389b9998b86c,109.316162109375,3279.46142578125,,1,1
19/img_005.jpg,19,img_005.jpg,.jpg,31622,True,640,480,RGB,JPEG,65075378cfab553bc6aec34101c9226231043a21dc181fbe94c60ab5682d9a11,50bf8d8e3c694753381d7d644956b07f72ff5503484b76f921dcc9236a509391,0e3b7963634d6669,124.2470703125,988.6685180664062,,1,1
190/img_001.jpg,190,img_001.jpg,.jpg,38874,True,640,480,RGB,JPEG,532307fce6e710b45c9c8a72478f1397bdd60df66f853b54c4d60147fe1e65b0,0cb8498701a2a6c803cd45413ebc803f99c77e5fd11d6d0447002a5626e753d2,0f6b637371696d6f,123.06640625,1381.864990234375,,1,1
190/img_002.jpg,190,img_002.jpg,.jpg,33283,True,640,480,RGB,JPEG,5f0f34846585402cf6f16255c4ac2c3be8cb8a5451ec419a7a72fb126bc1d9f4,b1fbca96ecc5370190e853974d512d191c5ef284786addb3bde77ab85076e9ee,4d2f33332b7379f1,144.7109375,1481.5333251953125,,1,1
190/img_003.jpg,190,img_003.jpg,.jpg,40209,True,640,480,RGB,JPEG,82a282e37a50ce438e4d961f1cc0d501730032646e2865e5d2329ef19df9cb3d,d6ea068f710898d3413ec7b5c7160c53783b18bb6d88704c1dfd0b20ffe6d30e,1e4b677773e15848,130.656005859375,1406.1484375,,1,1
190/img_004.jpg,190,img_004.jpg,.jpg,37828,True,640,480,RGB,JPEG,2af2ec6b4564731e8b9b301a69c82ac92f85b8f1010ec1df40b045b9ccf75ee1,219f530dcd93aadee42d27f3f219b722a1c0e44d5074c56747be1eacb3605805,ce71252534f6f080,116.570068359375,934.5396728515625,,1,1
190/img_005.jpg,190,img_005.jpg,.jpg,43494,True,640,480,RGB,JPEG,9bf4f8f95e90a20797bc78a737b2776ca7208a17213d9b72bc865e6fbe4154f7,0d87681e6baa220c1d83ab85f2fb508f44187204b01b7764f4c027d327f84239,5b73533139b93b8f,122.489013671875,1079.197509765625,,1,1
191/img_001.jpg,191,img_001.jpg,.jpg,38938,True,640,480,RGB,JPEG,279dc457ab0f1af40918af5061b00be6db967863a8f7acfab7565523c078c381,45ccc6a4a14b2349662784d31b405f20b293e1b1101cbaa0855c6951e27fedf3,0f6b637373696c6f,121.031494140625,1424.5072021484375,,1,1
191/img_002.jpg,191,img_002.jpg,.jpg,39303,True,640,480,RGB,JPEG,473bb92521eb9c33b729587436a2a72828f148450aaf2eb0bdc0955e73e1007b,304b59aa3bee20faa7df113b58b160828524add1506706314ae167ed6570a29a,1e5f676763e17848,129.37255859375,1426.019775390625,,1,1
191/img_003.jpg,191,img_003.jpg,.jpg,39925,True,640,480,RGB,JPEG,0b54020ea0b59ae448369e69dc90f2ae78ededbbdacb5e5381224d4691c720bd,b698dbd23b40ea2757a72682a9aeafed9e68269e1f427f4ff64ed79cb710b0dd,1e4b676763e17848,129.125732421875,1421.842529296875,,1,1
191/img_004.jpg,191,img_004.jpg,.jpg,37290,True,640,480,RGB,JPEG,d955beae0ac8633f3746648f72444b19787725cfbfcfa5b403509d982969c3d5,381111799e9fa33c81c8f46d7f020c85da869cda8f448eda08c202f16ca3b4c8,4caf3333273331f1,134.9609375,1102.2020263671875,,1,1
191/img_005.jpg,191,img_005.jpg,.jpg,36880,True,640,480,RGB,JPEG,89c6ef21f7d65dfe078071f74b097756f4843274df5fd2a9c52b36c212f60802,ceb7e8cab103d13748962cf83480e1eebf8de1a01e92466e5dc5849dc56b7d26,0f1b257332232b3b,114.10400390625,1925.055908203125,,1,1
192/img_001.jpg,192,img_001.jpg,.jpg,38951,True,640,480,RGB,JPEG,fc6ae240a6fff2612346756c35285f015eb70f8c4f219f1d4259f9875ccd0e09,bcd3913b0778d064c9a944f88c37430b9e007e795f05a8d89139e9e074188e17,0f6b637371696c6f,121.644775390625,1401.5760498046875,,1,1
192/img_002.jpg,192,img_002.jpg,.jpg,37066,True,640,480,RGB,JPEG,71a24d53dbc92197bce70d71ab56f467ecf8da8ff9275bd769d1050680b1666e,d105c13b9e75a371db1c5bb50af9c31489444ef439cc775c767362b57e24bd28,1525454e26a49ec7,117.31982421875,1428.5341796875,,1,1
192/img_003.jpg,192,img_003.jpg,.jpg,60439,True,640,480,RGB,JPEG,723885d3b3a3d7aa028f654d74542e3c3f06177a292c98a79adae193963578ef,641344fee32119fecec46592e96fb4d57049700b2e5bd8ccaac2d76f884aa751,91191d4c4e3763a7,124.850341796875,5328.3095703125,,1,1
192/img_004.jpg,192,img_004.jpg,.jpg,31652,True,640,480,RGB,JPEG,df412c3190df92f16176709ec3f867a78d34b65745c090d2277de946d4aeb388,135500a6d4597084e9be7c0aa741891a4c4a5e53fb198e3bd54ffa77b9b488ce,8e2a3263697379d1,120.929443359375,509.47509765625,,1,1
192/img_005.jpg,192,img_005.jpg,.jpg,39224,True,640,480,RGB,JPEG,e068c8e96fc2c752999f905e2811496ed6115b01b1d04b0a3805aa11725ef410,70800fcd798d06c5cecb70267b7612925fae0ea28e2d13513865943d15ee8c38,1834662634b2f06c,99.204833984375,947.7564697265625,,1,1
193/img_001.jpg,193,img_001.jpg,.jpg,38986,True,640,480,RGB,JPEG,b67b65b3f28ee353577eb2cb519d9da5f1aa8c0787e27c80173016c96d22bcdc,eaa10d354579c801101f10e57b199ab29084cc44bd4fcd7a69739220f181052e,0f6b637373616d6f,120.22021484375,1417.6385498046875,,1,1
193/img_002.jpg,193,img_002.jpg,.jpg,56929,True,640,480,RGB,JPEG,582d5a0b2e81684871dc7477b0bf49d18a04cdc83645f9d8a9b67e820b7005f0,e7c64955d69c42f672f698e39b5f42a732a748b32706b704d86203996efe26ee,5747454d0d5b8c0e,141.830810546875,1950.4267578125,,1,1
193/img_003.jpg,193,img_003.jpg,.jpg,39552,True,640,480,RGB,JPEG,202a0128b955fe0f23fd7459db0112b2345cae9671981e837e9c583155c069de,8403bdb7bce6f775c173292d60caa98461578981bf492e1d0880efa47e440872,9e1e1a4970b869f8,130.939697265625,949.0433349609375,,1,1
193/img_004.jpg,193,img_004.jpg,.jpg,37807,True,640,480,RGB,JPEG,33568e5b143169a5c60b52c985ef20ed78e7869c320127b3f84cb6a7fcd890bb,db4ba920ed4d95612db2cf59ed4d0746e44e099850ebd8c025c1ccc577e5bb5c,cf21252724e4e0c0,120.781005859375,980.7479248046875,,1,1
193/img_005.jpg,193,img_005.jpg,.jpg,42852,True,640,480,RGB,JPEG,e1a56d4c174b660c21f03136178fd510bd3bad6b02fb7bf4ee13af630402258b,f76d927afbe39b2a3766d8c735aa8efe2bc117e38940a93e788a265bb5bf8649,4b73539131b93b8f,118.123291015625,1071.2618408203125,,1,1
194/img_001.jpg,194,img_001.jpg,.jpg,40584,True,640,480,RGB,JPEG,58a55077594e109f3fcedbb957b4ebf98cd1b8288665b40358aca58c1036c168,f4370c3fe21ecfe4196b8e839f56d83b3fab6437ce3596b5476e44cfe207fec0,8791313025b0b030,116.6806640625,1552.670166015625,,1,1
194/img_002.jpg,194,img_002.jpg,.jpg,39768,True,640,480,RGB,JPEG,ee3c3aca88476994aefa424484bb445842b40930098fb2f8aff982ab6ed2f338,633283dfb451acc6bc0d86f1b4908ff358eee1e3542679fdaafba9d001c01ab2,1e5b677773e17848,129.291259765625,1422.6318359375,,1,1
194/img_003.jpg,194,img_003.jpg,.jpg,40772,True,640,480,RGB,JPEG,545a38a1c354b7d00d943743dbbed0ce68adddd03d4b0f93a9ff3ed6eb0f6352,cbaef4a59241dd7f8b7eb79d4cf15381be64cbbacf1bdbc7a8756c9f86e6ba91,8791313225b0b030,116.713623046875,1544.908447265625,,1,1
194/img_004.jpg,194,img_004.jpg,.jpg,36818,True,640,480,RGB,JPEG,4e2fb0c2b1909ece7ebf1b1937b9333961591efd3ba6a8f86d8659b81c4feb1b,cc729ddc1b559b12ee28c2fd6dff47f6e58378334912893f924669bce3b36859,0f132d4f46c69696,147.53271484375,1547.37353515625,,1,1
194/img_005.jpg,194,img_005.jpg,.jpg,37310,True,640,480,RGB,JPEG,a6e4750dcc63166e5eb71fe1c116002e7e525f648497cc4746b757fbf8c7b615,fb85fac98db4df6a1cfeee37a052373bda56b8e7c51e45f856f6aeb9ee20bbce,0e3723333369f1b0,147.704833984375,1408.80224609375,,1,1
195/img_001.jpg,195,img_001.jpg,.jpg,38857,True,640,480,RGB,JPEG,9352015bc2ccc9cf26ee4d26b36971db6bc7529c82b6ea16213a1ba388660132,fd8a872e64cfbd16d021f79d18b2d4e3f4fae6e19b3fec8b0e5b78a004e7205f,0f6b637373616d6f,119.479248046875,1456.0272216796875,,1,1
195/img_002.jpg,195,img_002.jpg,.jpg,42058,True,640,480,RGB,JPEG,3dfe555f57aa21a8052d7ea00f77778715d01d5fb1efeccb6047d67f1a1bd036,36456a6515e23953b58550fa946c2f390f18d413a076e8b84a368a9db49eb95d,9ebb3333b36363d1,112.651123046875,875.552978515625,,1,1
195/img_003.jpg,195,img_003.jpg,.jpg,39025,True,640,480,RGB,JPEG,c96a197e26d05c9683d8d81a64b165211ac39f61f65525b0886f46a6dce4d42a,72a9b8eb7d0c2f697846764550d84743bf0e857a7594cc72694b0416ae280351,0f6b637373616d6f,119.4697265625,1463.515869140625,,1,1
195/img_004.jpg,195,img_004.jpg,.jpg,28106,True,640,480,RGB,JPEG,089b272de56495b959359aa88df8d6c3cb79cab4fa16fcb198de370decfbe8c4,2de5c9d4d17c3071838f792f56de0650c15bccad28d30b5d6792af8c40a7abb7,e687293919315199,145.998779296875,591.6304931640625,,1,1
195/img_005.jpg,195,img_005.jpg,.jpg,40831,True,640,480,RGB,JPEG,ca9053b5e3440c699843b8b2d805c8f36e77110e05f006bab9a229572d14adce,ec9e8b6fb880dbb9824ab1fd8ab63efab7057c25e08faf161f8f666b00ab9f92,8c0f3361666e3471,142.677490234375,877.2452392578125,,1,1
196/img_001.jpg,196,img_001.jpg,.jpg,38812,True,640,480,RGB,JPEG,7bf50ab6418010172dc8f06bced0f7f0bfead0d2e1f05abe171517a5dfeba886,089e260cb20df9df8755432d2a6292df6179b62c20b6cbe552a8ed454a7790d0,0f6b6b7171694d6f,124.42822265625,1340.43408203125,,1,1
196/img_002.jpg,196,img_002.jpg,.jpg,41345,True,640,480,RGB,JPEG,8d6bbac2588a97dc7d71e1a60bf0af825ee328e274ee7fd3fb804ae9486c976f,fba06e61646930d7e58ab80de4397da83b7d77927e5a7cb422368de939a9e8cd,9fbb3b33b36361d1,115.80712890625,767.5015869140625,,1,1
196/img_003.jpg,196,img_003.jpg,.jpg,40996,True,640,480,RGB,JPEG,801f42a0ebbfb0217fffe501d04d982e4bb8ebd98a791d5549122affdafc462e,1a6e90de022cc86bcf45071fddf0f86262ba5c9ae36c3cee9984e8fe0fed9612,63b3191c17331b93,111.0107421875,1441.51953125,,1,1
196/img_004.jpg,196,img_004.jpg,.jpg,41910,True,640,480,RGB,JPEG,3e969e1df1a53a7d6d9be98d0cae46244383f2a2e635c10b1394a16db938a620,17a5a004c8fc4607d12755dd750728af089ca83292dc59d4837ce77b2280d49f,276b792c3571e0c8,146.34228515625,986.471435546875,,1,1
196/img_005.jpg,196,img_005.jpg,.jpg,38878,True,640,480,RGB,JPEG,59e17038e2c917609e050464c4d8448002a25562be0cb2ddc8ffdbdd6ef77bfe,0de4a1ed09138cf47a63a411a159f1486dec89ba0e4c3199613da03d3b35a21d,27213d323179f012,112.944580078125,1180.8697509765625,,1,1
197/img_001.jpg,197,img_001.jpg,.jpg,38897,True,640,480,RGB,JPEG,69f7a680411647e84551eb05191d203a3c9acdaa140b5af0eb7e3ab6263470e0,1ed41250d3aa8dcba2e6de29c099e2017a3e39b47f0cfebc62f1ebce1a1d0bd5,0f2b6b7171696d6f,123.521240234375,1357.642822265625,,1,1
197/img_002.jpg,197,img_002.jpg,.jpg,56478,True,640,480,RGB,JPEG,71bc436635a2cf25ffb1e7f0a0e019968e22790d03945da5030e75f9d7bb6c1d,0ffaae6368158fd02d3d34795001910378e1ab9322539e17e4b54a8623f05f89,16330b272733af23,142.956298828125,3058.5791015625,,1,1
197/img_003.jpg,197,img_003.jpg,.jpg,31056,True,640,480,RGB,JPEG,b5ff80f4cfa820a41beaef05dda3b9951959e9e65808fda444ec8f9dd4ad00cd,1b35fde352fab7edc6bd828093a8a3ff4d730743869a1adb182ce7a538858a4e,5d7171713131ec78,103.587158203125,752.52392578125,,1,1
197/img_004.jpg,197,img_004.jpg,.jpg,39480,True,640,480,RGB,JPEG,ccd9d480de8b6d4b31a6ea48b665743d5b83f3f271982e8eb999a12f533134ee,2463b062bd55690fc1bc6fc0219c0b5aae567c4053d9a07e940de0781d503be5,8719216c0f130145,105.346923828125,2644.6044921875,,1,1
197/img_005.jpg,197,img_005.jpg,.jpg,38060,True,640,480,RGB,JPEG,5bd460499b5772a325dbd4a3df375e2055233ea912fae42b0dfe62cf14cd19bb,5d54d49230530683b1c7b88aee58de03934c30c36457e9d50de1d55da5fa057f,864373732333f1cc,117.443115234375,1495.08984375,,1,1
198/img_001.jpg,198,img_001.jpg,.jpg,38579,True,640,480,RGB,JPEG,60da0048b17e666ecd17c224a2b428d84f065002c4824a09eaf0c37871555092,0c82abfa0582ccb4d254ae2f882fe1d7c0c8942d109fe41752660a747797564d,0f2b6b7171694c6f,123.07080078125,1325.6416015625,,1,1
198/img_002.jpg,198,img_002.jpg,.jpg,56937,True,640,480,RGB,JPEG,e4ec53dc660e11861ef542173dbc096d38506e0698c6406bf1308fdf3ad8e161,37c5cc65ca466dbae86900507a98277f4fc489b70c933467b38152314ae3cd4d,16330b2b2333ad23,142.912353515625,3135.099365234375,,1,1
198/img_003.jpg,198,img_003.jpg,.jpg,63631,True,640,480,RGB,JPEG,f674fc0c23746a8beffae3b665610b260c8c447176cdd1f55cda3ff82bc730c4,2c945232c4288fbbf11fdc64ef94daa4d8cb256f0265ddafedb0261971101deb,8e1f1b6b6777736b,142.807373046875,1208.285400390625,,1,1
198/img_004.jpg,198,img_004.jpg,.jpg,52016,True,640,480,RGB,JPEG,cf90ca5353d85d734b8528ee325beb201ce909648e72098782ad83905e7d57f8,37cc9fdfdc752fc60e0592bcab40b1a5a25a45b5b0d18def93a5d885579e8704,5eebebfbd3d24266,127.815673828125,1416.12646484375,,1,1
198/img_005.jpg,198,img_005.jpg,.jpg,33196,True,640,480,RGB,JPEG,ee21c2acf3d86d5e79e2d9e25eb06dca52b841c3443ea4b0381d35bd5408c6e4,4452da7f9e3610276244e53195b99cfe72541c766fd40ebfff7daa1173ef0622,0e0f2b09a666a232,141.578369140625,744.3111572265625,,1,1
199/img_001.jpg,199,img_001.jpg,.jpg,39041,True,640,480,RGB,JPEG,51dea8c1135805dd0bb726a2f134bdbec946df2d3a4b68c855bcb3f7e2b9bf68,62f04ed14d463514b1b0d0c3da117aa784fe9933e0b72033778519e3c836d7c3,0f2b677171694d6f,122.085693359375,1410.999755859375,,1,1
199/img_002.jpg,199,img_002.jpg,.jpg,35907,True,640,480,RGB,JPEG,265ded7249a60e90aa42b1ebe2662d1de7bdc1addb308027cb65ed03609b66c2,ff2588c6466fa517d9cdc00d67ac41cc797015a5a50cab846e9d46d87da65917,1525154d25a79ec6,112.75830078125,1329.7694091796875,,1,1
199/img_003.jpg,199,img_003.jpg,.jpg,39962,True,640,480,RGB,JPEG,af709ef9f805d95bac36268cbddf86ea0970dbb942fb26f1188f8c9967e5f169,dbfaa8fe31fac3e838432de575c87728ebbc734d316972a5b9f2c3ebdc258c54,1e4f637363e17848,130.68701171875,1333.096923828125,,1,1
199/img_004.jpg,199,img_004.jpg,.jpg,34521,True,640,480,RGB,JPEG,fd461af9904b786b8c3e8086794497f58a4b8237c62a43bf395e8a4041892217,4aca9d556de29985bc6ceedd10e414403ed429cd01794b3666489f8c03b39eb3,2d3d393133133333,119.151611328125,859.8841552734375,,1,1
199/img_005.jpg,199,img_005.jpg,.jpg,36699,True,640,480,RGB,JPEG,27939e515384d21fd56f43bcf2a2098f2ad26c4023de332bae15e7c12dbc9c90,1d08b0812b7a3f72228d565f72f6ef64d6d915a017d3b5625f1d38f29ba004f9,0b11290b131b0f4f,106.083740234375,1548.358642578125,,1,1
2/img_001.jpg,2,img_001.jpg,.jpg,38733,True,640,480,RGB,JPEG,2533f6f1a74e3d51dff0607007c4cae0e3e6bed4e84dfd7ada815a056732cb43,176b1562981b98e6252bfa3195b78e03c0f0a8a8f0cace9dfb34f6fdf7bc97ec,4f4767e3f1696f2b,131.504638671875,1499.6298828125,,1,1
2/img_002.jpg,2,img_002.jpg,.jpg,42331,True,640,480,RGB,JPEG,43a196df5c11b69159b2847e03a16a281e9b99e6f5d9ee5a5ed855fd5686ed5d,9d3bdb38c91b386db51d4e8615da3af2689656d5ca2b72585990cfa69b2876d1,0e8cd8c8f1b1b161,106.9052734375,616.9022216796875,,1,1
2/img_003.jpg,2,img_003.jpg,.jpg,31404,True,640,480,RGB,JPEG,4132ec52d50ac90f588c7bfe7644a1146a3c6fc892fd62126ebf0f14c9192909,4fda04da503b37bac7f4f6cebaa004ed8647ae807a391a8b48eb6ac73a136c54,93d3e7e3b3c1fab3,120.5546875,860.7440185546875,,1,1
2/img_004.jpg,2,img_004.jpg,.jpg,37957,True,640,480,RGB,JPEG,0a5518c65055ffadfa31be91710bf70dc747fd8dd7ad130489a70fa8ab6a60ee,2a56f0829471c74e802e6bac7c6b44d33514a5a24159a461e6638a989d4b01bf,2b2919136239170d,136.16552734375,1568.0792236328125,,1,1
2/img_005.jpg,2,img_005.jpg,.jpg,43673,True,640,480,RGB,JPEG,e9476c397179c1bccaf7e54ac06112eb592b63e23c05d6749de64c857c183061,afdd3c9696897b8ac32a39e9cb6795f2d6ac33a653fcd1dc1368ab3966f44a4f,4e4e66f6c4e6b21f,117.66796875,1117.799072265625,,1,1
20/img_001.jpg,20,img_001.jpg,.jpg,38466,True,640,480,RGB,JPEG,e3a75c31c8f322e9272518f2066f34fa87c85660dafad78d4f7b52ea56806491,00428d1b3a5034ee7f34841259fc50d567dc263a1b50ba556af60ab1097e119e,1b7b3b71f16d6f23,117.668701171875,1432.8485107421875,,1,1
20/img_002.jpg,20,img_002.jpg,.jpg,56338,True,640,480,RGB,JPEG,1701257e47ff79d706190eb77a4a22aab2749fcf1f6a1f9da85c668a083eb85e,6ffb5840cad61264ad05fea110c850b88b7080f3aaaf70aac5dad7715638fab6,266e5b0f6763b31f,126.314453125,2667.27001953125,,1,1
20/img_003.jpg,20,img_003.jpg,.jpg,39011,True,640,480,RGB,JPEG,e537e39e1c0969c666de93620da02aeda25e118f8c9b9d00a0da35a9b092fbe6,f309eb8aed757eafae03e890488716e840b06d96186b7cb3df6967e8402e95a0,a313199b93183838,127.3876953125,1183.78515625,,1,1
20/img_004.jpg,20,img_004.jpg,.jpg,42341,True,640,480,RGB,JPEG,ee61ea8eb292277c874a83fe96ec211c71d10db25c19dada611226ed7c8a4183,289a46c28448e8bed477be08af83cfd36430d655a13d31e96661afa896abfac9,b3939a989c9e183c,135.679443359375,987.222412109375,,1,1
20/img_005.jpg,20,img_005.jpg,.jpg,31170,True,640,480,RGB,JPEG,ae02feaaff31c808d7bc8adbc90cde86be2b693f8741b6be652a8a60ae0357d0,77c6fd2469baeae37d3c589edd40126140a394f8fccf8d67a9d15250b5501b79,8f2b7373337d0d0f,116.001708984375,834.204345703125,,1,1
200/img_001.jpg,200,img_001.jpg,.jpg,35827,True,640,480,RGB,JPEG,9a4ca2f4a3efae7c4e7c33425643a149dc3c3cd364648f78a62850cc3a53390c,95e3acbf278ab06c923e7f22aaa7ede06ffba552f0a2ea17f0ddb987c4796cb2,4cce7b4f13737971,138.322021484375,1192.5679931640625,,1,1
200/img_002.jpg,200,img_002.jpg,.jpg,38995,True,640,480,RGB,JPEG,dfa39871bfcbf11c6d69d11d77276ce068eeaf4af43048874a9256b5d96d28c9,4a1c6646bc490a64cbf4b510265645ae674fbacf368a2a9963c18ed8908325c4,37535bcb9d275b5b,128.587890625,1458.5379638671875,,1,1
200/img_003.jpg,200,img_003.jpg,.jpg,58096,True,640,480,RGB,JPEG,af21965e18ee032c5d739b4ae0a6564a26ae89112629d41d913518ac0e11da5d,da5eaf6e449d246ab4551ad7cab7604899af6977bdc6fcd9dd8efed66d0d38f9,574747c78f4b9c0e,137.63818359375,1811.036376953125,,1,1
200/img_004.jpg,200,img_004.jpg,.jpg,36375,True,640,480,RGB,JPEG,2af9829bb562493a0ee6a5b9c7ddeba3cc5bb7e8dee42146349b4ae04122c1b1,66bdb6b1f84b95f8206817a4251baee5e1a5d4a7216892142abe4d7383c6fd74,3525554d05a68e86,116.483154296875,1354.6373291015625,,1,1
200/img_005.jpg,200,img_005.jpg,.jpg,33602,True,640,480,RGB,JPEG,e5c4e11e78b2e36dba777b3bc3e58f0aea849bf0ed451a3b798568d7a7eb9600,f767309ffc45b79f6db61cdc9f5a07f0be5eb9c9561eaac3d1ab83123ad0611d,4e2e66366f7371f1,151.130859375,1407.632568359375,,1,1
201/img_001.jpg,201,img_001.jpg,.jpg,35901,True,640,480,RGB,JPEG,a9e1d81b8a4a288ebbbd441b3ea3aa1f083a78ec370df8b1527d343c5bfc993c,2254addadb5dfb3ad0e80180663cafe3eb91f1ea17377c9c7a6c92e14e0856e2,4cce7b4f1b7b7971,139.94482421875,1167.486083984375,,1,1
201/img_002.jpg,201,img_002.jpg,.jpg,37133,True,640,480,RGB,JPEG,d74ff9fcf72cd45d4ca6800da06b07e3c7c764b4a6b8f56be060a8770d41d8a1,1269d25a38661e3117e5b3f0da20a0617ffd52aa2ab04ab48974a013f09b109f,265753db1b1b1b2b,137.51123046875,1392.37353515625,,1,1
201/img_003.jpg,201,img_003.jpg,.jpg,58695,True,640,480,RGB,JPEG,7ec5306f00b2be968b0d4e74708eac4524d7e9aaa4761e99fae131ff93904278,20e97e9e7a71cdf20dfeedd1704d14a26bc955325d09e6e87c1bddc88a5aa82c,574747cf8d4b9c0e,139.28076171875,1851.841552734375,,1,1
201/img_004.jpg,201,img_004.jpg,.jpg,37081,True,640,480,RGB,JPEG,15e649f51da0d27e697c4214fa32363840ab18cfb6c3116b49c01ab2dfa109a0,eb96825070956d83dd565773fdeb120205e3c0f4cea767e62de0617032e6d266,2505514d17ae8e86,118.35693359375,1394.1851806640625,,1,1
201/img_005.jpg,201,img_005.jpg,.jpg,33434,True,640,480,RGB,JPEG,a90b1e6b1868922b096616496c20f5206bc4fa10ee69acb9ee178464cd45a49a,b1430e07bf4df182d65a63341b874b82e51260e9de51deab55084ebe856f6880,4c6e6636637379f1,149.841064453125,1411.4208984375,,1,1
202/img_001.jpg,202,img_001.jpg,.jpg,36244,True,640,480,RGB,JPEG,dd9c3fa9e5b5c669baaabc72ffd2235e252dc5940305aa5a03ea7433c767fef9,e68666456cfc11419a01f5ba13e11f3cca07c90f1303c7afbd3fea86d513fbfb,4cce734f1f737971,137.885009765625,1237.18017578125,,1,1
202/img_002.jpg,202,img_002.jpg,.jpg,59181,True,640,480,RGB,JPEG,0a2f54fc52139e7290b7854f7d8397899d15fa7a44e9c4435cc8403ac696059f,3161bc07ce5c2d084ff2e40788ac0148e18b21f7eef7986a1d67be5709d1f349,574747c7cf4b9c0e,138.06396484375,1843.6796875,,1,1
202/img_003.jpg,202,img_003.jpg,.jpg,36862,True,640,480,RGB,JPEG,e7a9c485efb815d1315e8753906f4251e092fe6a44b23fe0d9efc83baa345ca3,fc3ec5670aa0f84f99431b43c1f07ba7624d87791e2ae670488e0b5cfd051071,2525114d07a69e86,115.185546875,1308.7725830078125,,1,1
202/img_004.jpg,202,img_004.jpg,.jpg,33486,True,640,480,RGB,JPEG,4985eb9a388b9067068315cfd52eb61a7135aefde12be08132e328f6ca2ec30f,a9ccaffb600d17320504de6a96c93b9c79c5c30135dcbcdf54ca70b75394ae5c,4f2f63326b73f9f1,149.98583984375,1443.36328125,,1,1
202/img_005.jpg,202,img_005.jpg,.jpg,25946,True,640,480,RGB,JPEG,65f6429e430d1f8b02d06fb5a77f517909f1f91f1839c1b550c3ce4de9d8f4b2,470c21d46e5e502ae748374f153d25d81c156cf82e8eb59f4fb44f8648d199a9,cd0f174371b1b126,132.450439453125,619.249755859375,,1,1
203/img_001.jpg,203,img_001.jpg,.jpg,36389,True,640,480,RGB,JPEG,680969c47aead7c42ecfed07f2948b3c1f08dd1a62e09c641d04458446a344f5,ac72d829b71f4a83e53dcda031f7d4333baf52086c521bb6f14425c3ffae772c,cccf73571b6b7971,139.537109375,1194.29150390625,,1,1
203/img_002.jpg,203,img_002.jpg,.jpg,37264,True,640,480,RGB,JPEG,4133a3117dabc641dd146364e285407886d767c26213fd80b7cd56b43e51b11b,dc81302c75c75d9dfe3e0f50e004b22971b4147273dd302dd6c4dccdf0897fe0,2657539b1b1b1b2b,136.26123046875,1386.23583984375,,1,1
203/img_003.jpg,203,img_003.jpg,.jpg,58508,True,640,480,RGB,JPEG,cb554cba3bce6fcd986156654315396f756536f7f99efc65cf7025a875a07654,1b80c940a1f2c1d4b6863e63188ab36c68801e38117965cd520caea1820f4ad0,574747cdcd4b9c0e,139.73681640625,1898.5552978515625,,1,1
203/img_004.jpg,203,img_004.jpg,.jpg,35934,True,640,480,RGB,JPEG,70b18cb167ca0f35eb471676fb71666d30bcb060742a4baae6cf1a01a2275e96,5b53ac4c13187b89bf1e8f679f30f7306acf698d466b21089ff910293a03dfbd,2525114d17ae8c86,117.699951171875,1379.73046875,,1,1
203/img_005.jpg,203,img_005.jpg,.jpg,33549,True,640,480,RGB,JPEG,20f65e5e555707d1eb9f211d4af33b0ca6d0085fa15fc2179b44ec44014c6c7a,2b8f2d9d72cec648eb08eb3eff2b4fa5d53c03ccbcd1e3d3f3d19feb05931764,4f6e63326b73f9f1,149.073486328125,1400.453369140625,,1,1
204/img_001.jpg,204,img_001.jpg,.jpg,36312,True,640,480,RGB,JPEG,c24c444fb7c17897b4a7456f5a17c7286cb77a058e11e9d2672ab79411ae119f,42d3a39847e383ce5a0837e97b1feac9fcb4067d44d4cf47cccd61afb6a47b49,cc4e73471b737971,138.989501953125,1216.5224609375,,1,1
204/img_002.jpg,204,img_002.jpg,.jpg,37398,True,640,480,RGB,JPEG,9320943ea95daaf43b1b77aeabbbacfb7c98260eb6cd174e936378ab7cc24b1b,5b5ede361827674431539f2b656c8e88d27812132c9527d249f69c952da40925,265753db1b1b1b2f,136.46142578125,1383.84375,,1,1
204/img_003.jpg,204,img_003.jpg,.jpg,60079,True,640,480,RGB,JPEG,6ddda3c7901ae340dddaba638408da9e1fc06fcdeae8724a51c7950401e6fbc4,a7ba65d6adbc60c6bfcf595ee97609f19fff64fc47a7dcb261671895a4c4a0e7,574747c7cf5b9c0e,139.29638671875,1888.2216796875,,1,1
204/img_004.jpg,204,img_004.jpg,.jpg,36601,True,640,480,RGB,JPEG,f33811e7d84a808298e218363ca0665b4bb629a2f025147b7a3aa24054811319,bebca41181754100a6ac3ed3d347f104e882d4fd775e910931faefe5a8228af9,2525114e06a69e86,116.138916015625,1351.1160888671875,,1,1
204/img_005.jpg,204,img_005.jpg,.jpg,33695,True,640,480,RGB,JPEG,a48d2ba7a9a0447c6225538d3d6faf518a61ceabbb50ac057f45df601ca43840,509384de3599081e0c47c0c07ff77da7f22d498bb90f10d75d18bb9dea211dc8,4d6b63366b73f1f1,149.271728515625,1389.1307373046875,,1,1
205/img_001.jpg,205,img_001.jpg,.jpg,36082,True,640,480,RGB,JPEG,1a3df47270292e66af37c280e37742aa65364d9a338be736ed7acb800a61a1f4,e1791402e00680fd61ce0e4245b56614c204c3ff0a4618f220784900ceff6635,cc4e73571b7d7971,140.635986328125,1174.068359375,,1,1
205/img_002.jpg,205,img_002.jpg,.jpg,60201,True,640,480,RGB,JPEG,a04f31fca12a1b977c887f394009c33fa7a3d9d84c5b2f8ef45664de0113b486,d5a5a87aee2f738576c8ea63e402696a8eb5206f64c57e8f75f70dae6ee8531a,574747cfcd5b9c0e,139.422607421875,1917.7926025390625,,1,1
205/img_003.jpg,205,img_003.jpg,.jpg,35402,True,640,480,RGB,JPEG,07643067e1120fc44591ab30d5751ae2d0b8f4c68e33c0ce88ca69bcb71410a1,dc0ee4ae207b3df51c83191c44ffab3c95e54a4cd1aac5d919ea15332a560700,2525114f33adbcc6,117.746337890625,1466.6138916015625,,1,1
205/img_004.jpg,205,img_004.jpg,.jpg,33545,True,640,480,RGB,JPEG,60963aa397ce20be1b34864e96ade665923bd5e5cc44683214e2b64a65b0b8d5,cd008fb0fa221ad0cd5a65f2fd28f3f7ef0b15d0796a13a7ce543038073b5d65,4f4b63666773f9f1,148.864990234375,1399.889404296875,,1,1
205/img_005.jpg,205,img_005.jpg,.jpg,26255,True,640,480,RGB,JPEG,97c58be910bdeea2170af7c31776892722fcbfadc0e8c2dfb0a3dac69ebddce7,9e2859e529189bb2f09bf76550017bfcf978a068be5783341b7496ccf0f94cb5,cd1f176371b1b126,134.625244140625,650.783203125,,1,1
206/img_001.jpg,206,img_001.jpg,.jpg,35896,True,640,480,RGB,JPEG,ad939cffc5bfdca51d77f3d8688cefa8d004e2cef755ba1f52dcf44848ca6d54,6e9d95b7978ee9f8aa01fd94886e618115dd6941bb0a35fbaae459f771b9c525,cc4e734f1f7b7971,137.785888671875,1274.9779052734375,,1,1
206/img_002.jpg,206,img_002.jpg,.jpg,37466,True,640,480,RGB,JPEG,9a6609ed34903a0070137e3bb9abeb1f8a90eac76783bf2f0a217cfed712b523,5afa53f9c54c423fa151220e05fc13891aff66d9d49638de903cd04dae93f8ea,265753db1b1b1b2b,133.202392578125,1504.7755126953125,,1,1
206/img_003.jpg,206,img_003.jpg,.jpg,57427,True,640,480,RGB,JPEG,5e3cb6df097293ef37821a7b8486347735c2304658006674aabc62e981eb94d7,a66ca9a54af8bc65f4c3c16fb84f2db0e7ad46e41d1ec9d645792de4e43f3a3a,574747c7cf5b9c0e,140.63671875,1857.117431640625,,1,1
206/img_004.jpg,206,img_004.jpg,.jpg,33558,True,640,480,RGB,JPEG,2b5ea24fd25efebf3d9fc8ed89525f8f4d4ae2e57c28882b357c03e104ff34b0,23f88690aef989db3c4fef67b0728a375262595eace0dfebe9eea37ff201e402,0e2e67366753f9f1,150.255615234375,1348.3382568359375,,1,1
206/img_005.jpg,206,img_005.jpg,.jpg,26532,True,640,480,RGB,JPEG,f232259be6528fa7bdeb7b31b8b599104ec158d5df4f43c7598135050e8a2341,f11fd69a5bdc192fd15dd72c6868eef12715e7afd967a9bd9d6079e0b6ad8411,cd0f174371b1b126,136.872314453125,672.2635498046875,,1,1
207/img_001.jpg,207,img_001.jpg,.jpg,36262,True,640,480,RGB,JPEG,43c9d95241ff431c95036918a946fb10c8e7d7ca1403df4b4b6036dd020f94f5,3c420b398bb79f60c24c704a604dc7418190d2f92efb6c1978ac4b92520722ca,cc4f735f1f3d7971,139.435302734375,1180.2662353515625,,1,1
207/img_002.jpg,207,img_002.jpg,.jpg,37526,True,640,480,RGB,JPEG,168a697c0ff27f7204b99b22a89be8f0d5bcbe808de100e421d4e71eb3217f14,2bd194e3fd7cef7d186f6a7037cedda8fa069d23622f79ef5e9acfafa84161a0,26575b9b1b1b1b2b,135.6328125,1489.49951171875,,1,1
207/img_003.jpg,207,img_003.jpg,.jpg,59896,True,640,480,RGB,JPEG,7f44ae5a4f0a0c00e9668c8b082c9b21ff0f9311fdfbce0706f26b841c876542,367dc773e06db84f099039050c84641c4def3759910da771a36cb7c2c9f6b4e5,574747cfcf5b9c0e,142.78564453125,1947.29345703125,,1,1
207/img_004.jpg,207,img_004.jpg,.jpg,38311,True,640,480,RGB,JPEG,884dd33ff5158cdb3d5a413c5e02bccbe4ed4a208a60c4f503aea34ea47f111a,2c150249e4964b931006af2319b5aa82e58a78965685ee546fec864569b66715,2505154f338fbcc6,121.441162109375,1563.969970703125,,1,1
207/img_005.jpg,207,img_005.jpg,.jpg,34134,True,640,480,RGB,JPEG,b8d4602bd500e89dc5c590962fe043a104ed4f91680178f259800662c313ee26,0a5dab3d9d3ded460fc6c5ba534b8498e61fe57d79b3bae16dd972c6c519551e,4e6667267753f1f1,150.081787109375,1378.8580322265625,,1,1
208/img_001.jpg,208,img_001.jpg,.jpg,35629,True,640,480,RGB,JPEG,85a43eef5d270a73d4c64c4b22c02c1f94af1f15e5a30f7f588784dbb6764b2e,1b0d643df77f1488d56f1afe2c50e49cd1bda83d27367ce89327d068f51bd16e,4c4e794f1b3b7971,139.652587890625,1168.384521484375,,1,1
208/img_002.jpg,208,img_002.jpg,.jpg,36430,True,640,480,RGB,JPEG,5a4a58ab7e436960b2cb71b11957fec3b34b1743270408ed239cb589c2176e75,9ad923d1ca6aed905ed8e56114b03350645398f7e7f065cb3993d442ff9d2b0c,26565b9b0f1b1b2b,137.62890625,1297.66748046875,,1,1
208/img_003.jpg,208,img_003.jpg,.jpg,59289,True,640,480,RGB,JPEG,04a5f4b4bac258729913dac1de80ac1f2e9d13e3141058ea07d84dbc25bb8c30,6866607678b47414d0c84fe7c085cf83b0c6b1df1ee6f6932fb5b29a6d1b807e,574747cf4f598c0e,139.790771484375,1829.4176025390625,,1,1
208/img_004.jpg,208,img_004.jpg,.jpg,35495,True,640,480,RGB,JPEG,172bc7e4d54b80d7c325288fdc1089a403fd269178ee199cc0e0eae1a20a512b,1edaf9b645f08967c9fb87f947e9d7139bc702cb901c8054b84c9536e0205d5d,25051149338ebec6,116.121337890625,1382.173583984375,,1,1
208/img_005.jpg,208,img_005.jpg,.jpg,25401,True,640,480,RGB,JPEG,872b6625fdc495e72fe01fe4300b880e361f68d3557b08df734512537f26ff64,ff95dc0c7a0a434b79d64adc939b74561445e09b59733918d0274fb117da0d34,cd0f176971b1b126,136.7109375,623.5018920898438,,1,1
209/img_001.jpg,209,img_001.jpg,.jpg,36040,True,640,480,RGB,JPEG,74a4fe9e33fee9c995c7040296778d4c6240feb888a3529278a42440369a222e,04fe7703cb2f0aa44505963702f8246bdcf4c43db098aeff032f753b855ae24a,4cce794f13337971,137.64111328125,1207.614501953125,,1,1
209/img_002.jpg,209,img_002.jpg,.jpg,36755,True,640,480,RGB,JPEG,ed3df00f409fbd7ae5f262cbded295dcf27f375dd076b0966e58d5b18bc99d3f,2ff3c8837eda8a8d1834d34f31309f15bbe5207308424f5640ec283aa8a40715,26575b9b1b1b1b2b,137.535400390625,1303.46044921875,,1,1
209/img_003.jpg,209,img_003.jpg,.jpg,35633,True,640,480,RGB,JPEG,1f3a2cdcbc27eb78a9231ff4c29c7373b2399d25e8b715edeb5f391c39a7e647,c40cf91f966a58dc65a30bccddcd6d8566e5998ff60b56decb5661c5429f3982,252515492786bec6,112.919189453125,1278.43701171875,,1,1
209/img_004.jpg,209,img_004.jpg,.jpg,33321,True,640,480,RGB,JPEG,dd514d0ccb351620c729c4b8312a2a8ba625d48833f6a02a8cc8c3accfbfb93d,348beeba0600701409fdd0a8d496f57ff888dbd1309ef90c428710be4fd3d7ba,4c4f66666773f9f1,148.75244140625,1387.2818603515625,,1,1
209/img_005.jpg,209,img_005.jpg,.jpg,25419,True,640,480,RGB,JPEG,f58588e86556754d28cfff36223e8b2ffb8dfcb02ebbc97ea0f7c62f689dea6e,03f82242936ec6e855169328b3b2dd2acd0e897f6c1bcf095f29aea47cf1cce9,cd0f174971b1b126,137.33984375,642.5037841796875,,1,1
21/img_001.jpg,21,img_001.jpg,.jpg,33211,True,640,480,RGB,JPEG,13e64a14521835bb93f7b513a293755f0bc5fdb635b8f1432d087e5a881dd981,506fff44f2fdfe5a98e9c5c2fa9a1eb9ed8906855cdac28471042312992019ab,f3c39a87071d363c,135.843505859375,1034.4814453125,,1,1
21/img_002.jpg,21,img_002.jpg,.jpg,34868,True,640,480,RGB,JPEG,06bd94811844be3e4c170cf8255dbfb33a380c72a45841f053a6d900bb6278bf,f1aef4307f5c8e241201a17bb1b6c8191ce5dec77692e8555e6e29fe657aae1c,3f6656d7932b971f,138.36083984375,1254.359130859375,,1,1
21/img_003.jpg,21,img_003.jpg,.jpg,62758,True,640,480,RGB,JPEG,8adfea5b78517400238a7e06e57eb8cf6e470b343ef35fd5dd9f375bee809937,a1d3a2c2b0c3c37817c4ab2e785ec02188d1299d6a2e7c04ec3374186962fc4f,5747c6464fc98c8e,136.507080078125,1810.72998046875,,1,1
21/img_004.jpg,21,img_004.jpg,.jpg,35341,True,640,480,RGB,JPEG,3f9e62a0287e65da76f2adc9677eb944df21bd99b9a9fa9a3e19e9d5cbc80ca4,28fe5ff7a5c6789ee03a74454c9e59ed04b190af0ec7c3a0d2e8e74c5caf7fe6,2b4b53db1b393d87,113.491455078125,1573.735595703125,,1,1
21/img_005.jpg,21,img_005.jpg,.jpg,31814,True,640,480,RGB,JPEG,722764a72cd89cda8317994aa6168adde7820bce3a3315abd2cabaad1ce5c1a9,bfb4f7c1e2133a179b730cd183d9d8efb5a556cd93c596f4770cb5d112c7c3b2,a7872b2135797870,147.84912109375,1160.242919921875,,1,1
210/img_001.jpg,210,img_001.jpg,.jpg,36033,True,640,480,RGB,JPEG,972258925b37adc415e56a610c24751a2009266794817650b194aea88def7e84,bf71e1885a2f6f9ce25a2186779223394e0ac2836bc0e68d021b64ee55281268,ccce794f1b337971,137.92041015625,1178.330810546875,,1,1
210/img_002.jpg,210,img_002.jpg,.jpg,36877,True,640,480,RGB,JPEG,a59e18eceb260310cb70916bb3b9188e72839ed597ec880a95b8416a9b02c345,aea67902c8c11d1bc6b78d58c129bcd09a437725d947d2819e5af827596da267,26575bdb0f1b1b2b,137.206298828125,1298.3748779296875,,1,1
210/img_003.jpg,210,img_003.jpg,.jpg,57283,True,640,480,RGB,JPEG,968bda24e7ac71788caa557c6c5145c6f4d96306846dcaf41926e7eef081a92b,f123817727e658660b5cad72755efee9e150b27c66334ceae3d90c4580d05682,574745c74d5b8c0e,139.9091796875,1832.8770751953125,,1,1
210/img_004.jpg,210,img_004.jpg,.jpg,36803,True,640,480,RGB,JPEG,da483e538ca53c69425cabd578c7c2d0c8f263056ac7cc58ae39c80b403219a9,0957e7d04f13596a39ebb87880c9150a409b0232e0c3b40977fb7e025b1dc84c,25251949338ebcc6,114.863037109375,1391.7105712890625,,1,1
210/img_005.jpg,210,img_005.jpg,.jpg,32673,True,640,480,RGB,JPEG,ef9111f19ea78ce732aad0c3ad1e03b549b639c085a07d1803b379746979b42d,f23977abc6627cdb8b0d1ec5ebc6e60d674060289e70364b32bda65935327000,4c6f66666773f9f1,149.05126953125,1398.3836669921875,,1,1
211/img_001.jpg,211,img_001.jpg,.jpg,35880,True,640,480,RGB,JPEG,4b02837b9623d996d0dfc374fd54283f8b508fd38869000c6eee4e04208c3e33,836a9d0bad4592eaadc61729514ea5dc25d9583aad47b35c5e30431a70ba495b,cc4e734f13737971,136.380615234375,1237.1953125,,1,1
211/img_002.jpg,211,img_002.jpg,.jpg,58568,True,640,480,RGB,JPEG,8683ee24ff6cdf9adb878d73b8b1493d8e8e3e88595fa83962a8965eef1e5e9d,3ac09ab6159dc21c115912c0121bacf286bb9e1c3980de7992897c59fb3b9e10,574747c74d5b8c0e,138.413330078125,1770.2998046875,,1,1
211/img_003.jpg,211,img_003.jpg,.jpg,36878,True,640,480,RGB,JPEG,bb17ad1b01a28aa67cb221e71f7695fe34c81eb5eacddb1c9fc745813750d4b3,d9e87c475d9f5368082ec98f292668753205aa4b373d42f5a8c7499a1bb7fc71,2525114d2786bec6,112.84228515625,1302.210205078125,,1,1
211/img_004.jpg,211,img_004.jpg,.jpg,33583,True,640,480,RGB,JPEG,1c487e9640c7135ee1a28fb30c51a58c980f45a459ddb39f4da07a680b241ec7,5accedd8ec32356e7d45f01abcc828a3759c98888842d43a49741bdf01ceaa11,4c4f66666773f1f1,149.475830078125,1363.329833984375,,1,1
211/img_005.jpg,211,img_005.jpg,.jpg,25806,True,640,480,RGB,JPEG,d906ecbdd66afaf028c2d2fa0f6d396a90eca5c80ef04e06acaf766ea78ec119,d06d75ea85b01ecbcee7c914ae82fc6e07fb42e2931bfcd4371b8ed22b57a487,cd0f174371b1b126,136.375,647.9637451171875,,1,1
212/img_001.jpg,212,img_001.jpg,.jpg,38945,True,640,480,RGB,JPEG,7e9af0fd32dfd0b9e5c713f6062b8f85d9a6b1ca47766685630e86fa08384511,38e4d9938ec515679c81e2ebd4200300f8ed629545a3cc322ab0a152c8f3df41,0f1b777171634d6f,122.7060546875,1395.1417236328125,,1,1
212/img_002.jpg,212,img_002.jpg,.jpg,33660,True,640,480,RGB,JPEG,27d2a5a78fad24de03b167e9d20bd650af00a539c681d1ab792a7739324b1b1e,410c3b5a702328c9e8db0a844d6e051398be166d3be0d45ca41cf8839e0e08c8,4c0e66766773fbd9,146.259033203125,1335.2122802734375,,1,1
212/img_003.jpg,212,img_003.jpg,.jpg,31908,True,640,480,RGB,JPEG,841454b5ef538638c2dae484c8a416b7448f1dddf949d116cda8a8b48772c6fb,6a9c1acdb10de882a66d5668b1800c20ee3bbafc3db5137a41335178eafca6d8,0c072b2b4dc44d33,131.910400390625,1818.937744140625,,1,1
212/img_004.jpg,212,img_004.jpg,.jpg,55710,True,640,480,RGB,JPEG,5067292ba9f8d4b3910fddc1e6c8f5fdfc2a1220187d9af62588d60fce064bef,871dbd7ac124762e7bc12dfcea107a1259d94b9880ebafabb93c3304f5abe59a,88dc5850b0346d71,126.58349609375,959.654541015625,,1,1
212/img_005.jpg,212,img_005.jpg,.jpg,42666,True,640,480,RGB,JPEG,b511393f19991fda00bca915417ffbf2a955a77ecb2e0f8f99fe54cb42779957,151ed766933940724180a6d18c524d1f7db8f18e6afd224baf27d76dcd74f1f4,2b2b2765032b0f0f,131.72119140625,1464.044189453125,,1,1
213/img_001.jpg,213,img_001.jpg,.jpg,39059,True,640,480,RGB,JPEG,01e31a6ee8ba61ee093a5dd3b527f7bf0d73fb2befe1ef74c09f2592bf6163ca,e2099aefb4712610f5d055a33f28a1ae26e2a63666d2c350543f2b6527995269,0f1b7337f1694d6f,122.236572265625,1423.549560546875,,1,1
213/img_002.jpg,213,img_002.jpg,.jpg,39076,True,640,480,RGB,JPEG,de8ff00c638c5cf1d091e223f082f0ea957432b8085e1734f8df672ccf92750d,ce2f10cf9fe50e578d0a6bfe9a17897c30bd6ff310feb442d095b23ab4abafa8,1e1f636767e17858,129.89306640625,1286.839111328125,,1,1
213/img_003.jpg,213,img_003.jpg,.jpg,35116,True,640,480,RGB,JPEG,0bcd85e0da8ee2d700e4325f893cdea6a6f8cd5552847d86322bd2f6754d8fdd,61ba5ce7677ef211d9d4d95b590d663d5f1f34b50dcd6497ed12f85cde750b1a,8f132b3b5151713b,144.1357421875,1154.1158447265625,,1,1
213/img_004.jpg,213,img_004.jpg,.jpg,38312,True,640,480,RGB,JPEG,0de6fd0db6e0eacdbf5decb497dd3bde02f680a9d04ec455eabc59e58052566a,3dba39d05c501ea1d63d6567661da2c66ba681c420227e039b14e683ea7ed5f4,a687396c6565e8b8,134.553466796875,969.5355834960938,,1,1
213/img_005.jpg,213,img_005.jpg,.jpg,37234,True,640,480,RGB,JPEG,64b78ff9e29b4f15318067b6fb664fb897b7d2ec114ff772ba8d96fb7fdfa610,dba09092ff5636c9e57bc8fddff35b55a32146d64de6a7d824398e0b9873c528,8bb311194b4f9933,151.29296875,751.0076293945312,,1,1
214/img_001.jpg,214,img_001.jpg,.jpg,38936,True,640,480,RGB,JPEG,eac9fb45c8b334043a3ed493a0e4c252810d7ff44343260ef7cff9473af58844,bfeb986facb87b164609a438f8d28d6261cd8c583f41a5b0053d1e4ec236392d,0f2b337361694d6f,122.15771484375,1382.295654296875,,1,1
214/img_002.jpg,214,img_002.jpg,.jpg,60392,True,640,480,RGB,JPEG,a56057d230665de94ff84fa43d552b7e54f2e4147d1e6f7f9466ba10b0d58f13,0a3304854c4b25731f71d7a606f2a75b2e56fa5d0c90cd2b74af092c91e8caa7,574747474f5b8c0e,141.080322265625,1880.6982421875,,1,1
214/img_003.jpg,214,img_003.jpg,.jpg,31710,True,640,480,RGB,JPEG,f2269ace6dd0c50c19b0220ba2bab53276fa7d8722e5b1096187dc7374c426e0,aa467637f7066c4d589e0268fa6933a4346a5c25fa8ad5dac3066695a3b49d14,94b43434b1b33878,116.811279296875,797.663818359375,,1,1
214/img_004.jpg,214,img_004.jpg,.jpg,35894,True,640,480,RGB,JPEG,b392ce2313e38eb3340d880288a53c761dc1bef24a173ddb10170cf7aabdf6c9,bfe1d691dd552536f789dc102651facc6b94668434502cf0f335ddea3442102d,cf3125657662f098,112.241455078125,886.077880859375,,1,1
214/img_005.jpg,214,img_005.jpg,.jpg,69952,True,640,480,RGB,JPEG,9af79328203dbf9dea3011385c6fd18cadf91a7f1665f20aea456cb9219b5789,6da51d2b3b6598bdf4f077ec6e61b331cd37734d82755a0fad3ec85852b19460,2d3d3632625d3e1a,135.462158203125,1319.7451171875,,1,1
215/img_001.jpg,215,img_001.jpg,.jpg,38750,True,640,480,RGB,JPEG,870910b8f1ba21da1472e5608315f36138afe9fc233abc344048230b155ac569,7b78f01011310302a8339b7cf638d8d3b9992bdfca2452247d50ef615dfd3081,0f2b3373e3694c6f,120.900634765625,1458.261962890625,,1,1
215/img_002.jpg,215,img_002.jpg,.jpg,39939,True,640,480,RGB,JPEG,6096455b5efd6b6e15baa2948440e9f4de7fc59c47f9ddfd1ac7b0587525650d,94e284cc6d7d589eed88c39af2e0eb11e28d8b4fb16dfc3f148933e7308154f8,1e0f676767e17858,129.48828125,1343.73876953125,,1,1
215/img_003.jpg,215,img_003.jpg,.jpg,41141,True,640,480,RGB,JPEG,c5f48c184ed73598b84630d108121c441338b640978dd4d385a6e133fd856266,c34f228fa4f65873b2a577c26cf91c939d86e9e18fab46b1810e4e347cb5539e,335b591917230f4f,115.291748046875,1417.7164306640625,,1,1
215/img_004.jpg,215,img_004.jpg,.jpg,39133,True,640,480,RGB,JPEG,86a9fd6295097ad34e6ad3f479d394851016833498496c7b5540176981de491a,a0ef54e862eaed5579af5ca44b5ca96d4684556b97f59c4b6b8ca2f4ec1b9c37,c6f6b6377371f8e8,113.40576171875,1033.156005859375,,1,1
215/img_005.jpg,215,img_005.jpg,.jpg,32146,True,640,480,RGB,JPEG,ea4a22816db3e2b0db74fa215e67fa6fbd2b012a550a83e12377b711f3579be5,0ebcb2f6ab3d40149b7c8bafc1b9d2f801abe92b6e7816fca0b4b77add24395f,c313370703333414,88.2607421875,1192.8822021484375,,1,1
216/img_001.jpg,216,img_001.jpg,.jpg,38987,True,640,480,RGB,JPEG,fc9349a048ae59d63b04e4a04dc9f9241fbf704d1f626c369ffaec5c6ff53149,5659a25480de78c7bfb31c1a2a44b25325660db54515169c1aa191eea512fcd8,0f2b3373e1694d6f,121.209716796875,1454.3367919921875,,1,1
216/img_002.jpg,216,img_002.jpg,.jpg,36968,True,640,480,RGB,JPEG,da42a9f89b777df17a96a2fd9f9962fc748cab10af51b2e1e9c80d67155b5ada,ae069ed987f0a92c74ccb3da18ca613e3e00fb38dd6e392f9c2b9cd84101d0f4,15252946063d9ec7,113.089111328125,1386.5771484375,,1,1
216/img_003.jpg,216,img_003.jpg,.jpg,41646,True,640,480,RGB,JPEG,8272a8b6e0f78568c91e01b90751f49f0d491585bfaeb8c34f4f25abcb7e3b7b,cfda5cef64d11b894dedc0f95712e5a61764b9154dd9f3eff1df745227d3a3dc,33316d74f060e227,130.499267578125,865.731201171875,,1,1
216/img_004.jpg,216,img_004.jpg,.jpg,59933,True,640,480,RGB,JPEG,618d6435efe2d36c4540d69aa9f7769abb88f571ee249545a9e67485cbbe20d8,e1f3345ba97587d3cd7188764e6d46cdc8f48f89a47f381c83c41198c84b7365,831627176f6d7e26,143.7275390625,1408.6376953125,,1,1
216/img_005.jpg,216,img_005.jpg,.jpg,69690,True,640,480,RGB,JPEG,d1287d63e08612b1e99a6b77548c7cc8afbc516206c8231260aeefd775098af3,1128663f1c5433164010e954041dc122074faa3515af45dc7a6f00d4e898e5ee,2d357672665d3e3e,134.342041015625,1327.1219482421875,,1,1
217/img_001.jpg,217,img_001.jpg,.jpg,38692,True,640,480,RGB,JPEG,04f9e81d708a45295a5da5467d40db4a27c05fd8f874b582acfe3c7828c6fec5,172f33b27954b27ad154daac767ca50764b7ee568ab9ed0f88f4c063fd20b300,0f2b3373e3694d6b,120.128662109375,1458.642578125,,1,1
217/img_002.jpg,217,img_002.jpg,.jpg,59906,True,640,480,RGB,JPEG,e93dc9db3d6b17c79ed13437587ec0d7257ea69142e7ac24786f42890cd91024,aef66b63147920965e710ae820ce2186f9d1e0153e4ce840c4047ad7f182b06c,5747474f4f5b8c0e,143.2900390625,1931.5924072265625,,1,1
217/img_003.jpg,217,img_003.jpg,.jpg,31450,True,640,480,RGB,JPEG,868d87dbb92fc4c19bd58d9da732b032454e1f5c47e62262e971a36447012bc9,9c4e50f475c0d930a11a31fd7398c2047b5d65b4f1cf8d7cf85837bf7a1cc060,8c073b2d6dcc452b,125.615478515625,1949.295166015625,,1,1
217/img_004.jpg,217,img_004.jpg,.jpg,55556,True,640,480,RGB,JPEG,fcc13e2d7fe22612b3d7ea5f89ad5d1e2ce5f73c0a9e4cb69375e2a1fe029be1,b1741a293642c84db4f5a524f3781e471b9e88506608d705e78c34c7f98d1df2,0f1363697078c1f0,126.6875,1241.3253173828125,,1,1
217/img_005.jpg,217,img_005.jpg,.jpg,30901,True,640,480,RGB,JPEG,5988b28166b3f0bb636dfe789fce00633ef787854f8ef2b8a43c1f24ecd63e53,9ee406ed9f8b7aef870c92ae295d829821d9bb028cd6add5a84c9a6df9504e1f,c68f91b93431ad38,142.095703125,1067.3035888671875,,1,1
218/img_001.jpg,218,img_001.jpg,.jpg,38847,True,640,480,RGB,JPEG,ea70ca581942cd5b325f1a62b07abfe7b4d5bed68aae77cfe8d6ac7873971179,c2620a73aa41c327432d70b28d34eec438d4858c6cd7cbb86a9d36ec6254a50c,0f2b3373e1694d6f,120.59912109375,1469.06494140625,,1,1
218/img_002.jpg,218,img_002.jpg,.jpg,37678,True,640,480,RGB,JPEG,0519667e1eddbc31db4af75ff14c746a5dbba2078732d93ec8e6a776a40ea718,7a93dc849a422314d37c303175670f61005363edf4c2098a9c138ff9ae36c590,15252c460e3c9cc7,115.353515625,1540.4483642578125,,1,1
218/img_003.jpg,218,img_003.jpg,.jpg,39854,True,640,480,RGB,JPEG,cc5e7eb4e57b8b4df2eaa7c93cf9230f42dd64728e6925e8b3279593bcc9fa25,e7eac375ad57531eaed8c901ba17d8a92532afcf5edcd0c55948d0f8ea582219,1e0f276767e17858,130.481201171875,1419.7232666015625,,1,1
218/img_004.jpg,218,img_004.jpg,.jpg,37271,True,640,480,RGB,JPEG,e99c1eb02540de8abb342a18d90c5b3bd5a5febb6653fefec74ebac839613277,0b4f55db37fcbafacb21e35d6448c76e146c118c71a1c7bdd0fd5de308962338,cf35272736f2f0c8,114.4892578125,1001.6270751953125,,1,1
218/img_005.jpg,218,img_005.jpg,.jpg,43809,True,640,480,RGB,JPEG,e6d1c1ef49858deee70a9ba2b9f390fdec22af0e89f14e4a01690deb61e52a41,6ebf803fdd4a238cef2a80df339c2b2ebe3e919e3bcf0e4dc83c9321e6595dfd,0b7373727b731b8d,119.865478515625,999.8936767578125,,1,1
219/img_001.jpg,219,img_001.jpg,.jpg,38863,True,640,480,RGB,JPEG,8055e85848eed3efdc15c6c6bc380a2624a7d56fd2466d974ebfe3f42dba7d4a,f5800faf71156a8ba1254caddf329184a774f40027d40432abc658de20fa394e,0f2b7373e3694d6f,119.20556640625,1480.72705078125,,1,1
219/img_002.jpg,219,img_002.jpg,.jpg,40002,True,640,480,RGB,JPEG,5e9925f45ec2b5821c23899fbfa00217ecaed86b91b33ede6c4193097e6e9d11,fe61b508af4b6d110a4626d8afc097fa5d6e1bcaa1895348f658fd91b4ad7bf5,1e0b276767e17858,129.6025390625,1402.7081298828125,,1,1
219/img_003.jpg,219,img_003.jpg,.jpg,58154,True,640,480,RGB,JPEG,cb5234e6b2c5149b4a45c68ede37aa5a901f93461f14888c3371cbfa76fa1117,87c2d36c7736577fb11f124be03e1c3640902dbf066163f9de844587205da309,16332f2f5b558d33,137.023681640625,3092.816650390625,,1,1
219/img_004.jpg,219,img_004.jpg,.jpg,39023,True,640,480,RGB,JPEG,28bb8f0b42eebf3da066351ddf446e755689f507b566ca5bb695ecd7d271d465,9145f372ff27b5150399bc0ec6911679a9d103416d564ff2f8e8d297a9933681,0f3333333333704c,136.8056640625,981.4111328125,,1,1
219/img_005.jpg,219,img_005.jpg,.jpg,53831,True,640,480,RGB,JPEG,f2cfe5c8f3a1d724985c2cf9041a545e4786df958ab511a9d18cd0192ba9a2f1,51503f2726526f566b99f68497b6b6af8a810b503070d5872025c683717e5696,0d1363697068e1f0,127.821533203125,1232.7161865234375,,1,1
22/img_001.jpg,22,img_001.jpg,.jpg,38749,True,640,480,RGB,JPEG,359ab932d93adb05b16e4e245e04e7de7e9a1b3de9034656c2d24209994dc171,07b0b0c355bde15f26c577068ecb3e0dbf138721abdf9539849969f9ca86e00b,4b5b3b31f16d6f33,125.863525390625,1377.6915283203125,,1,1
22/img_002.jpg,22,img_002.jpg,.jpg,59531,True,640,480,RGB,JPEG,fa2283f114857b631f55011dcf7fe8988a74a2cbe19cc17fd325ae2e01b86d30,75d50c1207ead17150e4043a2791addf44b053f2ffd7d6b0669d9af1a723361e,66c65f27e7c3372f,121.31494140625,3092.144287109375,,1,1
22/img_003.jpg,22,img_003.jpg,.jpg,38745,True,640,480,RGB,JPEG,81a7d573a1ed3a801af94d8b04460e6f044d036fafc6ae8c460f1fc0cec2b04c,56910883f12f781b0553ef62e48e749ddfd67932be136a2b0480e3c777cdcdfa,4b5b3b31f16d6f33,125.831787109375,1376.32421875,,1,1
22/img_004.jpg,22,img_004.jpg,.jpg,27695,True,640,480,RGB,JPEG,371f514352b5058fca268e8895fc535f8370f3f6cda2617e6c64b8591a735063,4ae20287ade78b5fb46d297449c2a30d7c2b62f769a6b644361f9a29ce7610b6,cccc1e36323b65f1,136.23974609375,677.681640625,,1,1
22/img_005.jpg,22,img_005.jpg,.jpg,33564,True,640,480,RGB,JPEG,d5f4c86b9d9d4209de2a228cb8d7765c3e0dd75b0de21d28d98ef913a37b7dfc,838eba7e8adda55b1e8e36e93f9861506927296647f99d75c17f53805785483c,8e0f2b1b32687874,150.200927734375,1151.7374267578125,,1,1
220/img_001.jpg,220,img_001.jpg,.jpg,38770,True,640,480,RGB,JPEG,951cd2a62d86f69cab0d8ad8d70f19c4e3bcc187c0e8364ee3c53456eb4b9b76,be933d8d00db5e9ca5596c2be88c6fae2f225c07256c63df97380e8e30f02b07,0f2b7b71f1694d6f,124.4306640625,1376.1695556640625,,1,1
220/img_002.jpg,220,img_002.jpg,.jpg,39632,True,640,480,RGB,JPEG,b00e8c12b062bd17ece9dc7a204396ecac51f66aeeee40e35a70939ccc18a0b5,c7a11a5699d65219c4a7441f95cd81c19de30fc70a18686625d920baddf344af,1e1b336767e17858,133.33544921875,1282.593994140625,,1,1
220/img_003.jpg,220,img_003.jpg,.jpg,42424,True,640,480,RGB,JPEG,bc8b2faee1e763b954d7de7ed257710f7aea117d1a64c84422b765e0b7371eea,c2eb45f3ff29dee3a2761396896fa86ce3ebe5fe528d4286f564aaff4ef964d6,9999b933336361e1,117.308837890625,807.9017333984375,,1,1
220/img_004.jpg,220,img_004.jpg,.jpg,35578,True,640,480,RGB,JPEG,74d6ff1cb927e3cd09a62067404d2e7309239a76ca6a670344e694a3b89fd7a4,be7c5a5e42943adf54b43696cf72a1058cec07ef58f554302429e42005d24d8f,0f13254944ce9696,141.557373046875,1386.1092529296875,,1,1
220/img_005.jpg,220,img_005.jpg,.jpg,38521,True,640,480,RGB,JPEG,1d1fafbd3381fd9c50fbb81a686a70b43b4219ed6832088eb629b37ca16ae7f1,a734f2605ab81eca1d44a12e10352221724221d2c972bc008058f121d5ff665b,0e1733297169f1f0,147.615966796875,1381.774169921875,,1,1
221/img_001.jpg,221,img_001.jpg,.jpg,38698,True,640,480,RGB,JPEG,f8150270738bd3b5aae5f1e3e5b1d547e474ed4f48d1906d36711ce52548d8d7,63923cdbe36ffbff81d522854609e64df0a45cd3364dff371d382b66a4c4189c,0f2b3b71e16b4d6f,123.252685546875,1352.76416015625,,1,1
221/img_002.jpg,221,img_002.jpg,.jpg,33882,True,640,480,RGB,JPEG,66ee8f9f1fb6bf48223ce4da830e3dc549726f62cd79c359141899f41986f512,537d2777b5b5c4152c730efd61ead56036ec5242415c5c9e475351dbf31fcba3,0c0f66666773f9d1,146.471435546875,1354.8271484375,,1,1
221/img_003.jpg,221,img_003.jpg,.jpg,59194,True,640,480,RGB,JPEG,48473c0007be52f4c418428b05b19f504352114d7f9a8198a09e9cca8051ff2f,b582f367b616c0b481da16df6237ec0dee2de2f0a65d3b1e2205974df2ef9629,16332b2f53458c23,134.165771484375,3208.071044921875,,1,1
221/img_004.jpg,221,img_004.jpg,.jpg,41630,True,640,480,RGB,JPEG,d104862c710e61e98df3fff1d47109ce7b0a9b1a0503f61ccc1cbc6262da4121,e859e4d2e6d09b483f7fdfc7a10629177343f4dd8b6072b78e70a45476663dc6,8e0f337133627979,121.106201171875,1337.1871337890625,,1,1
221/img_005.jpg,221,img_005.jpg,.jpg,31355,True,640,480,RGB,JPEG,38be17f239564b00c1e907592c4b513a48c9333e1d00144c564defb324e352c9,617c314908e08143fb7380babaa845a1e6296bed16e3db1146eb0f3f94e2b4d5,cc8e2b39737b7168,136.861572265625,762.7423095703125,,1,1
222/img_001.jpg,222,img_001.jpg,.jpg,35369,True,640,480,RGB,JPEG,5ac6a6a7dd9198db09e7e12e0344ce78cb4a3806fe7bf64c5a4bb1b03c56dd96,9a85fc599475c4b24658201a537cb4af3e3342a4fae74bacd71a8039abfadbb2,0e2f970753f3e160,134.626708984375,1201.6142578125,,1,1
222/img_002.jpg,222,img_002.jpg,.jpg,33887,True,640,480,RGB,JPEG,e6def154648a633e868412fb367d2867a0be54dc3b916716f2365a45cb883e83,ec094173b1a5bbe0f446a76902421bf6ae46e22736e4e65adbc7cd0a721d2521,0c0f66666773f9d1,145.86572265625,1388.5732421875,,1,1
222/img_003.jpg,222,img_003.jpg,.jpg,39645,True,640,480,RGB,JPEG,ec47c9f5c00b32bf75ba722208287ffaf3f0be12364bd5e3addad6e9ec598fc2,d4a6e25fa7cee79dfc2959ba562571fdecb626418768223ef47297ddd97ee51a,1e0b336767e17858,132.661376953125,1289.947021484375,,1,1
222/img_004.jpg,222,img_004.jpg,.jpg,33794,True,640,480,RGB,JPEG,a5471919e8adf476ffa1cbc2eedc8abaaf60e5d21b345b9d397b43820d16374e,5b344b00c6c7e1d1e7038c5c3a540b05d11f50e0faeffb38a251ca53c6bae7b1,8e1b3b3333697970,143.904052734375,1006.0286865234375,,1,1
222/img_005.jpg,222,img_005.jpg,.jpg,35291,True,640,480,RGB,JPEG,9ba1b6143a2bc8a714f78ba747c572e71e03e3972767c4e8e6fdfe1f7839aa3c,15a28ff686f4e18d4165c6855c5f2a2c721b50c71e751a51642666d3d26a5240,96374b998d6f6bd3,104.63134765625,1284.8970947265625,,1,1
223/img_001.jpg,223,img_001.jpg,.jpg,38414,True,640,480,RGB,JPEG,1cea43b3bfd828beb56492fd0c1a02be61e1d53f6cdbf9d31edc1ccf896fce63,35bddeb33361297912b85f5e4c185537e95c89c729f2f679c1682d9f9e011360,0f2b7373e1694c6e,119.828125,1314.954345703125,,1,1
223/img_002.jpg,223,img_002.jpg,.jpg,35600,True,640,480,RGB,JPEG,f871217fc2df25fb43145cefc5d5988c8921bf06e4b7e85fcf2deeac09c0451c,dc6e5f55db7dc97d40670123418e3e770776587b7dbf1c5056a068a92c615185,15252d45053f9ec7,111.161376953125,1347.177734375,,1,1
223/img_003.jpg,223,img_003.jpg,.jpg,59685,True,640,480,RGB,JPEG,b4a477c96d2213433e4e2537b6339b73effd822b2c307958f1bebdb893185ebd,e548b4cc540b4312765a5b9ca92f02cf9bd3cd0ed8f583bc40b22805c5f214be,16332b0f534d9423,134.239013671875,3249.2294921875,,1,1
223/img_004.jpg,223,img_004.jpg,.jpg,33519,True,640,480,RGB,JPEG,df8f5c0c52f15ef58c943660b2de9e683df70bdf835c9a87d937073c776c5e39,db31f1c25e2847ca09e0e111787d6a2a6933bc76a0100597214fb957325cfe01,4e0f33878626a232,143.951171875,732.661376953125,,1,1
223/img_005.jpg,223,img_005.jpg,.jpg,35967,True,640,480,RGB,JPEG,0aa0650dcda29fbae3c89b401db5abe33217d12e861be3f3191d0c986077f99e,c9985ea4ab1e6598cb00ec74a18841b07be889070385063c5fefaf02c8370050,8e2a223b216179d1,122.701904296875,633.9814453125,,1,1
224/img_001.jpg,224,img_001.jpg,.jpg,39112,True,640,480,RGB,JPEG,6524eeba50e45338d827eb4f8a30367a4dee32956a6787125d79d8d8b9b267ee,e11a2717172ef92406084a1ada91d3b436175516e4ed6f3e473a057c69c65604,0f2f2737f1694d67,129.3916015625,1445.7138671875,,1,1
224/img_002.jpg,224,img_002.jpg,.jpg,59439,True,640,480,RGB,JPEG,7f9df1f931cf09a946dd51cc48abe25e9fdd025d2c71cf949b5781506491beee,225bd2214041e6a85143f63df240d4142b7c530c0204c8afe75a77f2d31e4ea0,574747474f5b9c0e,140.460693359375,1783.1495361328125,,1,1
224/img_003.jpg,224,img_003.jpg,.jpg,33738,True,640,480,RGB,JPEG,dc8f6dc3fd57574fb62767fd7e4fb680c3c546d6b4f47b22fa851d71b64691d8,c4a5ec73e2e0f50413adab096d1f669a3be30e048c4015e34c79005db19d1321,4c0e66767773fbd9,147.454833984375,1351.7587890625,,1,1
224/img_004.jpg,224,img_004.jpg,.jpg,43816,True,640,480,RGB,JPEG,90b068f08f42bf4d2d9ebd4c974061357bee90a42ae879e621f83ae2108584b0,386e38a55d65af085a317fe2a7e3583125c8d68fe19687a5a2593850e6cc0598,1b73337279713b8d,118.3818359375,993.985595703125,,1,1
224/img_005.jpg,224,img_005.jpg,.jpg,61761,True,640,480,RGB,JPEG,0156da19721dbf778f5ddf64fc83b5ebf056376af3a04c4ab0142a564d755d3c,4e97e2d1e7d20f9d32bbce0bd758d0e78142a711443b7e19937d9fd950de7490,8717164f434d6e26,148.260498046875,1496.32568359375,,1,1
225/img_001.jpg,225,img_001.jpg,.jpg,39306,True,640,480,RGB,JPEG,ae62f98f52f701904f79f1712191533f09b49e907361941bcaa176b24306a661,6f6117b9cef450ab77d3262dd33a6c2cea80f5cbf1c348c13e76cab4b62e8eca,0f272767f1694d67,128.75537109375,1499.4002685546875,,1,1
225/img_002.jpg,225,img_002.jpg,.jpg,41200,True,640,480,RGB,JPEG,3271271b4dad36be1d32695057760fe802c013b6ea1fd4a4e18549ee3800b8f3,1373fab7b91e36ea029c3b1bacb24a9970081e59d0d49e4d464787e7ad01e558,1b3b2337637371e1,113.04248046875,827.035400390625,,1,1
225/img_003.jpg,225,img_003.jpg,.jpg,39263,True,640,480,RGB,JPEG,35ff0ab6ca9bcc921b5297224575b7903ba9b06969d12e8f50e5f3d0ca891eb8,d75dd0180cda2d9c3ad1ba2d83231d18ba4dfab4c6c820fa3280741b8e2d9ced,0f272767f1694d67,128.9130859375,1500.462646484375,,1,1
225/img_004.jpg,225,img_004.jpg,.jpg,26731,True,640,480,RGB,JPEG,76397d6db643a94637c45eab697d41f75707760b1d910dca21b464544c0bf6c7,515381a0fafa101b5cff120145e6baebf8525babf9b6fbcb17c7a28f29b956f6,e7c7203b31317199,137.52978515625,564.5612182617188,,1,1
225/img_005.jpg,225,img_005.jpg,.jpg,42444,True,640,480,RGB,JPEG,aa88721e1f6760768eed77e852bf4b9494b65458e3b5c8b8c703c4ab248a89e2,5fd1da72c38918c69879ae22d78b1251a0cd1c0193b71190d2029dbbce3c90ed,8c0f7361646b3371,143.794677734375,932.9402465820312,,1,1
226/img_001.jpg,226,img_001.jpg,.jpg,39446,True,640,480,RGB,JPEG,fe6822022b1d747340bf6b71df40382bf355e05155b0d71d82630e7ee4e4f95c,9bc2bda096da8624d0ecc5bb97cfba0c64bfd76ff1f240e366aa0fe8687ded1b,0f272773f1694d67,129.17578125,1531.2236328125,,1,1
226/img_002.jpg,226,img_002.jpg,.jpg,58190,True,640,480,RGB,JPEG,52bc1b58624248d575a1f63aea36ad188f3dd692a9038543d8a641c852a1bbb6,4f5d1484c475cde3572bbfd4e7dac3626cdb90604247d974ff3a67caaf08267c,574745454d5b9c0c,143.249755859375,1887.095458984375,,1,1
226/img_003.jpg,226,img_003.jpg,.jpg,45294,True,640,480,RGB,JPEG,4e8d03149623f5d5af249b91a8ead8054a06bb82f5622a4f28567c3a5547ec35,d03d309e583b05f7c4d78338f5aae4fbb59af09412da5963561d83cf0f4cb1b7,703030723031e1d8,100.372314453125,1030.9964599609375,,1,1
226/img_004.jpg,226,img_004.jpg,.jpg,30003,True,640,480,RGB,JPEG,98b909e9be3f26b6fc770669383a693197a2aea94d678da3dda58211278a6cd0,c7a738a0b4e8deb307f3f6249ce2e4e44aecba8581c2aaa2e80e5bd6333aebda,8e072965797270b9,142.268798828125,916.86181640625,,1,1
226/img_005.jpg,226,img_005.jpg,.jpg,35087,True,640,480,RGB,JPEG,0dabba64d334cc24513e5a1a3f97da161c0b2471c26f9cab88e2f0946a7826d0,1abebd290a7289e962c3be1e8d9fe4d74790dad1152efba3556d060ef7dd9a24,278b999535135b84,137.00244140625,1192.134033203125,,1,1
227/img_001.jpg,227,img_001.jpg,.jpg,39446,True,640,480,RGB,JPEG,74e209258af25515d287d56a850d38947db81d90ffe2e8767a722f391d53b209,b6110704d0a70447f4037ff52355ec03d000ccebee4231e5b7525cbef97773c2,0f232767e1694d67,128.304443359375,1576.059326171875,,1,1
227/img_002.jpg,227,img_002.jpg,.jpg,40930,True,640,480,RGB,JPEG,e03952a7cf2341fe6c179d2664ed6aef73d21555fda2034e939fa3e940826eda,f50e9f08c043c52ba8448498d5fc23b9e13c67d65e4e4b171a2c749a34091da9,19313333637371c1,112.88671875,849.92041015625,,1,1
227/img_003.jpg,227,img_003.jpg,.jpg,33972,True,640,480,RGB,JPEG,fc75149f1d7599c786535611493e55f82417461922f88f832d98c9ba88740011,518c6c87f03c9f3481cf66739eaea04fc18d6f757c71abbdcc717a3605a1e90a,557171f9bbb3f0f8,116.228759765625,821.26123046875,,1,1
227/img_004.jpg,227,img_004.jpg,.jpg,33354,True,640,480,RGB,JPEG,ae7dc65d45bb58c82e1279a0978603a1dfe0c57a015d4efd4ba09ff2fde45408,24b300ee79cc78dd239169040648f630df2d47eb80ab90aa8ebc43a1716ade39,8f1b2b3b3f2b1b7d,148.543212890625,1124.6728515625,,1,1
227/img_005.jpg,227,img_005.jpg,.jpg,54438,True,640,480,RGB,JPEG,5362f9a900f571c747c48a435529362d69fd84a71bdb121f2177b4515618d56a,c555341e6be21c0bbd46da4134af3aab6d37966b660dfaa35841ebd9f6b27a26,86376d6d516948d1,134.083251953125,1033.746337890625,,1,1
228/img_001.jpg,228,img_001.jpg,.jpg,39589,True,640,480,RGB,JPEG,3b1415f2ca63a78fce8f04817847fd5258d82f6ffb7e5f7f3a065aea5265b691,ef6c72a47cff716afe5f762a05f71649d2d6b4d14d9cefd05556b245ec2d8a0a,0f232777f1694d67,128.71435546875,1543.390380859375,,1,1
228/img_002.jpg,228,img_002.jpg,.jpg,59589,True,640,480,RGB,JPEG,891803ff8be79b970aec5acc5fc3073cae00544fc8964fafefd80efb7c4dad3a,1108d9e58a53913e4da15ca69d892721c65ee9b2ca7359d96c3eb2980efc1b5b,574747454d5b9c0e,143.2958984375,1860.761474609375,,1,1
228/img_003.jpg,228,img_003.jpg,.jpg,36114,True,640,480,RGB,JPEG,da917f3858ad0219622fd7b0ead1e3be4cca428bd835707e167dd9a7bf2792c5,7b7f17237226ae1f3130a34733018537afcafc309d316bbf5c8b2b80191f2dd9,871170706530b030,107.02587890625,1465.7864990234375,,1,1
228/img_004.jpg,228,img_004.jpg,.jpg,40770,True,640,480,RGB,JPEG,4ca25cf8dd9eb11726aeae43652153edc6af4279c870221534d122b5e37df901,e12a5f0ae2a7ee45de647f3b122cf3d8a1a96864013f0a514eb6433197894960,873535333a31145c,137.40869140625,1446.942626953125,,1,1
228/img_005.jpg,228,img_005.jpg,.jpg,32588,True,640,480,RGB,JPEG,1c96f46b9949aa4f1c1ea89e632b131b243ab7736fe57e900c28e45617e4244e,b4301837d3855be5e5126cb418e817ce9b8cb0f5f480989bebf8e5771b8e7d67,d8a426242565d1f3,108.649169921875,1016.7769775390625,,1,1
229/img_001.jpg,229,img_001.jpg,.jpg,39304,True,640,480,RGB,JPEG,032ae06fc353be7775c5106106363d14dceb434d7f70b5e3c96047b7601ba0e7,65970812d1903cfda9e1a789a5cf8400f81757dd80c0299d3319f6560d06b586,0f2b2767e1694d67,127.32958984375,1567.7412109375,,1,1
229/img_002.jpg,229,img_002.jpg,.jpg,37540,True,640,480,RGB,JPEG,c17e4d9fa23f0b66ad14d13f3e28d1a220817f07300fc3c859e9cdae25b9e5e3,74d797ca5e5c5628ea6c36877f5a2585e350959e603f280eced53514e7b3a69b,9505054c1d3d9cc7,115.2060546875,1462.2867431640625,,1,1
229/img_003.jpg,229,img_003.jpg,.jpg,39383,True,640,480,RGB,JPEG,cd83b7d9de365bbede51db8e6b44f227ac474b6738ba969b75ace305e828dee6,302c0eb63e96fc28d1aa660ae94829c19d12e70dd1cab12a6485726cb748100e,0f2b2767e1694d67,127.447509765625,1571.1927490234375,,1,1
229/img_004.jpg,229,img_004.jpg,.jpg,32374,True,640,480,RGB,JPEG,30e22122426bc1ad0bb5c6fdafd74c30b5210448219f20fd9be11b7c82811b64,69b68cb2208b8fddfb5858b22b4b4ac22e979c5c9a272ceea17157c4fb8b193a,4c0f2b6d6cc69e1e,147.33447265625,1237.822021484375,,1,1
229/img_005.jpg,229,img_005.jpg,.jpg,41797,True,640,480,RGB,JPEG,826d11ec849188169676d7ced2ef8c496b3ca17c2a30902ceebf6297db99e7d0,ebfb96e6561bb566cb9957ae6e97e0e840bbdb922a0c8a134a4512f5a20be6cd,8e0f337331627949,120.297607421875,1337.7994384765625,,1,1
23/img_001.jpg,23,img_001.jpg,.jpg,33917,True,640,480,RGB,JPEG,367fa1f9e6b8977aa92c19c1b5437bb39d85fe0a5d57919c32f3574b3a2d9eca,90cdafc9fc3ca9d8e84b6bb81caed215a326aed1a6082f8aa2a7b8282d1ab7e4,f3831e33270d363c,136.49853515625,1004.458251953125,,1,1
23/img_002.jpg,23,img_002.jpg,.jpg,34487,True,640,480,RGB,JPEG,04fb2d3ac15f9dd5e8912ab8d62dd714da5d615a36eecd92ad094e71415e3a94,55231e118db9ad598d4ba0e6607b30323d13ea5a57fa16340522104ebf70c73b,262617331b2f339b,141.79150390625,1230.720703125,,1,1
23/img_003.jpg,23,img_003.jpg,.jpg,60382,True,640,480,RGB,JPEG,a790d0fddee7ea3d4a64da41e667241d0e580d9573593327b8b148dc3081be53,2925acf35179ff4ada7a441fa148c78c0f89962bfd732c3c59e481548ea3ddf0,5747c7c6cfc99c8e,139.376708984375,1781.1861572265625,,1,1
23/img_004.jpg,23,img_004.jpg,.jpg,36911,True,640,480,RGB,JPEG,38ff27c306f5c7e49fad7b1f5e90c31b256e02eae3786e0a6654a452fb83d69c,bca631cbcdcda4b07fc5a1e5facfeba667a9451d5b4862fa7bdff700c0259d25,1b0b4b4b1b393d83,116.580810546875,1653.845947265625,,1,1
23/img_005.jpg,23,img_005.jpg,.jpg,32901,True,640,480,RGB,JPEG,af6433035cfb84265d437da962cdb480b0517839833a905135a0dda788b07e54,a0eef2179cdb67f8e426bc1a36f0c7cf3fd485819405a8871de25e7a3a700418,270731353d587870,148.89404296875,1237.15087890625,,1,1
230/img_001.jpg,230,img_001.jpg,.jpg,39734,True,640,480,RGB,JPEG,c7cafab862612c645a535abe6d3f2fa68cfd170f4bfe7aa11d3b3a2e5b527fd1,fca34683716e34543c8873aa950412bb94ed3bc6708670d77c39910884d62b58,0f272777f1694d67,128.08544921875,1580.5350341796875,,1,1
230/img_002.jpg,230,img_002.jpg,.jpg,57794,True,640,480,RGB,JPEG,5f742973b7c4b341f4e6c7394db2d46347814000033a6b5acae1df8a949e3264,290e983d8828339177d7d7dd1017408a254d5d812a5137fbe62febe70a7e452c,16332f6f53658c23,135.301513671875,3026.66796875,,1,1
230/img_003.jpg,230,img_003.jpg,.jpg,54499,True,640,480,RGB,JPEG,7f99ba8cbd36883433f3acc71c9d6a984ce74ad65e9b84c1e2504471f9ceef6f,a964dc16174bf1a257b3b6e2bbd4c6c2b89e6583a66f5583949e6229404c2f2a,0d2b63636278c9f0,124.76416015625,1233.8824462890625,,1,1
230/img_004.jpg,230,img_004.jpg,.jpg,42922,True,640,480,RGB,JPEG,8d3028b706ce8c843345cb8c9d996fd3b67c3243e13529739d98220dbb1746ce,7ba02faaaee1af453552bef4d0ad5d801dc87b81579abfb95ea97f5773b79d14,48587060b272e8f8,99.132568359375,784.8328857421875,,1,1
230/img_005.jpg,230,img_005.jpg,.jpg,37059,True,640,480,RGB,JPEG,b1461a3b21553a463baa5dc097fdbb24772b3eee9a31229089ce3f5f085922a6,db0f35388f4204c31cc0f5ad9f113012f490c9104493b027998ba02458cb7c91,873535333a31145c,137.967529296875,1407.62744140625,,1,1
231/img_001.jpg,231,img_001.jpg,.jpg,39473,True,640,480,RGB,JPEG,0c3050cad24ba6c935ce1d95c97c6216d9ff81eaaad6a7e12ed2ca1dcbc8b7f0,bd23184363e006614625a9190d928d7b0dd8906b12c6a45d842b6cb4addf8da0,0f232767e3694d67,126.460205078125,1598.827880859375,,1,1
231/img_002.jpg,231,img_002.jpg,.jpg,57543,True,640,480,RGB,JPEG,ba7818798b0ab3dd832acd32ae85bd37b86cab05b36d9465635b367670a2dc75,110a8b2fb2d07d75ce96c0c5eb06dfafcc4deb7a6ebf358e033d910bca7d7802,16332f6f5b758c23,136.197998046875,3049.4140625,,1,1
231/img_003.jpg,231,img_003.jpg,.jpg,33340,True,640,480,RGB,JPEG,0123f72d100afad9b0112d1f521f1784116168df763667e278782b0d0f5c3179,d99fbe3177ec7ed43a0db472b7f06ea9188d6bab8bcea80deca49d3caf593bcd,4e0f2367b676a222,143.71826171875,746.08837890625,,1,1
231/img_004.jpg,231,img_004.jpg,.jpg,30799,True,640,480,RGB,JPEG,9a239176ae1e54a4d79cf2924980a8437fe44a44f9ec8e342f4b30aa00adb50c,75339a5155b92bac5d2cb048ab632828690ef673feda94d45f34164c0e1ba3ad,980b5b4b91334b99,149.838134765625,788.87060546875,,1,1
231/img_005.jpg,231,img_005.jpg,.jpg,40676,True,640,480,RGB,JPEG,7cf066de5bd20eb6470c91bbb8c28cd2223adb1d16893a1326c0b70bfa12f16f,0611db5dee4acf2135ec569dd78c4de5be785b3baf598f10e464f9ed7a314a25,2d253167559b596d,126.605712890625,1334.682373046875,,1,1
232/img_001.jpg,232,img_001.jpg,.jpg,39299,True,640,480,RGB,JPEG,dbf5f6dfd22f40c42b9ce3e5c37dd09731871c75fa71777992c0067e4b8dea4d,800d0a865cd9ff2ab370c131a72580982d5c0b0903a10fa9e8c5b75400ee1606,0f2b2b65f1694d6f,131.94140625,1453.1405029296875,,1,1
232/img_002.jpg,232,img_002.jpg,.jpg,58654,True,640,480,RGB,JPEG,a83d1dba102501e9ea74953894e34832dcc2728d7e250bc6fd41c961d23e0662,1e7589a7cb3f348198a51038ba30efdb4dc89d8fc4072250ea958e08758886cd,16332b6b53658c23,135.265869140625,3116.892578125,,1,1
232/img_003.jpg,232,img_003.jpg,.jpg,38224,True,640,480,RGB,JPEG,ff40a4fced0f71874d2c90a3fd8273336d59138480510fd86573821a3e42f259,c826f7248f1445d796fb3baefe12dc1a6cc148ce4af74b9b08a5a60d2f597ade,0d3135333331704e,138.68701171875,935.7744140625,,1,1
232/img_004.jpg,232,img_004.jpg,.jpg,35316,True,640,480,RGB,JPEG,88327a0ff1d37c152f95b94a3f34635d7c3ad4f7d3cc12462c1127b71dc94961,57f9b8e3974aa1291ecbc5f386376aa5f964dee5b5cd1a4ba7c03199a918aa8d,270b999535135984,137.457275390625,1234.8726806640625,,1,1
232/img_005.jpg,232,img_005.jpg,.jpg,32998,True,640,480,RGB,JPEG,a84297a26748d9b310269e83e85a187c05804f1e435c11e2c0f481cc7351f819,419e1f24005f27c4348d3e0195b0e7cee20d8094382dfc2d7618825bd9210aa6,cf7f3cf33921b73f,123.976318359375,663.3009033203125,,1,1
233/img_001.jpg,233,img_001.jpg,.jpg,38653,True,640,480,RGB,JPEG,8daf7d832a01521c15cd661066688d76eecd82cab169d12a8f2c426aaf2118bf,d0822fba94c581b3eb55a9501dffe639f441071128a47960a248609ffb1062cc,0f2b2b33f1694d67,122.374755859375,1406.8695068359375,,1,1
233/img_002.jpg,233,img_002.jpg,.jpg,60069,True,640,480,RGB,JPEG,d566247edeeb2b16d8b8c4162e3e11686677f9e53dc5b4866c3c92c0775f2221,25551667ca1da0448607effa7bb77654b0ef0b5a76449ad4eb1ccd68a661a8ce,574747474f5b9c0e,140.17578125,1769.6669921875,,1,1
233/img_003.jpg,233,img_003.jpg,.jpg,58108,True,640,480,RGB,JPEG,d7a84a76b5a5d6ad859203c2f706e7fd01faf722332b929a9827a40439d5f604,e21613a740ee259956d54527b3104bc67bea8be96b3a674b5d03526370df1245,0d6969696179c9f0,124.102783203125,1245.81689453125,,1,1
233/img_004.jpg,233,img_004.jpg,.jpg,37690,True,640,480,RGB,JPEG,78883e2c174974e0b3344590884e53f88209cbeff1e431ffe12e3f4843660dd3,b5bd95902ed51bb1afcfa36f53114d78d8f72af0080513f97bdc6b46accc70d9,87113c7c79717107,96.768798828125,1615.725830078125,,1,1
233/img_005.jpg,233,img_005.jpg,.jpg,37265,True,640,480,RGB,JPEG,08117ba5b02e6a54568c45fce22d5ca64790e5b84a09d2d15b95f58327d3d31f,9ad65a40d3d9c5e18f86d25d6ba7cb5a2f9504395b99ce43671eb91009f54d51,4d8e172d0d96b2a6,153.20556640625,987.86279296875,,1,1
234/img_001.jpg,234,img_001.jpg,.jpg,38623,True,640,480,RGB,JPEG,3a01ec77402df3fc06b7e9aacbad3b1134e3d37ef4d39e82142851b963ec283c,baf0a0c8cdf9f91136eb97196c999c572394ed890949fc665f02410e3e51bf51,0f3b2b23e1694d67,121.758056640625,1379.2774658203125,,1,1
234/img_002.jpg,234,img_002.jpg,.jpg,58259,True,640,480,RGB,JPEG,243008decedac467d1eaee4f9ced876e0b26bddbbc0c0e45ad5ea77acd8366a2,3ea91e52e260d65067d930db224be31572243d16841d44af25ec7778c5b6e114,16372b4f53658c23,135.633544921875,3031.926513671875,,1,1
234/img_003.jpg,234,img_003.jpg,.jpg,58431,True,640,480,RGB,JPEG,cc2799c297ab0050716a6f8b53859cf20b1bda36bd2ff7581ef037a6912ab5bc,07281899f2c8e391f716540f0a338e5d1dfd5a7e8098192e74023bbc81e419d5,0d6969496869e1f0,125.631103515625,1246.0914306640625,,1,1
234/img_004.jpg,234,img_004.jpg,.jpg,37631,True,640,480,RGB,JPEG,dcf3015e64f314396b9f2cd99f2c70cd2204f85f95464bab5d346db73e8e6953,4ceb73fc839d74c6d3d8cc097844e8656c59aad693cf9512ccfd3f87e4db5001,1e06732327271f1d,136.244873046875,1535.610595703125,,1,1
234/img_005.jpg,234,img_005.jpg,.jpg,31466,True,640,480,RGB,JPEG,c880af5dd3933c1870ec4ca23fdce2efaab94a41db49590e65fe591accb16e94,f1e3ccaf5366af52f4a4addd972a1743b2ac877ddb962158e662c6209df46290,4d2e2f7373b97171,135.126708984375,1116.6298828125,,1,1
235/img_001.jpg,235,img_001.jpg,.jpg,38647,True,640,480,RGB,JPEG,d0164047c58814ff6b5170cb370ac6e11b6e68d05cf7b69c3ace5be8e3c9d4f0,0677213d3c6d89422d73c45534580c07ab1f61b2d272a001208714d98d9c2718,0f6b6b73f1694d67,122.52392578125,1395.9627685546875,,1,1
235/img_002.jpg,235,img_002.jpg,.jpg,40927,True,640,480,RGB,JPEG,7c6a8ee664f72ddcfb3518de0e20493eeded7cebdde7b1c2e484aa708f61de6f,d2f9513474a3046e28aa3fe37353f60ea2f3f25f229ab6f8bac17d9f53a3414a,1931b533637371c1,113.40771484375,828.4425048828125,,1,1
235/img_003.jpg,235,img_003.jpg,.jpg,32536,True,640,480,RGB,JPEG,b56bfa38b757678b9327f602fd3cab09576c5595a97f395bb1ce7b2ce5217ed8,f589e83712c62160b31520934cc4ef4eec719f95be6a8bd49ea5935a67e5e2cb,556171b1bb73d4f8,116.500732421875,782.0557861328125,,1,1
235/img_004.jpg,235,img_004.jpg,.jpg,43441,True,640,480,RGB,JPEG,fdb7652f18dbbb39080284cb567a2b4db13700a7cb759d787a9f083c7a2a7271,ee30fd78e76275bd0f9e7d6e2f70caf74f1b63771d29c11e9b4ed7f203daf21c,8c0f73696d693371,143.205322265625,985.7047119140625,,1,1
235/img_005.jpg,235,img_005.jpg,.jpg,37467,True,640,480,RGB,JPEG,e1a8eaa34fe6c63642c1f00d19ef6ec0117857f80df1b08775d748e20cf7c06b,4f3b92f487bd22c9b4bba255b0586d235b4c9db87009c4225870e43bda39f309,1e16736337271f1d,137.586669921875,1495.8905029296875,,1,1
236/img_001.jpg,236,img_001.jpg,.jpg,38687,True,640,480,RGB,JPEG,34eea8245040e282f44a12031af01b66bc7d38345bd0506a794ac25840744148,63b4596109c845f9a6a8a54f7e614fbd3ac6b9d2bdee0242cc284b60c7f76f53,0f6b6761f1614d6f,124.97021484375,1393.019775390625,,1,1
236/img_002.jpg,236,img_002.jpg,.jpg,33402,True,640,480,RGB,JPEG,ed8fb466fbd127b7662c224a726760a3731e29713f8f3eeba167b7245df024a8,cc275af4d022c62ae057818ba573b40971681cf85ce1c07266b49e72e8324286,ce4ee6666773f1f1,139.599609375,1228.657470703125,,1,1
236/img_003.jpg,236,img_003.jpg,.jpg,31388,True,640,480,RGB,JPEG,02c9bc895c67dbb2925aae3193a0dd6ca0bb243dd386eed7a3723b3d83f24bcb,119e997d29621984b90c69ff838acdd70c2ce15a7801db6c28d68c31b616f93c,557179f17373f0f8,116.79638671875,792.3909301757812,,1,1
236/img_004.jpg,236,img_004.jpg,.jpg,38278,True,640,480,RGB,JPEG,ff6b5f9be04347742f5cf76ec517af4d7fea4a1d4a5ecc48e5a56d1a1fb76280,1ae2d8687599005e602d394acff3a3b87b3dbb6cd5a589c93920eeffa9981a12,4d0e1b0d1d36b2a6,151.698486328125,943.5562744140625,,1,1
236/img_005.jpg,236,img_005.jpg,.jpg,42419,True,640,480,RGB,JPEG,3323d5bb540e9cef04484dcefd8e4772aa0c9231af5ee704d1b75ba4d2cde1f2,0632c7e9ed5ad51770207def044b4fd6620d0a39d3c9afc5d0d4a279454c38af,493870603263c8f8,101.693359375,850.273681640625,,1,1
237/img_001.jpg,237,img_001.jpg,.jpg,38872,True,640,480,RGB,JPEG,96972bc5adee04f6988e91938463f82cbf94469149377dba8d64702c353ae812,01d09e2901c325ca7ada56d455b4642bc3b36a5826885642ca6b39b45f34aea5,0f3b6765e1694d6f,124.101318359375,1424.755615234375,,1,1
237/img_002.jpg,237,img_002.jpg,.jpg,57469,True,640,480,RGB,JPEG,c61a51cc0f2ad55fe8eb1a63d7caf75f0edff8cd67469828685d143d9dd67d5f,9c71a08fbd880062a7c96fd22a34e4fc0685c98aa6664f5a632e57f461d84e70,16232b6b33358d23,132.037109375,3025.0078125,,1,1
237/img_003.jpg,237,img_003.jpg,.jpg,37202,True,640,480,RGB,JPEG,32e863b3eb245265b0696e660d304e0422a8522c5dedc93942f5188a3da2a342,69500d30d25a08be0e41f1aa5f21f28ac8ce81f845f399165a582bcef78e90eb,46876632171b3171,138.439208984375,1155.6317138671875,,1,1
237/img_004.jpg,237,img_004.jpg,.jpg,37511,True,640,480,RGB,JPEG,b57d7c44b426264f00cc5024bc7ebc27a724948b6c669963b28b7bc069c067f0,904e3e8c40035cb9ae5db674c18f1c680890bd1ddb3dc89c9cb5838c8742de13,46831109146ee7a1,134.743896484375,2011.3126220703125,,1,1
237/img_005.jpg,237,img_005.jpg,.jpg,38406,True,640,480,RGB,JPEG,ca9d83d5cfae0101790dae4c5395dee7e734e51a2e8c2bf96995184f079010bd,8320663ad4d3cb6e81e9d1389e9c454f5a59256feab9b2995d88471f6bc2c73f,87113c207378608f,96.5361328125,1754.906982421875,,1,1
238/img_001.jpg,238,img_001.jpg,.jpg,38679,True,640,480,RGB,JPEG,e6bc80c6992e2057b7eb10b2b2fda7c64a5106fb66b4e281510935821c27a3dc,b54bbd65c24ef109de7633cda5b58e0b705029c190befb569cfe8786bc27dbab,0f2b2767f1614d6f,121.538330078125,1421.52099609375,,1,1
238/img_002.jpg,238,img_002.jpg,.jpg,41378,True,640,480,RGB,JPEG,632a1c554283c169d2b968f8affecdfb883469aeaedbd61a31e2a20401b54654,bea93e72bc5732377fd2e152b1656e064e6d7f40f03fdc3f9522dc004c5f0f89,1b31b333377363e1,117.68603515625,855.4508666992188,,1,1
238/img_003.jpg,238,img_003.jpg,.jpg,41458,True,640,480,RGB,JPEG,e5c403e251c07d94d8c8b76555ed20b1dc7c67f930d4e4bff7d322eedda8337c,1a06086033859ae251b2fe669f8b2fa379ecdace307d875b647ce3b6b351b4a7,8510323031b4b038,105.82958984375,1654.0655517578125,,1,1
238/img_004.jpg,238,img_004.jpg,.jpg,44008,True,640,480,RGB,JPEG,cb4e2f497cd7d8cb3ae0a7e95ee3d53002b0dcbbadb6d852f40e4ee8c9407a50,492602d134465048aebdd87b28d2f55da9b4e5446a88b49bdd0aef1e4f277960,13252d0f11334f0f,117.508056640625,1835.340087890625,,1,1
238/img_005.jpg,238,img_005.jpg,.jpg,34053,True,640,480,RGB,JPEG,bdaf2ce72f9bc5a933f3079201d417a374e925e681328b01c5672ab9b330d961,51a894b4cf3ac60a3b4241ee26afc5ddecbcbd51f00702929de2d27f1ce33dbd,479b97373332e0ec,145.29345703125,815.9334716796875,,1,1
239/img_001.jpg,239,img_001.jpg,.jpg,39083,True,640,480,RGB,JPEG,370a9727a062688b842869777447878b212ff106e3a39393e3318dfd726b79f9,9391da06157d14ec2fb2062b8c89f69076971bc3a9252759dc3c3a3a4d96c266,0f2b2767e1694d6f,121.9384765625,1476.4864501953125,,1,1
239/img_002.jpg,239,img_002.jpg,.jpg,56872,True,640,480,RGB,JPEG,4c9f46d635d7ac8627408cf9d788b2041aadc3fea562fe3323f419b002a3b007,42e419a21b7b089de2f849c11999b33246f1cdaa01ed29266c60049af1ed5e1c,16234b6b33358d23,132.242919921875,2916.592041015625,,1,1
239/img_003.jpg,239,img_003.jpg,.jpg,41713,True,640,480,RGB,JPEG,48078c1afa19c527a0a06ea2181e0edfda87caeafffe3849e3ef027d9aa39322,8cb835e68937bbb7c5edff58ae6f2928279b432989836597f6cd02b733cb8986,8711323035b0b038,106.357421875,1619.5133056640625,,1,1
239/img_004.jpg,239,img_004.jpg,.jpg,43149,True,640,480,RGB,JPEG,d36e846b9aa0c2d69f8d54312758cf562552b642a94964c608d8ae8025f7764f,2f6e550083d32f893d98f8afeed591d42ae4d1c0d7fe33e43b5484aee38622a9,8c0f336524283671,142.500732421875,955.426513671875,,1,1
239/img_005.jpg,239,img_005.jpg,.jpg,37344,True,640,480,RGB,JPEG,10bf7f61646352aa6f72386275e8361443c389ea7c1dc3aa17e4a3db41a1412b,fc61c937100ef42805d6a308561f8496c3138c2a807124f58077a3f6e9d6fa2a,1e36736327271f1d,132.307861328125,1475.4375,,1,1
24/img_001.jpg,24,img_001.jpg,.jpg,39467,True,640,480,RGB,JPEG,714ac8fba5666b53385a3ebe488da615bfcdf2f3a72e2ea04f883665e223da18,4f143d6ee8b0f9b29458a834306c6d2b616145876c901326ec44f394fd2d5bb6,1b3b3b31f14d6f23,127.092041015625,1466.120361328125,,1,1
24/img_002.jpg,24,img_002.jpg,.jpg,56551,True,640,480,RGB,JPEG,34ef6418162e156f725316a3d3de15757f40ed5b15c9444ff72c55d4c58653de,7b78652646c0830b66ed21c2bf2ccb06ec816df3ff08c262915aca54e28aceb5,264e1f0f6743933f,126.779296875,2775.194580078125,,1,1
24/img_003.jpg,24,img_003.jpg,.jpg,37193,True,640,480,RGB,JPEG,2243fb8069a4c1794f4ec84f5ae82984a88ce54d1bf5504f71537ff336f026c6,aa13a56eb71eac25711caecf6f5ce670eb1614e1b6f5f63be7fa6a6f0b7e73e2,2d3135393131704c,122.94775390625,770.681640625,,1,1
24/img_004.jpg,24,img_004.jpg,.jpg,34373,True,640,480,RGB,JPEG,51270e5d9c91a20fb52359130fe5c41313966abe80b1731c265ad591d46a34ff,4802acbff185e642db7c2f6e2bdb3f8f679fcca13bcf9004dc8d05c2dd0b813c,0e3b39336375666a,121.95361328125,1043.652587890625,,1,1
24/img_005.jpg,24,img_005.jpg,.jpg,52623,True,640,480,RGB,JPEG,4ba5870e2e3ddcd54dae638fa1d70669ce2d38e7d5462b92420fc4044d65355b,bc4cad5c894715eb150c1e1fa93bd792e0a3727878c7d14fa00699d5ac8d9d0d,8607131736397170,140.88916015625,1276.3460693359375,,1,1
240/img_001.jpg,240,img_001.jpg,.jpg,38734,True,640,480,RGB,JPEG,490b52d96470ab3fca7237d1fac2b96d1a27d266db056c968adbaa7db28a270a,20acd7ef9fb0d8af637fac1ab6c830536c2d7b6a8a64622252a1b108ac3ef26f,0f1b2367f1614d6f,118.933837890625,1468.3106689453125,,1,1
240/img_002.jpg,240,img_002.jpg,.jpg,40919,True,640,480,RGB,JPEG,6b931f50ed45dd248a9510dc08055023bda78409daa8057be39043cf71f6f31f,87876455bab5953f4b70390f540f97a1936b7f0233f90e7331447f16cd7d033f,1b33b333337361e1,116.748779296875,893.0745849609375,,1,1
240/img_003.jpg,240,img_003.jpg,.jpg,37787,True,640,480,RGB,JPEG,2f6e2f40457469a00e5d7b5648541f12afcf3e6b380f134c96d33382b998d688,d6dac7db7ef131a14d97d0b7f695ca6ee4f3bbe1cdd735a24af12869e99083a5,468766330f0f3173,136.40625,1093.266357421875,,1,1
240/img_004.jpg,240,img_004.jpg,.jpg,32454,True,640,480,RGB,JPEG,cec6b481dca8ec8bf54a031d62302eab58052f48e11f33fd62828a5d4dc4878d,27c08577c7c12775ebb209e3f72809e1b8f778eaca0054b5e037aa5cdff121a0,cf79f9f93929b73f,119.053955078125,646.3504638671875,,1,1
240/img_005.jpg,240,img_005.jpg,.jpg,33162,True,640,480,RGB,JPEG,b5877316591cc197273ec509e6312f8654f676275fb3d564cce5520459e7a311,ff3535bd11105d8ccdf408a4a2544d35c1cac18ccf1e16ba562439fe3055f7d6,8f0b2b093b3b1b7f,149.197509765625,1118.818603515625,,1,1
241/img_001.jpg,241,img_001.jpg,.jpg,39084,True,640,480,RGB,JPEG,dee0eccb48d00103d4fa8b9699f9a801584d204ae57c7a3c2c956178a1a98ef0,38c4a3ec9bd2831f34d89d3a1f5414cd67553ea7b0790c6a751db6557814d227,0f2b2367e5614d6f,123.34326171875,1531.65087890625,,1,1
241/img_002.jpg,241,img_002.jpg,.jpg,41170,True,640,480,RGB,JPEG,aee893f6d97d2ec3640bbef343d1c05a8b756304e62de41d2f2d6b933ade76bd,3a7266b68bc71d98f6ef077c745bc8c1f2bb40fde23daefa995e640ef4a20b4b,1b33a327277361e1,116.0,929.0057373046875,,1,1
241/img_003.jpg,241,img_003.jpg,.jpg,31639,True,640,480,RGB,JPEG,13cb39b1307fc7ef8d4df0c69c68690ba5c1bf0aba25606139a289413097aec9,8ed236c504a452bd23156437dcfd1437096ea054ae10f5f3fc5322a0b1383556,8711092919392930,147.15966796875,961.5526123046875,,1,1
241/img_004.jpg,241,img_004.jpg,.jpg,40505,True,640,480,RGB,JPEG,49ab81f65c8df4533905b57f0c0c109c7fce672593d76deb52a3129766f47fbc,7d7fb106573bd68481335db84dc8637c5959e97d86d5f6101d31ae2654cf7602,c9c8b0b2b3b0b4a2,111.18603515625,1056.94384765625,,1,1
241/img_005.jpg,241,img_005.jpg,.jpg,36081,True,640,480,RGB,JPEG,cdbbe7bb603a36f54668d88b667d56720f529e46d68759c69b008bcd30f34c8e,d913a9208dea2ea3764afa6e3ec316572f6c7e67a5689f04b635c8c491e54148,1e67574737fdf0c1,141.89404296875,1074.04150390625,,1,1
242/img_001.jpg,242,img_001.jpg,.jpg,39438,True,640,480,RGB,JPEG,cf1eaa3578b888851e4f6144f7a831ef035ed90cbb40606062618757ce94d914,612091ae2b78a16c95c64f5edd29ff2d8fc587373aa557bf9b8a829ba3f72f2c,0f2b2767f1614d6f,124.2998046875,1550.45361328125,,1,1
242/img_002.jpg,242,img_002.jpg,.jpg,39633,True,640,480,RGB,JPEG,0e7734eb05df474f9907f57520259739cd857845695a4187dd867111b3e0506c,ac75e310b951abc6802d0915d55c0d9068bcbec5e1fceb406ec9104fb380687a,1e1b636767e1785c,132.859619140625,1362.7843017578125,,1,1
242/img_003.jpg,242,img_003.jpg,.jpg,32209,True,640,480,RGB,JPEG,08b07471225e7df0995529d7b48387a9ccf9d878cd645aadb285fc69029d39d8,fe48524c59172ec5dcc7f7a6d306ac69008c5976d07dbbbc238c3abc0047e7a9,5d7173f17b72f0f8,117.33984375,771.7261962890625,,1,1
242/img_004.jpg,242,img_004.jpg,.jpg,33112,True,640,480,RGB,JPEG,7f10de51442f023ccc6969c0b336832c94b9c81a18b7d53339547bc51636ff6f,535cc4fdda41da820e6b3630e121522df1799e96b38dd9c4b2aa9a989a4e053f,8e2b3b333b297970,149.00830078125,954.218017578125,,1,1
242/img_005.jpg,242,img_005.jpg,.jpg,35206,True,640,480,RGB,JPEG,c9267f7df3fc22f7cddd0a0fbc8ab9c0b208de883012ef2a97495be27641feec,383b76660dd22ef3f9ae3ae6e3628cbc41a8fc68123d6e3b32e68b35a2439bf0,36371b9d9d1f6ef3,105.576171875,1468.8065185546875,,1,1
243/img_001.jpg,243,img_001.jpg,.jpg,39334,True,640,480,RGB,JPEG,433be7a45b27bfd84bba4a33c10de92fd3924d9ef0b52c7ecc8cd0af5c74443a,c88e8539930fb270633f56c91151bd8e3b8d4acd22c4679b0d81a072f844c5e2,0f232363e1614d6f,125.302001953125,1543.4227294921875,,1,1
243/img_002.jpg,243,img_002.jpg,.jpg,57154,True,640,480,RGB,JPEG,f3d73a27b530c5f878c5feba39bba8d7cef13fe0b638744c8ee7713191b357f5,b6893593bad83ec5d1cb79b33dd96a04110f6c394ef7d6f9a9d017b0a8ca7cd8,16276f2f33558c23,135.484130859375,3089.454345703125,,1,1
243/img_003.jpg,243,img_003.jpg,.jpg,38203,True,640,480,RGB,JPEG,0f10fd77d4a8a289628f574f5fa32a9d748519edcebb3f8baa372d14447da744,44e2560fa3ed81817536a2ea17e080dda7a6f7613a5be85ebb8bb7c39f6d50dc,4e8f21391f0f3371,140.38330078125,1158.715576171875,,1,1
243/img_004.jpg,243,img_004.jpg,.jpg,30358,True,640,480,RGB,JPEG,dde0538ba0549dda5a69ad60ea2a1ab2c46abbba4428fd9b482c59d0b24fa0fd,d81ebb23504f8780a593f9c95c4e197760dc286c57d9a1907844bb41fd19a569,180b4b4b91174bd9,148.892822265625,794.1138916015625,,1,1
243/img_005.jpg,243,img_005.jpg,.jpg,39885,True,640,480,RGB,JPEG,ba1afaa4d0be8364fb677d3f26188f530c3c3e765e649e753c3237fcebd6fefe,ccfb9bdbcd0449a64203dd435eacccecac350166aae58a00aad36f6696c3addb,2d2d6b37945b2d2d,135.559326171875,1334.303955078125,,1,1
244/img_001.jpg,244,img_001.jpg,.jpg,39131,True,640,480,RGB,JPEG,a66d620d27ad67d0c84945c326a01782107ecdb2f27e49731d702b6c5f988f8c,edf63d13a983dcdb800e56e9e656d9f854da5efb6acbc6c17b6ee05db07f7c16,0f2b2361e1614d6f,129.189453125,1501.7958984375,,1,1
244/img_002.jpg,244,img_002.jpg,.jpg,59928,True,640,480,RGB,JPEG,0b142cc6c61d1f1c26764660ab7f22cf5f51715d14f0156a5dce32597bd9d9cb,d0234ca437122b62366ed2e1125c30a978c068a06eab7196e3ec503e267f749e,5747474f4f5b8c0e,141.33447265625,1798.649169921875,,1,1
244/img_003.jpg,244,img_003.jpg,.jpg,31705,True,640,480,RGB,JPEG,9c6ee598f7b939ad68dd3385400b07ca435bd949de4da806aec064310ca142fc,8892a4a3bb757d6f3ca2ddc8be36efe4727336e20bac9c93be842d030bf4074b,8713092919112970,149.00244140625,951.188232421875,,1,1
244/img_004.jpg,244,img_004.jpg,.jpg,43696,True,640,480,RGB,JPEG,760b835e166d56a09dbfff4e56d94a0b53f9cf1a97206790c8c1f41ec5f09305,5059f7bfc3fd58411046a45449ae1aef1560e059fe8845b2c444dba26ddc77a7,13252d0311334f0f,117.16455078125,1778.892333984375,,1,1
244/img_005.jpg,244,img_005.jpg,.jpg,36110,True,640,480,RGB,JPEG,7d7fed2ee792641f3d8f9f1b231eec3c63fd62bbbc12321ca596c88a2d9364e5,672581463eba0c7008f5e9bdc6daabbe69b41a5684c56983f1b637ec6ff9c551,479397373330a0ec,141.796875,800.8132934570312,,1,1
245/img_001.jpg,245,img_001.jpg,.jpg,38619,True,640,480,RGB,JPEG,bc52b50327f2d02205932f8ba8ae0f89019924204018b871b4ffe43edda478bc,396cd9d7dc79be2b59dac2b4d19ea16d05e79a3e9ece0931d68b6ad190db5a42,0f2b3b63e1694d67,121.980712890625,1438.727294921875,,1,1
245/img_002.jpg,245,img_002.jpg,.jpg,60672,True,640,480,RGB,JPEG,41092954f77dd18a463b1c036bad08fb8a1a35b308aa7ae069e1a5d261ba73d2,1d365155f2984b5dbe8dbb4fb6f22977a44c07bb929f536a95c9cb46eea8d719,574747474f5b9c0e,139.932861328125,1756.9359130859375,,1,1
245/img_003.jpg,245,img_003.jpg,.jpg,31842,True,640,480,RGB,JPEG,59a04d807c61358b281f558ad9514476fd786d868343f3b634c72432d2fd195e,a47f59cea33ed33f3b4d974aa18a24cdf3baa72624a2e3ddde762eef47ec1074,8793092919312d70,148.909423828125,981.5220947265625,,1,1
245/img_004.jpg,245,img_004.jpg,.jpg,32284,True,640,480,RGB,JPEG,a5d73f50fec7a66f74a6d6a28522d1299e6a2969adb8acc04e5f046c658793a0,cdcd099e9863aec06022b69049e0b6d3a3c653255270bd38d0aa503bd822cd72,871121317179302e,130.48486328125,1255.257568359375,,1,1
245/img_005.jpg,245,img_005.jpg,.jpg,28231,True,640,480,RGB,JPEG,e61e15b4a46afdc26fe808c37f426c29bb24a55d028f2963ae64d7914dd6548e,17429b6684255acaa8f4a5d6005c5cce569cd5bc76fba7eb941fcf87f719f00d,b890317971e1e0e4,107.209228515625,881.5590209960938,,1,1
246/img_001.jpg,246,img_001.jpg,.jpg,39045,True,640,480,RGB,JPEG,838150aa253ccfa4e88f31f135d371b9c7e3df05aa1bdd1524c9a2b5d6cfac3b,4a2ee0713ab0f697c52f5339a1a35491fcdf2d1579e763177e26fac7f77ab636,0f2b2b63e1614d6f,127.03759765625,1474.16259765625,,1,1
246/img_002.jpg,246,img_002.jpg,.jpg,60677,True,640,480,RGB,JPEG,5fa82042d649ea250fb92f3b548f1d429ca6d820cb841280bad364494a25d1f3,1c060af9d9da26ffb686fe36740d58ec72a2f131ac6b39ff17f80bf7e36779db,574745474f5b9c0e,140.635009765625,1843.97802734375,,1,1
246/img_003.jpg,246,img_003.jpg,.jpg,61896,True,640,480,RGB,JPEG,5fa824b43a63e4faf383b2d8d43182ddebc22d8cf19700109ead4ce8bff621ba,a0353aa67ab7f5548e304c293f00872fd12eced6c302a6dd0559c7bfd8eac5df,9919251d1b322187,119.296630859375,5723.7421875,,1,1
246/img_004.jpg,246,img_004.jpg,.jpg,44305,True,640,480,RGB,JPEG,b4537360da27394e802d2ddff153e702b5a7c3ae024d48048595de9d9c1990bc,6c98d3f5569eefcd89f9200281d706cc1c9349f221b94693a184bfd5fcbfaaf7,1b2d2d263b392527,124.202392578125,2347.14453125,,1,1
246/img_005.jpg,246,img_005.jpg,.jpg,38085,True,640,480,RGB,JPEG,1ebdbb7afbd916c0183c80eca4285c70c2f72247963cf9131500bd7c96956d84,3bc875f252f91ad042668329840f53865a6aedb988073169f938e90c10190212,c6b634333371f8e4,113.343017578125,963.5496826171875,,1,1
247/img_001.jpg,247,img_001.jpg,.jpg,38174,True,640,480,RGB,JPEG,aa1f1b93435a700aa20255c600fa0ca0a20a35eb3c5e343c149488ef56765f88,18299979b6ec131b9385beb3c9272742b029930f1762ab35b7881664cdcc5f57,0f4b2b63e5694967,121.7177734375,1525.5057373046875,,1,1
247/img_002.jpg,247,img_002.jpg,.jpg,59804,True,640,480,RGB,JPEG,0de84f322e10a34e4d422c33b011ba2dcfdece78fd897baabf7621fbd463dc52,60eee3892c724c27da2bdc28f24aef13dfd544842f15b20dbf909768f978e3d6,16336b2735558e23,137.298095703125,3301.39453125,,1,1
247/img_003.jpg,247,img_003.jpg,.jpg,39312,True,640,480,RGB,JPEG,ca3c4c64fc2a560dc06bb89612afce6783b10618c997540b3e2e771284f283f9,6b3ac2fc96f7c3660e6dbce443a06e72a5fa78f60b56633fcbb14e01bd99e462,9c1e185df5a06478,128.902099609375,937.8763427734375,,1,1
247/img_004.jpg,247,img_004.jpg,.jpg,37732,True,640,480,RGB,JPEG,028ccf66786f4a5c03664c02affd7699faf8e09544b5868293c125b31fe6067e,f1d5a6faa240bd78bd575b0965687c7b37e53578eb5b7a523378aa5411331baf,076765636369f026,107.4130859375,1212.087890625,,1,1
247/img_005.jpg,247,img_005.jpg,.jpg,35973,True,640,480,RGB,JPEG,29dc825276f0fffd1338229654670c3a32141b2aad16f3f6899fa4267bc0d651,0e8f19255bd1507cb6480e6b278491dcd4d926e54f62e5c089e57d6517f3b25e,9e1e6e673767573f,158.923583984375,1706.3397216796875,,1,1
25/img_001.jpg,25,img_001.jpg,.jpg,39170,True,640,480,RGB,JPEG,015fd840e0cca398e7adf8eb5ad29950aa8c4a948c81811409c5be3236e19b38,c0f02fd3a70bb08682189bbf5ae9a7372aaa32f33a5dc4d09e34633718886f40,1b3b3b31f16d6f23,127.381103515625,1403.715576171875,,1,1
25/img_002.jpg,25,img_002.jpg,.jpg,45831,True,640,480,RGB,JPEG,b26375f91cd40c220635ed04f2e2d768ab997f9688fde7b171c28473ba3dad2f,d54610a4ebb74f85b0f0008bd8b5b9f1205f48fc9928e5d2f806bb4258e4a062,0e8cb890b3b3f361,109.2421875,877.6014404296875,,1,1
25/img_003.jpg,25,img_003.jpg,.jpg,39653,True,640,480,RGB,JPEG,ae705fdf15c37b8cfbddf50b7bc574117591cb8c477ff3f0c3128dda3b1367ac,aa2d6f4a2a14d1967f2be726bdfcc9b149b7c9fb1f59ff5eb66788c0da87f3a3,8e9cac2d39313cfc,135.484130859375,1003.9526977539062,,1,1
25/img_004.jpg,25,img_004.jpg,.jpg,37352,True,640,480,RGB,JPEG,7fbbdcc17d84b7a6a9732ac9e2176db7ccc38c89dfe2a507bdfcb5dfe7f042bf,e27129195af9f21566909a952b69f3a4821eb3630358cad53e78c212a2d32323,8f7161717869f0e8,114.43408203125,645.2054443359375,,1,1
25/img_005.jpg,25,img_005.jpg,.jpg,43413,True,640,480,RGB,JPEG,576fd799e8e6dd037d4360589a1117e857d578a360cfdcc4d3cf17d21f61826f,1600de82d2b7551ff0aab72238d2a900b6395032decc9035dd384cd6d91bf838,5b636b337a737b4f,122.7548828125,990.6243286132812,,1,1
26/img_001.jpg,26,img_001.jpg,.jpg,38920,True,640,480,RGB,JPEG,e77a5b64f3c43bcd118c123860955f9b08f944f6f0b5ba2cb159f2ed3bca54fa,783f2af7a4ea43d9f4e3a09f2f6b7e29fd23ea718bd082fd035795082c0ae848,1b5b3b31f14d6733,126.643310546875,1438.1708984375,,1,1
26/img_002.jpg,26,img_002.jpg,.jpg,61215,True,640,480,RGB,JPEG,4e56bed02711e7167adf77b3050024a142ffcedffce100645308ffb55ae7c4de,c88537ed13308e486bf039d1578b7200a68a57e1681e09cd4e2cb6ef94c41a7c,6686536fe7d33727,120.912109375,3235.987060546875,,1,1
26/img_003.jpg,26,img_003.jpg,.jpg,62021,True,640,480,RGB,JPEG,ce98a45d4315b761b0bd6ac8740e72bc1143096d500f076198b4f1991f83a2e2,739d443d2efcf47b5144e17991f5fec1030173937658796eeb2cc301a3ef0671,3333651733292d4c,122.06884765625,5079.220703125,,1,1
26/img_004.jpg,26,img_004.jpg,.jpg,34736,True,640,480,RGB,JPEG,c6340276cd612993388947e328d669fa7c656d95b3da5c6a111c62d5d5922f21,607b756c8936f5ee83189efb4897917c602a6a77c524664106f904cc012ded27,8f1b1f3b71709193,136.84423828125,1147.394775390625,,1,1
26/img_005.jpg,26,img_005.jpg,.jpg,32195,True,640,480,RGB,JPEG,ab7f128d654340c6269ecfa8b206cfd1cbb9baf3bf0ed430ef82cbf0f835d3d7,32629ef392a3563826f8daf186c07e59d768b8193b6daa2759b99df211239c4d,1b29213331397036,128.396484375,1263.36962890625,,1,1
27/img_001.jpg,27,img_001.jpg,.jpg,37988,True,640,480,RGB,JPEG,b33de1a4e18616379c2a611f14d12778c5dce1d148f0db53b00aaef7f9986491,e85d12610cf48fc63e9bb63a73226f1dae46c5619e2870b632f6f6eaecdd6879,1b3b3b31f16d6733,113.54833984375,1350.1346435546875,,1,1
27/img_002.jpg,27,img_002.jpg,.jpg,58375,True,640,480,RGB,JPEG,059f23aa04139e17dba6d3cc6aadd35c20fa8ad4fb99f01ea81788e8ba83e59e,935842f0747dc34cb708dc7ec758ce331ab3868fc8d4918b51d91aef56cd9c59,66c6332fe7c3353f,122.6845703125,3024.908203125,,1,1
27/img_003.jpg,27,img_003.jpg,.jpg,61908,True,640,480,RGB,JPEG,313be0b71b177f2b4f8ace37e1ad41661d5beeacec046aa233e88c2059133698,ea29b88c6b9586631d106a204ecbaabcad0d1d5cc97f68c222040d54cde5affb,4e0f3b3333337369,130.8974609375,1171.728271484375,,1,1
27/img_004.jpg,27,img_004.jpg,.jpg,31318,True,640,480,RGB,JPEG,f3674eb9904254762da52ba2ac7f8cee636188244baddab5ed63cd8628ea08ab,e92ddd0e077f8be2b1e89e74dfc8944002ad0b9acbab05314c3c43be3577e7cf,d06c6e7063f9f9e1,109.270263671875,833.637451171875,,1,1
27/img_005.jpg,27,img_005.jpg,.jpg,42972,True,640,480,RGB,JPEG,9b37f2b8d39297bf585fc03908244a7dfea004aa68b633d9d3cc9c31173e94b3,f146bd03c70ef9cb2a0f7bcd1e9b4e164cb419d9a202401a2891c7db4a0a2672,132521210e3c1d0f,121.0546875,1865.1253662109375,,1,1
28/img_001.jpg,28,img_001.jpg,.jpg,40538,True,640,480,RGB,JPEG,30e11a0cdf6d4f3bbcc70de8a11fa4ab1761301421174fe686e2caa339c9bfb0,9a2176578c403644f8095f5cf60f39ed5efcf22ffe3192f937b8798c7aab268d,0790929999343830,112.478515625,1471.0306396484375,,1,1
28/img_002.jpg,28,img_002.jpg,.jpg,37561,True,640,480,RGB,JPEG,8c38e6d7f4ce5b4713bbba0fa2a22097070a4e2bc8d3238cf6f9f049a06ed041,b34a91762d77331f097b9ea9e46da9c4b7bdad2153c69c8e06c14c903fe65b02,1e6b737b6be17848,125.6982421875,1115.425537109375,,1,1
28/img_003.jpg,28,img_003.jpg,.jpg,39650,True,640,480,RGB,JPEG,91ce73b2c4fe504b520b02686796b24e443a2bcc125384a7e4bfac4f244a63c2,b9c9c464b60dea311884a5e1a11842740f6adbad46374c365af8cfafd7fb127e,8e8cac2db5353874,138.9228515625,1044.406005859375,,1,1
28/img_004.jpg,28,img_004.jpg,.jpg,23952,True,640,480,RGB,JPEG,ce7488d55f2c4e3af39680da362d4dc9bbe6c5729ee871a0687079018bc8ef14,aecb9cef1b43e6f597618f62e36ce354040c9a26a0647d57205de513a77a3c11,460e2cf0f0f9f87c,115.75,374.464599609375,,1,1
28/img_005.jpg,28,img_005.jpg,.jpg,63873,True,640,480,RGB,JPEG,9b41a1b45d7907cce35a147302a4faaf1ed33878031094d5a6879cb079343a61,f9623ab89279eeb53de7c3d9141b75ff34cec30c0acf257f2831d81068b2743a,2b297c3483db677f,122.753662109375,1232.8521728515625,,1,1
29/img_001.jpg,29,img_001.jpg,.jpg,39521,True,640,480,RGB,JPEG,11c9518641962ae5cb00151d77b5821a77142f64418b1508b690705acdd5fb6c,45f7865ce91e69a2fbdd0defc838fa466b6d18b6afa15bca21e0ce70d9bbca56,1bbb7961e1496f23,128.439697265625,1568.953125,,1,1
29/img_002.jpg,29,img_002.jpg,.jpg,59100,True,640,480,RGB,JPEG,459f01109031c13599315c8bff93764451e7bd8e759f35f1b705c774b1160376,c026cbe899532c597353ed71a8b8ad95bdad27dc16d81ab4728be3fa8f3a0fa7,66ce6f27e7c33727,121.12939453125,3075.9921875,,1,1
29/img_003.jpg,29,img_003.jpg,.jpg,61520,True,640,480,RGB,JPEG,dffd149622d2d88cc42a320e4ad48aa0ed5fcb27feee24180f9931ba9997d28b,d310abfe5f0f71a55d676876e94fbc886b9a483a2641151ce73eae8ee9b6552a,333365753b292d4c,121.064208984375,5145.3447265625,,1,1
29/img_004.jpg,29,img_004.jpg,.jpg,37235,True,640,480,RGB,JPEG,24fba34995281733b105c06bdee5569d315f4c39978552c3b1d638b798548ba7,b954f6aefb6f7c55538779a8cafc4886e9c9cf15ca7aa3a3c37ece890596345f,0fb3232727697169,149.796630859375,1536.341064453125,,1,1
29/img_005.jpg,29,img_005.jpg,.jpg,34989,True,640,480,RGB,JPEG,f7f3fa172dc9041876501daa9ec62e456aa1c543c7a8eee98472e799d94f71cb,5c827cc33f4e3f1a6c1f7efd943982e7451477032568774a7f81c4b732ab91d9,2d3539794d133367,120.865478515625,874.42138671875,,1,1
3/img_001.jpg,3,img_001.jpg,.jpg,38794,True,640,480,RGB,JPEG,796f909a6c21c7fe905bf12a2df0c54271438051c3048920264acdc695416daa,d8b903d9fff908d25dda4948701e7d359f0a096e2070cd4c31b1fe696544aec4,4b4767f3f1696f2b,126.6572265625,1472.1927490234375,,1,1
3/img_002.jpg,3,img_002.jpg,.jpg,38369,True,640,480,RGB,JPEG,53b21165dd7d80a4d82eae69b0169abb05febb9f1f2caa54da5a81d0d54f62d5,a344330c3d276e226c70279970b5906c9288580f452c7dd845a79cacffecff0c,0e0b733373e17848,134.510498046875,1131.310546875,,1,1
3/img_003.jpg,3,img_003.jpg,.jpg,32291,True,640,480,RGB,JPEG,b60dfb2e02021880fdf8e0a9038df301203bffac4e758e96b4797aaa86aac88c,9a64176ebbef2d72b055e36ab3a5da69b8a3bf889a518613511759d2235bf361,b3d3e7a3b3c1d2b3,119.33447265625,892.2665405273438,,1,1
3/img_004.jpg,3,img_004.jpg,.jpg,37677,True,640,480,RGB,JPEG,fee9e7a051d874416e292aacf5870dcda3b9dbe18092d2d097111f24a321595d,ab193c3781308b1ae4b51d91b8c6b4c24b60f4291ae329d891653481d02062f2,333b617173f2f078,102.5498046875,1354.0123291015625,,1,1
3/img_005.jpg,3,img_005.jpg,.jpg,45468,True,640,480,RGB,JPEG,c23ee4232b556acf3d556446bbf2af2054e9ad90826e1044504b74f8160fb19f,ba2535972223f4fce74e31d76ae0c01de5576886e6e4082d8ce0d588b5ade85c,8737276747cf8b13,138.5888671875,1010.4080200195312,,1,1
30/img_001.jpg,30,img_001.jpg,.jpg,39157,True,640,480,RGB,JPEG,88748771315fd0bf7c645fe77f901c7033c93a3eaf232664ce0206bc667d49c3,8eb91ffba51c5cbea27c0dbea9790b58dcba56b742c874ba87ca48a5d3397923,4b3b3131e1496723,128.36962890625,1475.2996826171875,,1,1
30/img_002.jpg,30,img_002.jpg,.jpg,61092,True,640,480,RGB,JPEG,4f95fd98a1c815754c6b88e586d53e23fa5fe392a7820cf8a0427a8dda23e540,c03b9799b7b65cd9d09210a3773b13b8b67ea5ac6b333854357ad35457b89ce7,574746c68f498c8e,133.266357421875,1785.38720703125,,1,1
30/img_003.jpg,30,img_003.jpg,.jpg,57196,True,640,480,RGB,JPEG,3e2045e3db6ed05c1984cd840dc6ac1cf2b0cc76bee12a73c140116f9d0be459,68cc4ca6bca8e0199f921f6d5b6988bc7a2d90bf45a2317b88fef624aad33880,4e0f2b3333337369,133.18701171875,1080.53369140625,,1,1
30/img_004.jpg,30,img_004.jpg,.jpg,47533,True,640,480,RGB,JPEG,6c764f57d8317328798d9b599ef70ce33e99e02d2b7a4d2da5182808b5b66194,765839888522023e5e63ca4e89f1505a2275b4a910479edba64c4e095d15cdd0,8e2f437363a3271e,132.357177734375,2149.5029296875,,1,1
30/img_005.jpg,30,img_005.jpg,.jpg,35880,True,640,480,RGB,JPEG,83438f3a6a29021f985cc6ccba8f89c00d5d631ec02752628b24b8ab1f9cb9ea,77e913aefc38bec803dd5522ecad70f2b6e657c740bc23af26a549dde4fc8caa,1d3db93978784cc7,116.22900390625,934.3770751953125,,1,1
31/img_001.jpg,31,img_001.jpg,.jpg,38422,True,640,480,RGB,JPEG,a239564aeb4f96f00ced8bb3470c00dbff19ec89d378449857627bc555360dcd,e4618e53e1ce44b14829da729bbb7673d0f0dc8ae851b3d0bd52f550855842d2,4b3b3bb1f16f6f23,120.912841796875,1323.006103515625,,1,1
31/img_002.jpg,31,img_002.jpg,.jpg,42180,True,640,480,RGB,JPEG,6917e126c2d77414ab43c51435b83d6608d754e7a5944f56012b15c95cb2f80d,34bd33e63ad4da9676f292eb0c2f932822e25643362b1bce561258c2ede428b8,0e0c78b8b13171e1,100.993408203125,658.7696533203125,,1,1
31/img_003.jpg,31,img_003.jpg,.jpg,61989,True,640,480,RGB,JPEG,99b78477d2355adaed5056f811f6cbf917e1a0995e8229b9db9b8601d7d1847f,4210d18ea520679a8827c68f1e47a1af0e111daee37c39980b60fa2e4998a5ee,33336d4d13292d4c,120.29833984375,5113.9267578125,,1,1
31/img_004.jpg,31,img_004.jpg,.jpg,29679,True,640,480,RGB,JPEG,8b9c3e2e9d5c39979446c4d3e8ee6f9cd9663e87a3c4f3c0a9b383b3e5c30546,7e307457deab8b55a90721aafe34e66409c69dbbfcf826f65d06e6be9150a0c4,8e8f99373727e0f0,126.901611328125,843.5238647460938,,1,1
31/img_005.jpg,31,img_005.jpg,.jpg,29821,True,640,480,RGB,JPEG,7b9386edd4a0da506f14a8015353e8a7c3273a45618310a3a54ca86b472f90a6,73300b6856027b638c875da285d58b7c7145aefe7e4968ece1bd785a1619a602,8e8f99373727e0f0,126.899658203125,844.2723388671875,,1,1
32/img_001.jpg,32,img_001.jpg,.jpg,37843,True,640,480,RGB,JPEG,f9e1ca29334b362dc512e1a3552386a1a6c1eec1b1adcc8616ae486872ce4412,51b5eaca1b57549a3715a92a7abb866a365b98ff37328338a8a9dd3088143404,0b476561e1692f43,121.418212890625,1344.0341796875,,1,1
32/img_002.jpg,32,img_002.jpg,.jpg,56262,True,640,480,RGB,JPEG,e8f544dafd988d5cedb92536db8d417bcbbd573e39fcc200c2c3ec543283f828,7e7a272aaaf0c4256626ee4c4f4995e0e5ec686a9ad540d48fe641f65a4fef05,37270b1b2623321f,121.315185546875,3123.5576171875,,1,1
32/img_003.jpg,32,img_003.jpg,.jpg,40830,True,640,480,RGB,JPEG,5cf40b2f1328cabc1b054af7cc664bbf40475724a11abf6cc75354c43714de4c,7ecf553431d49c1a2e9c5a73a35796717a7c915353895d8de22c9da5b96de756,859434343232b030,110.70556640625,1502.2999267578125,,1,1
32/img_004.jpg,32,img_004.jpg,.jpg,35651,True,640,480,RGB,JPEG,8a60ad9dc73e67e528f5c5c92d7466a97585616ca483829f7ebcb0e6501723dc,4a9a5182921ce383ea4c552f8225bbb17743f534d3b5c91894126b7c90da8ef8,4f1333317151b0a4,140.646484375,910.9083862304688,,1,1
32/img_005.jpg,32,img_005.jpg,.jpg,35313,True,640,480,RGB,JPEG,59ed76b8c303b6459ebd22511d736149d4917afb5b4f733ae44fe5dd5283b5c1,f62de705b36a73dba74c2ed7e53fd7cf18361069898d21fa704a885097713089,870f2b693373c188,158.683837890625,1176.7681884765625,,1,1
33/img_001.jpg,33,img_001.jpg,.jpg,37935,True,640,480,RGB,JPEG,fc9aec8392616bf4255484d5a480234ad835c65de7dd672f617dd1e25cfd593f,178e0115f16406d85933496c2daebed23e7e5db9ddf5bbcbad1962ec13238de6,0b536765e16d2f03,121.26318359375,1342.873291015625,,1,1
33/img_002.jpg,33,img_002.jpg,.jpg,61674,True,640,480,RGB,JPEG,a057e0b28312bcd4d82ae64567987f21fb9749dc956ff4f78892953c4c31f93d,a200f6440fab5512358d37d2ab070e30aa912d822306e1b6c165632efa6d0c81,4545cd4f4fcb9c0e,139.54248046875,1850.184814453125,,1,1
33/img_003.jpg,33,img_003.jpg,.jpg,64270,True,640,480,RGB,JPEG,60e751c26de32ba292e3bd3e1a6f7fb5d6aa5938d35bcc0367f073c777b91b7a,9d84e9f81bd24abab1b2f0fcab1e61cf694ff512273662e2e1e752558994b3ed,ce8f2b2b6371516c,136.860595703125,1116.443603515625,,1,1
33/img_004.jpg,33,img_004.jpg,.jpg,33688,True,640,480,RGB,JPEG,c5da021e20dc060226411e6368bccb4749142e03baf7c90476b1be72b29b8f19,a6f0baca4dc808b23b185c1992c97d292af88bb215480df29c730371230577e8,8f1b1f0956b1b1b3,137.603759765625,1038.470703125,,1,1
33/img_005.jpg,33,img_005.jpg,.jpg,34547,True,640,480,RGB,JPEG,ec5372f07935b0634b375905af531a4e13362916fbc9c6e3768aab0754d5582c,c48cceec65cdcae19104e61bdf227a43308c704092d0b8830fe51d406ee9769e,8b35253171787816,130.4501953125,1126.99267578125,,1,1
34/img_001.jpg,34,img_001.jpg,.jpg,38061,True,640,480,RGB,JPEG,661b1a3df94abf54486134ef081f58fab3daaf105d32b8879766a0e7e2e64f5b,44df346030bcd481bde0a7c9155f9ef7385926bb4b5e0913c99b89bec68e9fae,4b476761e16d2f43,120.607666015625,1374.00390625,,1,1
34/img_002.jpg,34,img_002.jpg,.jpg,53833,True,640,480,RGB,JPEG,eae6b4de40ab83fa3beb28d546c12a48ce9a83b736938697b5787d28800d9870,082926c0d9dfdf5eb7faad931568a3bffcc58a025001b1a2d141d481f68a2993,26634f1b13652f1f,126.45703125,2909.2998046875,,1,1
34/img_003.jpg,34,img_003.jpg,.jpg,37155,True,640,480,RGB,JPEG,f2182090714b4859dd4e909fe6e748c3de719edee4ac672d6af1a1d3f3d238ce,f64d25f2631591670d494554487a0013a604f43b749d7b29569190455f008cdb,9313294d0e1b3157,134.036865234375,1394.84375,,1,1
34/img_004.jpg,34,img_004.jpg,.jpg,35381,True,640,480,RGB,JPEG,d4a0444f9b0a3a7a194ee071a7ffd676fd9f070e3211288737b136af77ec2f38,906b2831ab8b16b223aa6755b3000cb551cfaca2397e87aa4b9590d256018234,4f9393377373b0a4,141.248046875,763.2548828125,,1,1
34/img_005.jpg,34,img_005.jpg,.jpg,35334,True,640,480,RGB,JPEG,8a9059afd22f5e75066de64e5fce2d03799f675be3fd7055871cf9b047901242,ecd21e1ede7816fa97c44a99404c2761473296cdff021cef439bf8f35e4f14d1,260e2b6d3773c188,159.33740234375,1154.19873046875,,1,1
35/img_001.jpg,35,img_001.jpg,.jpg,36734,True,640,480,RGB,JPEG,9867204c997dcf6ea2154d962b1ad908cf9fbd36138c70cfa6d4773d5a4bcbdd,6622c59b677346536347bb1241a82676bb49af1cefdb17501620d66f6565ae65,0b436763e16d2f43,119.418212890625,1379.7283935546875,,1,1
35/img_002.jpg,35,img_002.jpg,.jpg,42682,True,640,480,RGB,JPEG,28c746e6e0a14791da08e689b3087b4546a385a59fe991c8da6e5ede4aa1775d,632ed1342719bb8f703d357a301c52d25d756cc8f0cde0812b9d8d4fc1dc2382,1e98d838317161e1,107.632568359375,677.4464111328125,,1,1
35/img_003.jpg,35,img_003.jpg,.jpg,32796,True,640,480,RGB,JPEG,92867007cd74e38d6f7cb80f8338c7d8a56311aba127ccf08ed55401b77bbb62,3f071c84a8b536584e557eed82c3fdb8f60f957a79bceb79fff0fdd75032aad8,6c6879b0a9f8f87c,101.616943359375,822.6013793945312,,1,1
35/img_004.jpg,35,img_004.jpg,.jpg,40889,True,640,480,RGB,JPEG,951d6cca3aadc9fe064d049bcef52a1e9310e46a67212e5278ea9811b76f1dd5,e8559a8d4fd4c8e9bfd33feecdfb46ddfb1b14ae87f7b3109a358c60ea3f8461,181e33732b7f3232,146.17138671875,1045.961181640625,,1,1
35/img_005.jpg,35,img_005.jpg,.jpg,43972,True,640,480,RGB,JPEG,450d5849006be6502bd88ab6ed6b76c2e969f26b71a9d7e6971cc64cc2c9e4d9,eeb39b2396466401f13bfbca50a9df70d863a9ebc50de29ba34e4fc2ba3642a3,735353bb6767271f,113.324951171875,1751.513427734375,,1,1
36/img_001.jpg,36,img_001.jpg,.jpg,38364,True,640,480,RGB,JPEG,ba76d41bd4e92bd47de2362a7d5bd46a62b2c3e410861acb0ee1ea7a2076d6cc,8f737f27d905090cf003eb1d02deafc5d3acfd70eec4a0ea56fd6b8caf069d8b,0f436763e16d2f03,119.6826171875,1391.129638671875,,1,1
36/img_002.jpg,36,img_002.jpg,.jpg,38905,True,640,480,RGB,JPEG,29792e266a673d8cdb9556c9a14893e39f2bb028f624e3d7b591b0c6faa8d5d6,927a0a13d989468ecff8fb25dd7f4b3beb54ad2aa7a0639812e4bdaf1562c9e9,1e03737363e17848,128.566162109375,1216.8521728515625,,1,1
36/img_003.jpg,36,img_003.jpg,.jpg,37640,True,640,480,RGB,JPEG,0e259c82e859c91c5db66a14aaf0237174cddad8ea45c8b98849705acd0f6655,71b3d6c4520c9f4aa61ec93890731dbf3731646cba34ca21e9febe9c225c8cf3,9313296d0e1f2537,134.7529296875,1433.9541015625,,1,1
36/img_004.jpg,36,img_004.jpg,.jpg,32602,True,640,480,RGB,JPEG,2754dd0b2dd9117903bb25054393c277eea1f2844a07adb81941071ace91eb31,a6461483def833708c1eb345c23dc967725be5f7dffddf0c16a6f90fb5b41693,d8ec862464f1d1e1,111.2265625,984.97412109375,,1,1
36/img_005.jpg,36,img_005.jpg,.jpg,42389,True,640,480,RGB,JPEG,dfe54652c5344a6e63cdec8cc1556d13ed1dcb889ab06de22efbe0497c1faf11,ff8e8d01f0f6d0b8a224db6415e5aa903f7b1fa582a7b8b9a41a2d2f167a805c,13391d1d13330d0f,118.627685546875,1834.847900390625,,1,1
37/img_001.jpg,37,img_001.jpg,.jpg,38038,True,640,480,RGB,JPEG,4990fb7d23876d661a8b77830314d3c449fc9850d299093ff01ca74bec8c5b67,b2ba9360ddc133daf0fc7b74026980013ec6f9317c9b7368580d6214bb823721,0b476763e16d2f43,118.41064453125,1416.6419677734375,,1,1
37/img_002.jpg,37,img_002.jpg,.jpg,61121,True,640,480,RGB,JPEG,2b089bee7ac7a2ef28479cabfd37c8d4779fb5510584f09cd42741709be5f3f4,299b68127a7c70d1c2a9afa403623d095b0eddd8e3f048a0c1a913bd2d0dfabe,5745cd4d4fcb9c0e,139.98193359375,1871.1517333984375,,1,1
37/img_003.jpg,37,img_003.jpg,.jpg,34074,True,640,480,RGB,JPEG,f8874230ae5e2a60016c3e48fc95a8ffc6303ba99d230b34206a24392e7bbe68,4f6ea808a8ef3d131bb2b329c9e3361719e8e84405cd7b4b97ea101c421662a5,f3c39925252f3c3c,128.725830078125,999.296142578125,,1,1
37/img_004.jpg,37,img_004.jpg,.jpg,34680,True,640,480,RGB,JPEG,3f3ba6e993f894353d369e62db8fd6a49d6cc9fcea6ce0403887c70140564337,322f05146a72ad338b9ea9ade86d09578ac04df5849a88335ddb736052cf81e3,3673732f2f273f3f,115.1240234375,1318.93505859375,,1,1
37/img_005.jpg,37,img_005.jpg,.jpg,48029,True,640,480,RGB,JPEG,c91fabc4b3d906afe19ea12ed873d563583c50d5cc1e206727f7851005919f21,f8feeb15b12a1e84af515a8d560d3681e530a30e360f02a6c8d7b67f65c10ab2,933f3f4b4e334f4e,134.05029296875,1291.00927734375,,1,1
38/img_001.jpg,38,img_001.jpg,.jpg,38465,True,640,480,RGB,JPEG,8b7a66ae08f0718074655b285cb8eb8a3f33be1d824ed771d707a1f50fef468b,c38d47bdd59ed5b32fb758641b0adb48cb4f0487b806f2585fcbb26f203813d8,4f476763e16c2713,118.39013671875,1449.128173828125,,1,1
38/img_002.jpg,38,img_002.jpg,.jpg,39121,True,640,480,RGB,JPEG,bb49e88ac113318e8b09b112e0adcd5a16bc86214fc20e01819087657ce44707,cdfc0fcd9e0c6e4109f9b5d3b2f8e7fe2e895c7d893caa3187e13d0c58dee9a2,1e03737363e17848,128.177001953125,1240.5008544921875,,1,1
38/img_003.jpg,38,img_003.jpg,.jpg,31527,True,640,480,RGB,JPEG,d48ddd308d13c2ca9877d0547e862e47c6bfed450e39db716330de496090916e,ff7cc2c8e951a3516fc947a5f20f41a28eef7dc8ac240548885b98ab4e5bb5bc,1b29293d31797039,139.36376953125,710.1167602539062,,1,1
38/img_004.jpg,38,img_004.jpg,.jpg,40127,True,640,480,RGB,JPEG,b9296007c2c58d8f210a541a19bf2c6b973c859651b385368fb6b3f7fe47e43e,3807772efc75d30a7f7e477eeed5a2a09efa9a93c436f8556747fbc23fa3abaa,4b4f437272d0781e,109.50927734375,962.739990234375,,1,1
38/img_005.jpg,38,img_005.jpg,.jpg,39320,True,640,480,RGB,JPEG,246434e9951fa4ea51dc66bf5ca82f951515d7cac102a5c87091c2a24f017ace,01a900c2c9e91df0db88ba28db7175393bead8aa03eb8dcfc633925169970e5d,0e265b5bc986a123,125.104736328125,2143.61376953125,,1,1
39/img_001.jpg,39,img_001.jpg,.jpg,37931,True,640,480,RGB,JPEG,45e5d150ed58bff241601c8dde83667737d4b2447d3cad903a477f82ac759254,cf08b40ca387fdb99163ac667d1774ca60b4487ff91ebd5804f4da4889bc7766,4b436363e16c2713,117.9052734375,1414.81689453125,,1,1
39/img_002.jpg,39,img_002.jpg,.jpg,38985,True,640,480,RGB,JPEG,1f0b33e07d58439b3e791bf496f55567932f069bd56849d7f05cfaf15411640c,cc3e1adbbe86c7871557ed761480c1720f423ea8e58a66aa5d6f7dc11427aa52,1e13737363e17848,126.81689453125,1257.885986328125,,1,1
39/img_003.jpg,39,img_003.jpg,.jpg,33377,True,640,480,RGB,JPEG,e0d16150941f34d39da54ca15481ff51ebded60e8ced9bcae8d515708d8cee2b,34a811c18ccb328ae65bb7022083b0de7fb42e08ef7503187d45f9373ab6d0c0,f3c39321252e393c,130.443115234375,1023.7158203125,,1,1
39/img_004.jpg,39,img_004.jpg,.jpg,36861,True,640,480,RGB,JPEG,bc75eed60bcda4126204eff392d7ef06377f030227e51c04b708e9bb251bff63,11e141adf166b689d50c50bc0455fe04c92633d1064473242b84efc4cb8fde11,862333233373715d,118.020751953125,1223.9052734375,,1,1
39/img_005.jpg,39,img_005.jpg,.jpg,48143,True,640,480,RGB,JPEG,40f663f41da004b4658ae58badaa7c32f1584f0cf6f15883ce65d08d51024c51,561e416886558715c7b0e96eee8c8e4d6186f0d0a84d7a6291faab36b471d288,3b3218337330ccc8,134.379150390625,705.865966796875,,1,1
4/img_001.jpg,4,img_001.jpg,.jpg,38665,True,640,480,RGB,JPEG,540746a68c6d236a382f73d0a73cc55596c647e4034c8fffd83ba8db91a40b3b,75018ae620d1114babca74ba8e63cc48f025fb2c3dbdf0d017c2b5532442bdb7,4b4767e3f1696f2b,125.005615234375,1492.297607421875,,1,1
4/img_002.jpg,4,img_002.jpg,.jpg,42567,True,640,480,RGB,JPEG,c7d156d2c589a6bc8ba073b14c64d2c52906edff1d26505f91aeb9bc7ec0ae90,4a42e2237c1d771a9be8cdea4b230b2b60a79b650c72f15f1e8b23963b280800,0e88d8c8d1b1b161,105.289306640625,619.699951171875,,1,1
4/img_003.jpg,4,img_003.jpg,.jpg,38602,True,640,480,RGB,JPEG,51a893541be4c3ac56c3d6e18f1f48eb67b6b44943df07db5e5ef91fd6d71bf7,804de16e29a59390c86de2dfdf5befc9677bfaa71508b40e1bfae127f5d91172,4b4767e3f1696f2b,124.985107421875,1493.664306640625,,1,1
4/img_004.jpg,4,img_004.jpg,.jpg,32419,True,640,480,RGB,JPEG,ed6c44166668b7d395212ff1ddf6325f45a3749e24bec7fb1ef6516f5a4dd95f,776d8276438587b97170bafc5c110cbd7d8c2b6f421d4da97faf9ade861b6ac1,d8c2226273f1d9d9,115.242919921875,803.77197265625,,1,1
4/img_005.jpg,4,img_005.jpg,.jpg,45154,True,640,480,RGB,JPEG,fc1eba4f58f4d512a64ccf5b08b5dcd9a8719a71f4e3c21b672759aa6f9b39b5,eaf7bdfd87f398f1a2160555d512b67d73dd71dc0fc58ba1ebd39f95eae45288,132d754cce31390f,106.888427734375,1989.0751953125,,1,1
40/img_001.jpg,40,img_001.jpg,.jpg,37759,True,640,480,RGB,JPEG,23605e9a93b95f1cbe032a1f3ddab434e93edaf5467a92b62d17552be8859030,325d563a40ef7ce3de0f732e804574ac99c3372f128dc4aaf5d8c4175df5ed7c,4b5b6761e14d2703,121.31884765625,1286.517822265625,,1,1
40/img_002.jpg,40,img_002.jpg,.jpg,56953,True,640,480,RGB,JPEG,ba37b626513b8986d0c72c5cca6a1611eae765e9c481b856874b993e61161a87,28bba826cfc06db6cb60c83203674286003053142eb45d0d39e5e1114f11d6de,26671b1513e32b1f,122.662841796875,3150.13232421875,,1,1
40/img_003.jpg,40,img_003.jpg,.jpg,31990,True,640,480,RGB,JPEG,4c51065b91050a83e7ff8a788a4f7f9e10f6eb3eacf10baeeabf1bbdba1f14cf,5875d4223e4f2c36f7d3fbf2a4e90f287020e9355206a0eec3798d6b4a1d7373,7c6d78b2a1c8d878,103.241455078125,734.333740234375,,1,1
40/img_004.jpg,40,img_004.jpg,.jpg,32310,True,640,480,RGB,JPEG,db70d37264ac24ce95facf3f019054cac68082b501d32e0ee57faac713cd0278,109c19645589f833f704590dd41ef1a09289ed05ea32c98531ecb9d857456d36,d8ec8e2c64f1d9e1,116.442626953125,912.834716796875,,1,1
40/img_005.jpg,40,img_005.jpg,.jpg,41706,True,640,480,RGB,JPEG,d56782baebb9faa56f2f7cf0426b8c2b86e6db198cc880d7c2b32d37cef52aca,20b280cc8d2c83e733413fc106c45abda1823b3095b616b6dbce0f17bc24088e,132d113b13310d0f,116.088134765625,1827.742431640625,,1,1
41/img_001.jpg,41,img_001.jpg,.jpg,37999,True,640,480,RGB,JPEG,df638f1d34b683f7f927beb40522c92db1b271b3d15dc60741f24ecc322402a3,603867b8473791a643225a5181a4fa752f12e0c241af85fe0d71550d9c6c2903,4b4b6363e16c270b,121.217529296875,1321.0989990234375,,1,1
41/img_002.jpg,41,img_002.jpg,.jpg,57561,True,640,480,RGB,JPEG,8a8fd5c319255f8a9667bf2537fc60d4cccafcab23323005ba247069afbbeb01,aefad1d35add5915945b3618507bd702867a3e61f85bc4e1dcf9ffc0017abd33,26631b1a1ae32b1f,122.95263671875,3224.850830078125,,1,1
41/img_003.jpg,41,img_003.jpg,.jpg,38076,True,640,480,RGB,JPEG,1f1fa6baab3a45a2b3d8d374c699b9734d314956cf5a5a9160423243d5f47108,2300df27ceb97dc119f149101f18a735733c3a1ab6eb2f1b5297f65cdbdb5edc,0b4b6363e16c270b,121.275634765625,1321.746826171875,,1,1
41/img_004.jpg,41,img_004.jpg,.jpg,30893,True,640,480,RGB,JPEG,800cf5e37100256b76ce96e49c73731bf858b42311b42f2f2933b0ee54abffdf,114fcdbe46a334ccdfd1998666ef0f5073d19abd8eae4869324301d2a83a9c39,0f0b4bd999952e32,143.81787109375,1045.049072265625,,1,1
41/img_005.jpg,41,img_005.jpg,.jpg,41248,True,640,480,RGB,JPEG,c899a38904312ba3cff254400627ddf87dddbacaec2f4673a2a22a624cf5ef66,5434b4d45bbd5e1b743686df01cb5d4b3394ba4acdf34c375c48e4b59c07510a,313d0b172417070f,133.662841796875,1573.836181640625,,1,1
42/img_001.jpg,42,img_001.jpg,.jpg,38099,True,640,480,RGB,JPEG,ae7591e963dc98a6508f5672a77ee41a0b7ac44c39f349d72fd800cecf0caf6b,c30191943d1ce1583a81c674c5eee8a6723c057558f2ffd2ea02b232b51f7df0,0b5b6363e16c2703,120.810302734375,1352.941162109375,,1,1
42/img_002.jpg,42,img_002.jpg,.jpg,60395,True,640,480,RGB,JPEG,0d8b5cabc460fb9924231b1b56efbe80d2397c119e7fa7ec2be1e04cdbfdaa3f,da0e3a6c32dcbb987910c168bbbdc4bfb7f9ae9fdb3a2322b0e1c9b26296946f,57454d874f4b8c0e,134.83642578125,1826.500244140625,,1,1
42/img_003.jpg,42,img_003.jpg,.jpg,33232,True,640,480,RGB,JPEG,c9b03e03a4d95411cae2e428ae1625206a21c72b90e23faa09a78f80481ade3e,642c74765d06bda4f4280b3339c9266a75bb3d3c8b9a6b08fae6c66e413ae8c8,e7c69829393d3c38,130.080810546875,1080.2689208984375,,1,1
42/img_004.jpg,42,img_004.jpg,.jpg,34961,True,640,480,RGB,JPEG,d1d73462354b3d6c2fcbf1995bd8302569ef51532896087707e07fe4f1d29d77,e622b2d10643b8bacaeb6bff97a22d569fbae191e03ed7fe2fc006e09f465626,8f1b1b5b51f3b1b3,135.038330078125,1009.0665283203125,,1,1
42/img_005.jpg,42,img_005.jpg,.jpg,32946,True,640,480,RGB,JPEG,65345921bf54fa35e49cc371d6362de712296b6413efb09d635fa8cbbd88f436,a2e8bbc58d57bfd0bd14b68e1f2d3fb8b5fb8b5845bf7626cffbef0c86db55a6,8b39293331797006,134.380126953125,1159.114501953125,,1,1
43/img_001.jpg,43,img_001.jpg,.jpg,38459,True,640,480,RGB,JPEG,9b3f855b2121c1998b4cb8579f9676463fa4bff278f6120e35ee7359b76ce5a9,01fde705ea867e33a2192d4276da9542a199b0233cf3b2b08e64b7deae161002,0b4b7363e16d2703,120.682861328125,1404.6328125,,1,1
43/img_002.jpg,43,img_002.jpg,.jpg,59615,True,640,480,RGB,JPEG,0ba6d448596b11c630ff37bf6fed436d1c99686d5bcf569529a68c40671c93e0,29cfd7c91390f178adb564f2391188d144adbeae9a536a2b3ea7e634f15a3f5e,574545850f4b8c0e,141.6689453125,1782.291259765625,,1,1
43/img_003.jpg,43,img_003.jpg,.jpg,39146,True,640,480,RGB,JPEG,01e798e8ee1158c64f5c510862426031b61bcfb4b6f3097649eda8650999cfca,8bb7473f006b803bbaab855348b48793249de0db27531109eaa5c75fadd350c0,1e9cc4f62667e3c9,109.132080078125,710.4306640625,,1,1
43/img_004.jpg,43,img_004.jpg,.jpg,35834,True,640,480,RGB,JPEG,30c86e0e457e680cb4958626840667f0e009041f6dddfa342f01a297ce68e9aa,ee632335605cf3b50d46fcf7e7441c68a7e37ce0d643b01f5d82251b07396a17,8e372b7b0dcd9d96,145.41552734375,1340.295654296875,,1,1
43/img_005.jpg,43,img_005.jpg,.jpg,35665,True,640,480,RGB,JPEG,acbbb3acbd9bee45c39ec65957eecbda004628a83c02b97ec6d1c7eb7865ecba,b4bf9400a1deeec911fd50c78fc4f705afab4dab9d6edd206772a1bdd89f147c,2e26666763617166,143.14990234375,1409.1015625,,1,1
44/img_001.jpg,44,img_001.jpg,.jpg,36889,True,640,480,RGB,JPEG,c868c123f823b67fd46e2b7531c198175b333852d53daa6c3b87e0cecc33fcff,b7227f2974886aa4992efd39d12e6acbf01f718dd88420326fe0fe9caffd1ce7,4b4f6161e1496f13,130.354248046875,1483.980712890625,,1,1
44/img_002.jpg,44,img_002.jpg,.jpg,38830,True,640,480,RGB,JPEG,01f0d19f9985f3019a6af3f32b658d79fdc99cff46505dbfa62acfe952fe4352,1c643f5951de3d324c71edf425a2f3f5bdc3fe33f8618d643a9752f4418755de,1e0f637763e17848,128.480712890625,1204.6837158203125,,1,1
44/img_003.jpg,44,img_003.jpg,.jpg,38600,True,640,480,RGB,JPEG,6335676f0ff228016a92032a59410d0821e2533b72f4b0352a07293f3b2dfbca,583e51d5accc0eb3950f2e2157aca3a200a7a714a31d3013a2f65395428dc717,ce9c8c9dbc3a60dc,130.32373046875,914.4874267578125,,1,1
44/img_004.jpg,44,img_004.jpg,.jpg,45411,True,640,480,RGB,JPEG,fbe3e607cafb6b226d4bb2375cfd5801f30491ff77d4bbd3f6fde224d3d681cd,6565448130a1e29dc4a2f7e75f727a8fbd3a937f0617d00d1fc2685558401ee6,2b6f47a9612b0f0f,117.62646484375,1351.591552734375,,1,1
44/img_005.jpg,44,img_005.jpg,.jpg,40589,True,640,480,RGB,JPEG,3c3aaaef74a963b4a7f64bb7f56c41116602c18ba0198d5855fbc4980693a3d9,fa491c317b968a5bb4bef638ba60aba7cfb8ae875cf2b4a045a9671d6655a20a,969234948c53d31d,126.30322265625,1610.4556884765625,,1,1
45/img_001.jpg,45,img_001.jpg,.jpg,38643,True,640,480,RGB,JPEG,7ddf24aa7124738ec96402961e321f606badcd924909e16b2655e4164a63946a,f65b4ceb1215da6f98a3c9e6b4fa7cc1287edc2a1c774bff8ba195da83c9cb1f,4f576565f14d6f93,121.1767578125,1448.7882080078125,,1,1
45/img_002.jpg,45,img_002.jpg,.jpg,38571,True,640,480,RGB,JPEG,160eb10cc4721ba2b6819d8ec2a978c8d0ed512e4b0f83b54e5833fc19a03115,95a00f7db075d5f540864126ae99bb6b8ee2eab7bc6d1b043bc44fcc5a106e66,1e17636373e178c8,132.353515625,1213.3013916015625,,1,1
45/img_003.jpg,45,img_003.jpg,.jpg,38656,True,640,480,RGB,JPEG,993e62fe12ab275dc646cad72a46f4f26bebd425bded68856dd7f16fc3f0b4ec,0c2706f6dc9c5b4f152c78c6eaa7235033a442b3f95f24a467f3d541dc5b3956,4f576565f14d6f93,121.255615234375,1447.926513671875,,1,1
45/img_004.jpg,45,img_004.jpg,.jpg,35908,True,640,480,RGB,JPEG,18aee3c1540fd5f62ccc167744bf45486f4e0a721d36a021a0a63eb7d4ac234c,f774baa6b14b7aa1ca26d3f478169013307c309b2bf3ce1f07a34830ba8f2d7c,260e6f273373e1d0,157.77197265625,1221.907958984375,,1,1
45/img_005.jpg,45,img_005.jpg,.jpg,32273,True,640,480,RGB,JPEG,90a3866bdd43fba9d4a03465b0dbb60727e813905ef31f8c9fe86df4ca8ec504,4e7c244967167bf4560f259daaf5e59a0003141c51d4de89815e4423fbf63839,0b09453533733333,140.419189453125,613.9400634765625,,1,1
46/img_001.jpg,46,img_001.jpg,.jpg,38741,True,640,480,RGB,JPEG,3c45f37a1a1dc6ec0ad2ab580e0ccc3445e3ddb84170d85ef11e3ea98b85eeee,9394993e6e080c1e27393545da68c7605280ef7b47bfa57cbe4284d174814feb,4f477763e14d6793,120.40087890625,1507.26611328125,,1,1
46/img_002.jpg,46,img_002.jpg,.jpg,42396,True,640,480,RGB,JPEG,edc8e00d1a2c4cd78fb3665dc6fbd0e30e0ff20898fadb95e9f53bf3b582dacc,0179616780071b896fc451bf31a4c6a6d7b6aaf325a8dc89437994096fb5a0de,1e9ac6a46667e1c9,103.857421875,770.9945068359375,,1,1
46/img_003.jpg,46,img_003.jpg,.jpg,33280,True,640,480,RGB,JPEG,2336ee06734f5a610fd2152362022ea2ad31a1124cb314f95d15140c38783c7a,2ae3c7b5fa7ccd9909ecab64cd4a0009c0a887572ed787bf6ed187d7b62c2739,3b2929313179a139,140.00048828125,892.3958129882812,,1,1
46/img_004.jpg,46,img_004.jpg,.jpg,35693,True,640,480,RGB,JPEG,7838f8008950c1b93ae156bf267a23005d89beb630c3a473a853d2cc4c694b1c,ad4a1b34eb4f70e4ea5a13c6674fd3c30986ff1c027790b6e186eae6df7b255a,4693131b1170b0e4,147.832763671875,862.5065307617188,,1,1
46/img_005.jpg,46,img_005.jpg,.jpg,35972,True,640,480,RGB,JPEG,aee16ea7f91cbacc9db78a533bd650b5c9b929a3f8f3a4176eb511f33bdd3508,227bbe7b2e3114b7399f05de4a51796af72b210ce0d9ea0a6c6ee8bb0c39659f,260e6f273373e1d0,157.5732421875,1235.3897705078125,,1,1
47/img_001.jpg,47,img_001.jpg,.jpg,38805,True,640,480,RGB,JPEG,6454f4b9844f5eba62cef1e5276cadaa31ca21b5e55640b1f8b0aaa3f8ac0232,7109a2019f973b8805ca10d715ab76535f2738a1cf87d6fc7b337246aa047370,4f476763f14d6713,119.858154296875,1531.08984375,,1,1
47/img_002.jpg,47,img_002.jpg,.jpg,58263,True,640,480,RGB,JPEG,be4ae3256beacba9b79b5b03eebc07d5dc68b69d09600109235b824e14335ae9,8a655b0da938d86c33812e190f8ce7dd73e225fc67039fff201a53d5f1712ae7,16232b2b3935ae33,139.146484375,3234.14501953125,,1,1
47/img_003.jpg,47,img_003.jpg,.jpg,37016,True,640,480,RGB,JPEG,8c397a195455607b85d9517480c838e2f6cab1cb04d07653a72e661e1ca8a00f,83675fca7c8aa1754534a56a04e512b2747a611cd03989733dd4ba1cb36eadd8,097d6576f2637a1b,91.099609375,1546.3466796875,,1,1
47/img_004.jpg,47,img_004.jpg,.jpg,38163,True,640,480,RGB,JPEG,0732378c657d4dfdbdb9c71d1520ec0b004842ac27407748d6fd568ffd4ec2cb,885e4a03fd7978d05a027811f10bbd39ffe38f1385494a116be8169174b63146,d3e389999894951c,131.670654296875,932.3974609375,,1,1
47/img_005.jpg,47,img_005.jpg,.jpg,30366,True,640,480,RGB,JPEG,1d4c023b4b148ecd500e4121da7521c8f72bf6415431fa05777a41186bb2171f,64c9f85510cee8ff7841340932391199617fa3acea6f38cf31cc490ad0c6709c,8f93332333330f4d,113.982666015625,769.72607421875,,1,1
48/img_001.jpg,48,img_001.jpg,.jpg,38808,True,640,480,RGB,JPEG,bf0a964a88d315010a5dc2ef099382fa009d514e2a00a3795f0eb1ff9e5e2136,11be61aeed80596253866dd2cfc64f23049bc6cc04734e8228b2073428f3b216,4f476763f14d671b,120.69287109375,1529.741943359375,,1,1
48/img_002.jpg,48,img_002.jpg,.jpg,43203,True,640,480,RGB,JPEG,a3a5b3c6c413608812ec5530ab1e1d6e52b81cabac0a2c6a73a1913b4bf334c3,709e45a9b8d4c2c0002da24593d845e98601e152efb20d04bf841913f089e114,1e9ec6a62667e1c9,106.05078125,829.6270751953125,,1,1
48/img_003.jpg,48,img_003.jpg,.jpg,61173,True,640,480,RGB,JPEG,6c9b4bf332c23cf415da523b22aad1caf9821447ee3d735d4968e4fe6b94f3ee,2749c70bfb683132fa3fbc9d028781d11fb220015182596a829a21a7b94b56f6,93392d1d0d32290c,118.87158203125,5236.3583984375,,1,1
48/img_004.jpg,48,img_004.jpg,.jpg,44866,True,640,480,RGB,JPEG,3e58b078ca87884298a94daa80a75ea1bd22fb9e5f99a8507722a86dcb235ee1,bd0124a7ddc6629b3752e68045d010b2e367bd3e63345e687f1b32646941f333,5f7bc30f3363370f,117.20166015625,1840.267578125,,1,1
48/img_005.jpg,48,img_005.jpg,.jpg,28914,True,640,480,RGB,JPEG,23273805e00602032149b2496c0b943b9124f11990c5e6a323d30eb3a0c3192b,d1c786b79e508a8bb72c0ff79f215ab644a9e88a96a13ef81f45f696c39d95c5,4ccc4f363233b371,142.280029296875,944.50537109375,,1,1
49/img_001.jpg,49,img_001.jpg,.jpg,38753,True,640,480,RGB,JPEG,5342e0f7ed0650de830332c29188342030c92100317e2d85939268c9fc945926,6dc13f12879f7274a88e86f42dc8a8179c09806e24528fa2796ac671f2db55cf,4b476363f16c6713,118.835693359375,1562.755126953125,,1,1
49/img_002.jpg,49,img_002.jpg,.jpg,60532,True,640,480,RGB,JPEG,ee1d02650c6d11f3702409b270e3768b66cc8bf28c982c418f4b6431a9ad7dc0,6f729956b7aa4a9f9a5c9a9d1bb821212ca17c0ccf8515b09ba0e12ac60965b4,4745cdcd4f4b8c0e,144.220703125,1828.019775390625,,1,1
49/img_003.jpg,49,img_003.jpg,.jpg,34683,True,640,480,RGB,JPEG,a12839e03d23d19f9e321a5f4e4f124aa7de50aee6319e983ee5ed1972c40b71,641e07ff427e7f66608f6853e4c471ca265e8e928b1d83c41baee16aff27ac72,f3c3192527293c98,128.72705078125,1174.671142578125,,1,1
49/img_004.jpg,49,img_004.jpg,.jpg,40296,True,640,480,RGB,JPEG,ee6fdc10655cd552642f3ddc0693fca152782390807ac551fa59cf6fccdf552c,46335770a03fbd5fa602e4b90dc0ccfed549c081c73ad0ef57333344469ef51a,8f036d656566704d,121.978515625,1313.343994140625,,1,1
49/img_005.jpg,49,img_005.jpg,.jpg,37987,True,640,480,RGB,JPEG,e62085c1e9c95c3fb614b8b60f06252858893e60748976df45821af4e6e62571,32868daee4a7ba84ac751f5f68f934860ebcf9e98e4c0abce9a0e03a43c17d94,1f1b6b61b0b89123,128.0673828125,1024.015380859375,,1,1
5/img_001.jpg,5,img_001.jpg,.jpg,39158,True,640,480,RGB,JPEG,9f87b3c04b27983e85c3ab62bb15b35a76c305990591d017dd8ff3fc5bad3dbe,b0593444fc00d73d9969949c714b5fac768a85cfe51c682db66f8d0301782ac3,4f4767e3f169672b,125.700439453125,1523.810791015625,,1,1
5/img_002.jpg,5,img_002.jpg,.jpg,41858,True,640,480,RGB,JPEG,741ac83d23776752186f70616678c44149b2c6b7e89c75b544501cf9495f0d80,534e9d61c867c4e0cf51999a303264218ef65cfef32d3f13f428d221b3785bd3,0e8cd0d0d3b1b161,104.707763671875,645.5850219726562,,1,1
5/img_003.jpg,5,img_003.jpg,.jpg,63592,True,640,480,RGB,JPEG,37b8d8dff804648835d5696350203eb03955f269a01688ec48d9b8783431af63,0092426340925e795b06e84b246b5946f83f60510f6698aefe59bd483d89f506,cf1b030363637960,140.790283203125,1203.6094970703125,,1,1
5/img_004.jpg,5,img_004.jpg,.jpg,27462,True,640,480,RGB,JPEG,613f6323c4d1d4a664e62c92b1304af9159a590352606c682dcaa2fe4cc53d47,b5537c64041cb228149bdef9a2deb3207f5ede50634837761e5daa9b9208df68,ccce8fa33673f371,138.80029296875,664.703125,,1,1
5/img_005.jpg,5,img_005.jpg,.jpg,33603,True,640,480,RGB,JPEG,8201aa2457d56c6b4fbb92a3b814ba695b806496abeeb6456a15a97ecbebf448,b01843c390f2d23b176ec14bbb642b3815cb15f00428d656d67063f2a9df0f04,8f0b3b1b3a3868f4,138.020751953125,1071.274169921875,,1,1
50/img_001.jpg,50,img_001.jpg,.jpg,39156,True,640,480,RGB,JPEG,a689da712ce7dd5321450541db95f2902ac1ece7a4f0e84f3470247907b53c24,791815c33020b6917d4b848d38b82d0e4ec3b2515ff9f2b583bd860bbeedefb1,8591342031b1b828,115.4609375,1477.787109375,,1,1
50/img_002.jpg,50,img_002.jpg,.jpg,39318,True,640,480,RGB,JPEG,18533b526cf4d544927752373d60c1d1c7abcb7743c14440bede4b1b2c311f94,3aa101428a59ac718fe83b193ea44e5fbc49d04e6e4cc14e7bcd77b8332be52e,1e07637363e17848,131.64599609375,1258.69921875,,1,1
50/img_003.jpg,50,img_003.jpg,.jpg,36837,True,640,480,RGB,JPEG,950d387cab14fc0b8983f6ee62ffe899648b2f2958e11612f7ccb74f4151545b,4aa8669351898086d6e3970e27e4a69e7391fd2f43105f68b17328af901233af,8633292d4d0f2d17,136.583984375,1640.017578125,,1,1
50/img_004.jpg,50,img_004.jpg,.jpg,40696,True,640,480,RGB,JPEG,0c0522e0d40dc0b71d97a2b15ac9e86e13aa311f44bb153b5175ae636fd114bc,e18b439c7f1ec159317803b7e881173a60a929e142c6a5fd8649b3301f541c33,969232929d5db31d,123.22607421875,1546.774658203125,,1,1
50/img_005.jpg,50,img_005.jpg,.jpg,39350,True,640,480,RGB,JPEG,e961d3c122ab5227876dbca4e27cf9e4df82b091032dd12a4baaf03ad32c178e,2e09da3518f01ad03078fc86cd244f1d17cec7436e7f8cc77a6e3dcda66c9b62,972733696951d979,104.3896484375,1137.242431640625,,1,1
51/img_001.jpg,51,img_001.jpg,.jpg,34729,True,640,480,RGB,JPEG,5945e658e715435ff79a37dae5f979e63ba39ac60769c1b804cd235c72824cd3,4da5060409ae3c8f5e415fb5150e562cf619b74b258a968d5134f3aa464d2e90,f3d3192726291c98,131.293212890625,1120.95703125,,1,1
51/img_002.jpg,51,img_002.jpg,.jpg,37967,True,640,480,RGB,JPEG,4388cb51a14a724c78f6fa1a7dfc5cc5a8ff82e99b9300e98e6d7b3e068e7db3,d3fce45bf2ebc03a5c33dc0bfe014dec21c93007b3feabebf48a780adb6101be,9b332d25471b2f13,138.246826171875,1590.4912109375,,1,1
51/img_003.jpg,51,img_003.jpg,.jpg,60487,True,640,480,RGB,JPEG,956179a7756f696bced4d4cca37c2f89124b4a7925803ea7f26e52afe133ba36,5df5a688a8602a2a79e86a645357d838b96425cbdd68a3f9382f7165086150ae,4745cdcd4f4b8c0e,140.386474609375,1877.317626953125,,1,1
51/img_004.jpg,51,img_004.jpg,.jpg,34946,True,640,480,RGB,JPEG,29d88d2a03c2995a55568a826bfde27485bf5c157ffd2ec8745e1292021f2b40,545a006d6181321b718429ef275d77a2102b859659439bcc52d87f4cb7224c6e,2b4b7d495b093587,112.90234375,1853.1826171875,,1,1
51/img_005.jpg,51,img_005.jpg,.jpg,33283,True,640,480,RGB,JPEG,0ff7f9e31e0a74c48473e008543dced94177a326f634eb9c8ce763ac12fe71e2,5967ea916f476aaf3716be012d0775d4d1583282270f2aa142e571d301a518be,8e86666667e37971,144.671875,1298.1260986328125,,1,1
52/img_001.jpg,52,img_001.jpg,.jpg,41623,True,640,480,RGB,JPEG,8368e91fc171fa43ac3d10a31f71dd4070d4a09ae14cc2f0d298f0981aca6b52,dc55e394ef70b595bce3f31e9701ac030e818d156413928ad9bafc076783b43b,8595342439b0bc28,115.416259765625,1667.3941650390625,,1,1
52/img_002.jpg,52,img_002.jpg,.jpg,32682,True,640,480,RGB,JPEG,8ee0ebf605bf94173314fbfa584b9a514b6cb1c70bf3465a4c2805ac3c4007b5,85a9b864867ac164c8e2ecb732e82ae949c1b90cf84fd52a8320a8c7d0c97108,2b4b7353490d3787,110.478271484375,1533.464111328125,,1,1
52/img_003.jpg,52,img_003.jpg,.jpg,38910,True,640,480,RGB,JPEG,07eaa5c980736fbee3a96cb676b6e813863a115e402643cf7bae178eb67a55b4,e01b03d02e2f381cd50b56f494b9c34872b0d00a94e8cb7a5a3503297bb390c7,1e1b636763e17848,133.263671875,1221.1409912109375,,1,1
52/img_004.jpg,52,img_004.jpg,.jpg,34515,True,640,480,RGB,JPEG,0a29735f50052b742c6f9319f1e6356466d69e5322409f014e006a9fcf93d108,9fbe3ce8682cf442036f94f3e75cd0c2958921cb9e15f4f9fd94eb65ccf1e8b5,9713293d6c66869f,145.67529296875,968.6019287109375,,1,1
52/img_005.jpg,52,img_005.jpg,.jpg,40904,True,640,480,RGB,JPEG,9ae050b8ebde89314ce793f5aa8d24c1c5ac6654cbc47757791e3aa0ddc0a02d,45929870d973b74a513b961fde1b5b27a21f01c663b9d63cb6c062e88328a623,1e73636b67737959,124.44384765625,1357.348876953125,,1,1
53/img_001.jpg,53,img_001.jpg,.jpg,33103,True,640,480,RGB,JPEG,f4bb05210f6555f2fcbefa494d99fb81f5692e939dd7ae0c127ec3dc8ae9073d,9ede6d79d0b984531f10062fcfa1bdc2690b26d7a113bb3fdaf40c9a4196098f,e6c790830b1b3538,129.7705078125,918.9739990234375,,1,1
53/img_002.jpg,53,img_002.jpg,.jpg,37287,True,640,480,RGB,JPEG,8fd82aeca4f6042c821ab4ca614a168d8cc4fe6bbc10f1cb339a0d28bb5b3888,5edb82cede81104f08f71606b135da03fb4d312609b6298c00eaa7ea0afc76cf,8e132d4d13392f13,136.9580078125,1449.412109375,,1,1
53/img_003.jpg,53,img_003.jpg,.jpg,61373,True,640,480,RGB,JPEG,eeb3d5b7dd34cc8fc79e1b85ca09922ef82d986cbb436e8592b793a7e9d7bfb7,85695d052b6622a89187a7ca1f7757522e4dc3fe8331672a73901a9ebd3df2d1,4745cfc74f4b8c0e,137.77001953125,1750.1727294921875,,1,1
53/img_004.jpg,53,img_004.jpg,.jpg,36737,True,640,480,RGB,JPEG,a449ea0361a3a0be4fa20d8a56e92e2f6dc6425ddf587c9991b1734f371c7acf,62d9cfe1110caf68c6543839cc00c3a5fdbb2acd260e457ea76ded13f4ebe1e2,2b6b5b9b133b3987,114.48583984375,1544.3111572265625,,1,1
53/img_005.jpg,53,img_005.jpg,.jpg,33343,True,640,480,RGB,JPEG,06aa0c5d1e7663012ee289ef849df399cf4cd05f8b794b4ac5b5b92301b63633,c3f87a0fd5865b264726bb65fcd23355e910a7c5146744ef128e3a66c0df3819,ce8e666663f37971,144.578369140625,1314.5673828125,,1,1
54/img_001.jpg,54,img_001.jpg,.jpg,38639,True,640,480,RGB,JPEG,d5adae27d5ddda4d250dfcc1cf5c63deea5bdf808734656b7461cd2f2ff162e2,66a4d3086bd0074374361b39989bd9a6a72231cc083bbebc5dd9502031ef30bc,0b4b6363e1486713,121.82275390625,1455.5631103515625,,1,1
54/img_002.jpg,54,img_002.jpg,.jpg,61316,True,640,480,RGB,JPEG,d6d92d4e433bb859ccea93ccab5a4820bfd76154a8040606101e401ac69c4006,d4a997e2a32e46745991cce7bc15a714ab35c290a8a28f9cc9b85d9c396cee55,4745cdcf4f4b8c0e,138.479248046875,1859.3463134765625,,1,1
54/img_003.jpg,54,img_003.jpg,.jpg,31766,True,640,480,RGB,JPEG,dae8899433d64d92cbe098ce72434dc19df2e8e548d5242c95f90cafbbf81ae7,048ae4a57d717b61d0b1256f05fbf247c3a628158753f073d1eb37d8998269b3,e6c7968b09193438,129.5810546875,861.131591796875,,1,1
54/img_004.jpg,54,img_004.jpg,.jpg,45781,True,640,480,RGB,JPEG,5b93f19cb73e9d8da2999a2714056a41481a122089d1d53189316dbad14c5529,d4ee773ebdc9d417cdb2cae6a0e043bb96659d6461208ee53ceeb9d1fbdc9278,2b6b5d29717b0f0f,119.241943359375,1359.4326171875,,1,1
54/img_005.jpg,54,img_005.jpg,.jpg,40900,True,640,480,RGB,JPEG,7563802480abfb0b08b2e3e6c2d076b908ffd7235ffa6678da30dbd5254ca606,6aaf880886c941dcea00c42fe5a1484f5dd023ebad6666a793aab523502ac6f6,86123c959953b31d,115.5068359375,1450.15576171875,,1,1
55/img_001.jpg,55,img_001.jpg,.jpg,39018,True,640,480,RGB,JPEG,3321d14bcab1fe5ab31797658cb519f3b5c24fb6ad517bebb62363db490741f2,cd7af06912d3a5c2f9820adc18a7d37743f4bceb5b76aa23b9d8b7228d690a92,0f477363e14c671b,121.658447265625,1515.9384765625,,1,1
55/img_002.jpg,55,img_002.jpg,.jpg,42461,True,640,480,RGB,JPEG,ddcf13980866f1f2aaf00914048c8fb695761abc12755a8d530be701b94b4770,7492e793e40a16a57d4d7e98a078822ba563aec4acb6e9272bca581e7788c529,1e9ce4266663c3c9,109.27099609375,784.6652221679688,,1,1
55/img_003.jpg,55,img_003.jpg,.jpg,33355,True,640,480,RGB,JPEG,476aeb98fab163b28c9b9e4b5e57f6c70a5fe22495f2f032267856667a709d6a,d00ae520503d5ccc26407c7ffef9984f5ee4e25f58f1ebe8d18478f0d06a0778,33275b4ba33be131,144.07275390625,1099.257568359375,,1,1
55/img_004.jpg,55,img_004.jpg,.jpg,32259,True,640,480,RGB,JPEG,c8575fac4a498e52f6aa112791d435d0f1e090ca01351011da3e10f96653f143,2022d3bb5ca7d608f130a553395f5fea33552aaef55ac03cde18f4d0472aae53,d8cc8e2e65f3d1e1,116.62890625,971.2156982421875,,1,1
55/img_005.jpg,55,img_005.jpg,.jpg,43709,True,640,480,RGB,JPEG,ed7066664101af4263f6fccfd207d70c95a6028f324bfd76873bd35932072de5,65a1de4aac971682bd2c3e1d3a006aea35eb9bc31c6022305a39396b315df388,13316d6d17311d0d,109.510986328125,1943.9766845703125,,1,1
56/img_001.jpg,56,img_001.jpg,.jpg,38650,True,640,480,RGB,JPEG,8109637b44e24f0807e7b629450eea63e170da015b89863801841a4c4fae85a3,7efdc611e4fb6c639a932475edf8e2f85353827d04fab6d13b8a2af1a795f91f,0b4b6561e1496f17,127.951171875,1459.905029296875,,1,1
56/img_002.jpg,56,img_002.jpg,.jpg,43482,True,640,480,RGB,JPEG,4ee0dfba32e0926fde41c356e91cc23dd4bd6c9ecac3c48e3e72e96230608ccf,54f97fc720108cb4e768870f51587612e90c21fc12e8e292b0c17eb240acacb2,0e982436b2b363c1,105.698486328125,841.3167724609375,,1,1
56/img_003.jpg,56,img_003.jpg,.jpg,65809,True,640,480,RGB,JPEG,cdf558698dbecd22c577e2d8fac907da78203b447e28d3d29ead160a009f3707,bb98778987dcc354afb24dc12131512f6c1c3ab0eeecf76322753a7221542d39,4e4b736977737168,134.154052734375,1343.3411865234375,,1,1
56/img_004.jpg,56,img_004.jpg,.jpg,38945,True,640,480,RGB,JPEG,b6ce9ca10bd536bef2adffd2a6d3ab5ca0ec0450f959847c4f4b89ceb805f9b3,6055e4813a2014725e11dcec0fd373378936a34da84de04f030c6ad2f79f4caf,cbc824743331b006,100.799560546875,1122.282470703125,,1,1
56/img_005.jpg,56,img_005.jpg,.jpg,36524,True,640,480,RGB,JPEG,97b26f2f400f0b2cebd3824bab781ce5b36e087aba5a299b6764719726bf6080,2b21e3327698113bfd8686a63cda18da1fd66d7274a9cec9003a5d7b481551e4,072b5353597de881,140.294189453125,1221.7755126953125,,1,1
57/img_001.jpg,57,img_001.jpg,.jpg,38839,True,640,480,RGB,JPEG,7283b6a061a0c845efa3bea5cf445d987d4c1bd769deb3c993eea62cb87da642,615a106a324c2bbbb0dee0923000ec0924324084658cfc1397b1603730255512,0b476565e1496f13,127.439453125,1480.93115234375,,1,1
57/img_002.jpg,57,img_002.jpg,.jpg,58201,True,640,480,RGB,JPEG,26fdce3593dad7bcb60f8979b6c313c56054cdb30a5d282e49711dc07f84ef49,fac65a5790eda53f8d2ea25ae08a5b55cb1af6b10e515525ed6efaec580f2785,16330b2b2b35ae33,140.7294921875,3153.5498046875,,1,1
57/img_003.jpg,57,img_003.jpg,.jpg,38687,True,640,480,RGB,JPEG,7110bbb8da10bac91a5cc96bea4138bdc2d21923b19294610d0ac4feb777b00e,78861f713a36192f4a5d18b8a7235e39fb21c9daf4d899f30106c276a7589c5f,0b476565e1496f13,127.50390625,1484.9306640625,,1,1
57/img_004.jpg,57,img_004.jpg,.jpg,29814,True,640,480,RGB,JPEG,dd9ccbb5a8f0f171cae3d4607ff0cbad02def9344729f447b2b8eb049fce3a9c,1e25b59bb4e880901de1f2c4fc205c567ca91e51296e9be9200622bfc92527e0,cc2c2e363633b371,138.474365234375,1011.0302734375,,1,1
57/img_005.jpg,57,img_005.jpg,.jpg,36920,True,640,480,RGB,JPEG,53f6282a54a13b0ab53ff249f0915ec3f403c534b3257ab5619bd29053197d01,c7bf32ad3222bd0c83d9ef030048216c48a64330127597c4dc1fae56316a9025,36370b9dce0f73e3,103.906982421875,1467.8663330078125,,1,1
58/img_001.jpg,58,img_001.jpg,.jpg,38716,True,640,480,RGB,JPEG,5a2ad40cc89a73dea39090c8410f6dbc2b55b5206b3e8796bac02b934c10244f,71ebcc5e1384061b943abaf3f2583380dc47f6c5dfcb69e290a826e6f75b5333,0b476761e1496f13,126.72509765625,1518.919189453125,,1,1
58/img_002.jpg,58,img_002.jpg,.jpg,42879,True,640,480,RGB,JPEG,103a7bc80918eda12d02f9b0b4e2cba53922ee3ef0b40fffa600e14654939b04,0360ae33b935d8b0db9d2417c94188a0b7dcc60bab89e5a481a7094a433e954d,1e3a223632f363c9,104.060546875,811.5794067382812,,1,1
58/img_003.jpg,58,img_003.jpg,.jpg,57210,True,640,480,RGB,JPEG,048fe6f16d3d50bdbe4cd3b88d567f582d1f42c63644b4341bd28b31d3fb306f,91a5aa3af0c841fc068439c0227fc7cc61dbd51fdec17378db6a23f508897107,5b5b63733373c9e1,128.021484375,1285.6107177734375,,1,1
58/img_004.jpg,58,img_004.jpg,.jpg,41643,True,640,480,RGB,JPEG,3f15c43793b6978386ed14e09b08f790656cf5201b8e0c4260d3c753b6a915b0,8282adc37edc6494d38ea9bc1e4e15bfc4b0f501cd07bfad25b841b4491ac5f7,252d2d3572391948,131.8544921875,1480.874755859375,,1,1
58/img_005.jpg,58,img_005.jpg,.jpg,33173,True,640,480,RGB,JPEG,d1214cfec80c99a95a39f24f43c946dee84270b58d203bea799609d5fb13d1ac,8ff5e112aacc68b67030b3e9dd8a84f0c223e09bfcf9341c923f3cbdd77f597e,d0ec6c6e2de7d1e1,115.15625,1101.10986328125,,1,1
59/img_001.jpg,59,img_001.jpg,.jpg,38743,True,640,480,RGB,JPEG,7ae0afef3e7689051c6f212147bb26a7f250bfec29f082d98364efe55f9b9236,0d8a1d095bc1931104137b3edfea643a5492a1e878b8c60f82545e0522f2cde9,0b476765e14d6f13,125.3115234375,1537.782958984375,,1,1
59/img_002.jpg,59,img_002.jpg,.jpg,39325,True,640,480,RGB,JPEG,712ccbccc4a11dc72905af7fcae4dddb42db4347a086abc9a78380426e39b319,4c7e5d8be5677cf5b385e271b29f8b2ec9c8973305c1e73b25cd6b05735f42f8,1e67637363e17848,127.185791015625,1368.1904296875,,1,1
59/img_003.jpg,59,img_003.jpg,.jpg,42029,True,640,480,RGB,JPEG,8be7a6fe2465e1a410be68f135f39912fc1a75dc2e9af05626ec22ab7d3d3405,2aa0b918027439070343439ee4c7223c26ef1ef54855caa1e3d09abb0dbe7eed,8591202024343038,114.378662109375,1628.021240234375,,1,1
59/img_004.jpg,59,img_004.jpg,.jpg,40250,True,640,480,RGB,JPEG,cc1b6d7abcdc0f03414f8265d9243398d078cfadb93ba370548d62252ea8fe26,75ffe6133d8709d946f3b43bc4c989517e76dc244e60b5e92d02956c2038a8ca,3b2d717152797078,110.537353515625,1804.975341796875,,1,1
59/img_005.jpg,59,img_005.jpg,.jpg,40497,True,640,480,RGB,JPEG,68f485e3da09ed28961590d07317806af4575e4b04c6ae4ef2d9cc83683ab650,220f12823eea157486f2df9587a6c8646d9e71546a9a8f0e14a63d8d2d9bdc34,4e170f0d4ccc9e92,149.523681640625,1156.8646240234375,,1,1
6/img_001.jpg,6,img_001.jpg,.jpg,38729,True,640,480,RGB,JPEG,87a5961f67b04f39c32e1cc517c78ddf725853b3456b64166ad34c09550aff43,01c1bd1aad8f84670b9a0a2ccfe84da1c1f6868953d8f9192ba0ead12a6f02f8,4f4767e7f169672b,124.53125,1528.5205078125,,1,1
6/img_002.jpg,6,img_002.jpg,.jpg,63201,True,640,480,RGB,JPEG,8fea6d6ab56dbdb2459921f0298afd498bb86aeaecb7ba533782471f2e17f146,f14a6841a65f306dab561ea95034a5c74881579fc3615d52f8843de2247b2e12,33694d3a3b71610d,115.84228515625,3704.72314453125,,1,1
6/img_003.jpg,6,img_003.jpg,.jpg,32910,True,640,480,RGB,JPEG,c5c85ec48437ce6090650add066cfb2cce23e712ec267aabbb74a9439308a135,3d85b01a99b314809baf7df58b0adbff564c804f765ededa239a183448f2d6bb,e7c791a90d0e3834,135.4580078125,879.6856079101562,,1,1
6/img_004.jpg,6,img_004.jpg,.jpg,37484,True,640,480,RGB,JPEG,7e19838ab195b48372ba8dc044dd49ee9ff841024b261d2dbd9df050061a6c47,e46d3f4dc643fb1cf5156a96c9caa660d7b928eb16f2e7789629e7ac2165d84c,0f3b6161e1e8ad2f,126.971923828125,1066.330078125,,1,1
6/img_005.jpg,6,img_005.jpg,.jpg,39246,True,640,480,RGB,JPEG,00660447f5acabdc79d474e1f0a3ef355724de2c6301b31bb197569c4274a1d0,f738d9bd9ee3e05ee62707cb162e0e2d88824def037e45656036731ace00c668,0e0f35294dedf999,145.99169921875,1149.7296142578125,,1,1
60/img_001.jpg,60,img_001.jpg,.jpg,39113,True,640,480,RGB,JPEG,19b9b4c260912347e51b81aaa562e1870e1d8285002b7f5ce5485e15a5f43353,0f2ba086b4441f99de67503e6cb298795fd465fc38b4a3a038b28dda18027a0f,0f476761e1496713,125.521240234375,1558.505615234375,,1,1
60/img_002.jpg,60,img_002.jpg,.jpg,42376,True,640,480,RGB,JPEG,0118df8dd5f6a4dd59a26fb3732de59c77425cb805ec7e102b5b7cb5520c872a,235cfcd0da3d54337c171f6b074b2bdc6b27395e815cd70a17af8ccc19048404,1e9a2236b2f363c9,102.337646484375,852.68505859375,,1,1
60/img_003.jpg,60,img_003.jpg,.jpg,32666,True,640,480,RGB,JPEG,72f2e787226eff86ac2f82a3b572177f2bf8d3fed6d4dc22a021c97b733060c7,1e0f68d58e08be9ff1c5ad24b517682591d6fb46fa67f06ed7e529bbd28c95d9,6c7031397929bc5c,108.24462890625,795.81298828125,,1,1
60/img_004.jpg,60,img_004.jpg,.jpg,42930,True,640,480,RGB,JPEG,cef861f6bc099727d292909d282739a7c0ad5cd26ddf2492e656abc15b9a314e,f1b370e24ad4e0912448056c17a87560cc22f9cb0e20f628a49573fb6dee0984,4f7bf3873363371f,119.99658203125,1793.92041015625,,1,1
60/img_005.jpg,60,img_005.jpg,.jpg,29931,True,640,480,RGB,JPEG,53dc466bd3e6f3afda5a70e544b5dfcd9909f0c3a2797b8c8bd5f470af97bbc9,3c97380201098b68c9dfe59d8db4e6e454624c6bdefe42f10c59083f5e335632,cc0f2f323333b171,137.25927734375,1034.28369140625,,1,1
61/img_001.jpg,61,img_001.jpg,.jpg,38773,True,640,480,RGB,JPEG,392116ecbe26c02106182cbd6b8a489dca56cfa89c065e6df0c14f3e3da072e1,d4f80aaab1d75b5d2d464eeb8c846a862f3e0e8e17f4aedea2de53d4adc504e8,0b476763e14d6713,124.153076171875,1540.9708251953125,,1,1
61/img_002.jpg,61,img_002.jpg,.jpg,39234,True,640,480,RGB,JPEG,bb8488d2fb4f5c9b9ec4a95660856313a1ca8b1bd98f465d40313c0bc74f8bc6,c62c3591b2fd1df3ebb2a7353ba7b8b89bc9e1a4015f67bd9ca2da38621f9406,2b4b978f4f8d3c86,123.475341796875,1721.536376953125,,1,1
61/img_003.jpg,61,img_003.jpg,.jpg,59759,True,640,480,RGB,JPEG,0354054586dfc90234f6a1b1ce834a615df4c8c79e422385e6ec6abaa7ec792a,253a17758cc68d0830f50c73cdedd5349cc4035432c3d9a9fab857edc133b5c1,47474f8d8f4b9c0e,141.86474609375,1850.353759765625,,1,1
61/img_004.jpg,61,img_004.jpg,.jpg,36416,True,640,480,RGB,JPEG,05d9ce2102ed5663513d0d331df1669fbc210a7bfa3b2e2a67b62a1405ce45a0,e12554109a28102c81eb8d3ebdd5c093bab52133c2ad0f1346b2ab2db8805983,0e2a7a73396169f0,126.85888671875,630.7000732421875,,1,1
61/img_005.jpg,61,img_005.jpg,.jpg,34129,True,640,480,RGB,JPEG,520de021c44a63539060c5c5fd8e4fef7e7af89ac907bdbf748524d5471548a1,b795380b9c3a90ce2097b7d8aa73336bebe49dfe00e39a718c28da07bc441cbe,981e2636676762a8,122.184814453125,1178.363037109375,,1,1
62/img_001.jpg,62,img_001.jpg,.jpg,38950,True,640,480,RGB,JPEG,75a7c097b248f7d34e3a62a2dcb358d5702ca9247d4263f9427e521bd82257b5,06c151a5d59f9a8707f320ef842eb8a357dd39afcd252f880aa78b2c45d43e6e,0f476761e149671b,124.4462890625,1591.370361328125,,1,1
62/img_002.jpg,62,img_002.jpg,.jpg,39808,True,640,480,RGB,JPEG,97f5798721900631c3416c432c09df24deaf6655996bd2af1fe3511e5dfec317,67d852c0e60724e480bb842f8de3c5077ec0e963fe722f22ad489b20266f4e9d,1e67637363e17848,129.695556640625,1350.663818359375,,1,1
62/img_003.jpg,62,img_003.jpg,.jpg,42541,True,640,480,RGB,JPEG,84ce3fe2efa8b375cbce0ab74c6846f4cc07302b6c8dad4f8ddde813395b4d64,bf20776577c551f733f2f08a6228733fc98179fcf2a7b4075040484544a58788,1eba2232b2f361f1,105.5068359375,854.6263427734375,,1,1
62/img_004.jpg,62,img_004.jpg,.jpg,54812,True,640,480,RGB,JPEG,d490add1f288c26115ab36969256cb9184810332e331b6be8b07c08d6ff0169a,20e7dfd1353a3a87d4537c7dc6682478ff08fa71d14b5a2978ffea2c400416f0,881858d2f6243133,127.321533203125,1077.8172607421875,,1,1
62/img_005.jpg,62,img_005.jpg,.jpg,45811,True,640,480,RGB,JPEG,d0f3667373bef371dc4678cb844909ed635a8e1a2f1184e4d0298e3452391571,bd7f7c4286185bc7dd5317a6ac765555c08d4fb4be6a0fe816ced7e5e9816aa9,37276565cd33210b,115.039794921875,2088.34619140625,,1,1
63/img_001.jpg,63,img_001.jpg,.jpg,38679,True,640,480,RGB,JPEG,beb35ef574d5d0f4773db2bde963153f13fe69e993368ea4f9974549cb77e827,e31b56166563138ca87db698a27a9b5f49d670d3be6d93b6a433d4e523fbb637,0b436363e14c6713,123.4970703125,1596.81689453125,,1,1
63/img_002.jpg,63,img_002.jpg,.jpg,60779,True,640,480,RGB,JPEG,925d68b813e5ebc9eb37330027d2bda345a14420457bc7d88069b9ce5a496904,950c3804d999f73299b129052319b1a2c04c8b4877a0421be37dd73438cfa943,47474f8f8f4b9c0e,143.60107421875,1895.24560546875,,1,1
63/img_003.jpg,63,img_003.jpg,.jpg,36104,True,640,480,RGB,JPEG,ae90b797130efbaa88c07dbf3c16b87ab74c204b35c7db8c59a5b94cae9737f7,61fbfcbef3b50e0449173f67eb580b8b7ec15f9f113d25adbed73f5327480a46,cf0b232b37336971,137.94482421875,1289.4873046875,,1,1
63/img_004.jpg,63,img_004.jpg,.jpg,39525,True,640,480,RGB,JPEG,728826ebed8d1e080bb43cc323a27165dac9d10a4749d275cc7428bf9bacdcdc,5aa6a3982fb4f56a4cd10dd17ce71b19ff75a03adea9956c07b1a723eace956c,8f3737333161702d,126.320068359375,1234.833984375,,1,1
63/img_005.jpg,63,img_005.jpg,.jpg,36191,True,640,480,RGB,JPEG,7de7cfc1384324c6d051fc8b3bbadc11b583fe1df38e157e5bd7b6b0c2047327,a1b75791cddda85f2f3b2e1d6c45c073de6b7b1d368ffe186085353281f611b8,0f1b6d71f4ccc403,131.350830078125,955.7210693359375,,1,1
64/img_001.jpg,64,img_001.jpg,.jpg,37965,True,640,480,RGB,JPEG,29045e688c2b5476c3415938c17be36de18b4556980c2777168edc7a924f505b,fd7733af835cc3f3ee9a1d9cac679eb517c5cd5efdf3d9c598ecae8122c73308,0b4b6561e14d6f13,121.437744140625,1345.5087890625,,1,1
64/img_002.jpg,64,img_002.jpg,.jpg,58702,True,640,480,RGB,JPEG,7c8183d55ee11e226202d6e89aab9c3c9143ce4ea08139336f7f11ab1c49280d,ddc549e0c6f07f22697414040328b269325a06c6c3ec55a28c0747744356dea6,47458fcf4b4b9c0e,141.890869140625,1805.0341796875,,1,1
64/img_003.jpg,64,img_003.jpg,.jpg,34549,True,640,480,RGB,JPEG,02c29c465aeab13e401a160526a41d72ca2357e5fd08ee3a6e6a5fe0e90aedd2,26173be43e82cd9fc0375a3820cc5c1a7a2ec513d315cc631a4cd6c287ca5d4e,cc0c232b333b6971,140.23828125,1211.7181396484375,,1,1
64/img_004.jpg,64,img_004.jpg,.jpg,37495,True,640,480,RGB,JPEG,146a14add92cd69d769e34cf72657db3ba074eabe550511e7d49ef68a5268425,5dc0ee0daeba8bce4dae584481a15d110f39fdeb5576510e0b30ad3fce7632ab,862773636373f17d,120.03515625,1385.4207763671875,,1,1
64/img_005.jpg,64,img_005.jpg,.jpg,47749,True,640,480,RGB,JPEG,a05953aeabeb5be3f3ddaafa4dea5fe16a9f9cdae7be896e4742b1d0f876ae03,7e8caeab21221e024b237aa7da6334f0ac32ddc6d7497a23c90a2af153953867,33303131733cccf8,132.7568359375,716.3327026367188,,1,1
65/img_001.jpg,65,img_001.jpg,.jpg,43413,True,640,480,RGB,JPEG,d7ae7a9895ce42409db7787a89bd1c02a104a01d070d447126493722dcd679e6,22b0af8d099380fc872c1cd554feae34e1b56245d5d211d349de5593ec67cf75,8595302129243438,112.72265625,1755.7352294921875,,1,1
65/img_002.jpg,65,img_002.jpg,.jpg,38143,True,640,480,RGB,JPEG,6a6ebdd5e5381f90aedd045685b321fe12b2ddcf1a971601d7697648f4b37373,0d61d4c58312d51f33c985ccaa6554641183f3f78473264d17a1d75f9ef1c7fd,1e6b637763e17848,131.089599609375,1280.34033203125,,1,1
65/img_003.jpg,65,img_003.jpg,.jpg,35115,True,640,480,RGB,JPEG,590176c5f0621907e7324d976fb6ce25227b48dad3dce4e71fff6e4dd01b3062,d21c92ebfebeb467704f9e4222c4aed57420ef64d8d212f3e2149e508fb0359b,cc0d332b373b6971,139.138671875,1265.646484375,,1,1
65/img_004.jpg,65,img_004.jpg,.jpg,47575,True,640,480,RGB,JPEG,405c6a5ebc9faa0cfcc06a2326ed260f162469b4134561ab87238e10c93c5571,9cc081338db7ea5625965db3bdd7d01ba9d3e2c0e0e1a3a621b651e9712ffda3,3b30391b733cdce8,135.181884765625,729.2752685546875,,1,1
65/img_005.jpg,65,img_005.jpg,.jpg,35101,True,640,480,RGB,JPEG,267de3ee0c80dbe8864d984a93a4754712d909ebe18c5b010f09fb5f596ce897,3b2307048a7c3030cc33ab6b0ef163b7b3869d0678990f0140d919b82855f913,0f1b5b2b7672b0b3,134.564208984375,1279.1549072265625,,1,1
66/img_001.jpg,66,img_001.jpg,.jpg,38013,True,640,480,RGB,JPEG,77f96c218f1f4d8b92e20e3f78ef350c603b102f63e9b69d3b932870007305cd,61de21ea77cf571c6bcb37c1e8bf4eeff13cc73ec513181f70fcc552fe0a94d2,0b4b6363e14c671b,119.123779296875,1364.116455078125,,1,1
66/img_002.jpg,66,img_002.jpg,.jpg,43186,True,640,480,RGB,JPEG,f3b6d36f5b602fe643f0bb9f664eb763b4e593249c445713dba44fe980cb75a7,e6c46d8919dd0740c97030baeefe93cdfc3d771de3ce8c27cb5665e90aa0d7a4,1eb83033b3f361f1,105.9775390625,816.960205078125,,1,1
66/img_003.jpg,66,img_003.jpg,.jpg,37937,True,640,480,RGB,JPEG,706575acd6013d150607c6f0ac6f8784322033ffb2861255c95fc259f0f9d70c,4f296a333a441d952109bb565f4b8e21f5ae01d5193bfc8f5e97393b1d480cb1,0b4b6363e14c671b,118.9814453125,1366.5657958984375,,1,1
66/img_004.jpg,66,img_004.jpg,.jpg,40094,True,640,480,RGB,JPEG,e69d78418cd2caacadebff626d674ad4f946a137dd196f4eb1e3b896ee940bc6,a396fd1dc3bb41c5d29fa1ff7ae6d2c5b583a95c12b32e17f2620f07817117bf,1e33232333736959,133.766845703125,1243.134033203125,,1,1
66/img_005.jpg,66,img_005.jpg,.jpg,32548,True,640,480,RGB,JPEG,078bc60d28075e0ac76b94d6c2685ade6e5c139f85fd271cc225eb2a9def160d,83acc69b07734910148c5b975a7f763cbf285d1a06d9ad0484139c76b1240edd,4c8e3b3333bb7178,138.00244140625,901.5789794921875,,1,1
67/img_001.jpg,67,img_001.jpg,.jpg,38511,True,640,480,RGB,JPEG,fb19b2a7bab78ece111c69bfc0556af9943e3b0b481877cfc74cd91404f724ee,276ca1967f51a63e04174567181205221c22c5f1e69d439674f69bf0396e483d,0f4b6363e148671b,118.646484375,1436.3172607421875,,1,1
67/img_002.jpg,67,img_002.jpg,.jpg,37197,True,640,480,RGB,JPEG,0bd22e040e5caf41d301628d0783e2453f0069d6db815dcc8da9025fed8b6635,4d5e6037422148837c534a08ae60db0cc8c883d47cb884811458112b8f68c313,0b1b1b4b9e1f2586,119.25390625,1621.4805908203125,,1,1
67/img_003.jpg,67,img_003.jpg,.jpg,41630,True,640,480,RGB,JPEG,71567a97369df2f0be20d029f72781fd146771d4ea0ec2e8a320d993de7f85b7,6bc1434efce1e8faff055b60084d636ff68c2350cd4f7e73419837a022d6746b,1e36223333f361f1,107.200927734375,793.7416381835938,,1,1
67/img_004.jpg,67,img_004.jpg,.jpg,34334,True,640,480,RGB,JPEG,e6d7aa65e52c84692fa7ead7fec15c1104508405e4c4e1ae2e0e50ff7f4c871a,51b71a20202fb9cb07b0b780334fce69777cf1918f176746d37f1a6d9f3a9c4c,8db5113330388ce6,119.64306640625,1141.1470947265625,,1,1
67/img_005.jpg,67,img_005.jpg,.jpg,38483,True,640,480,RGB,JPEG,9438edbdcf877233d36067fbabe781b624e3ee3b87f99fedc2b28d764db6e394,20816c43149f8bf9c7c2302972d10085982abb13a89cf1e4f7f28e07533ef5b4,6f6b67696361c0f8,143.1396484375,808.2498168945312,,1,1
68/img_001.jpg,68,img_001.jpg,.jpg,38985,True,640,480,RGB,JPEG,6376200ffdf4533efac520c61d64c30cf0875c5445a9fcd81ab6dda87d646051,02ea2e8fd23bc5eeefcd5d94662f141f4d107fcf2aa2e6b041601613052d3b82,0b433331f14d671b,122.11279296875,1379.9891357421875,,1,1
68/img_002.jpg,68,img_002.jpg,.jpg,39029,True,640,480,RGB,JPEG,a6f548062483d88cee5439b35973a9291b8ae8837efc2d2d326875d66a18c380,ebf824fc601f6cc5ea269c6d28c98fdc760b76a87e0858400d243024bb2828d1,1e5f637363e37848,132.95263671875,1244.01171875,,1,1
68/img_003.jpg,68,img_003.jpg,.jpg,43011,True,640,480,RGB,JPEG,735cd61d93e10087b9f8dacc59dbfb12663e4234c40781cfaeca3a6b4a3a2bf7,e13aefcbd32e05b9a010fc08c4746bbcc7c49a68f859a942bea8a4fecdfc6257,1e94a43636e363f9,108.258056640625,781.5704345703125,,1,1
68/img_004.jpg,68,img_004.jpg,.jpg,37534,True,640,480,RGB,JPEG,a1c8d7e89a543707c3e306165688dd13d89a16a25b11c19c572cf814ca4fbecb,a1fe944457b581c6c2863d18e91fa7a0e6345ab5c1b3a355b3184786a112777b,0e2a722b656b71e0,127.00146484375,639.2473754882812,,1,1
68/img_005.jpg,68,img_005.jpg,.jpg,35583,True,640,480,RGB,JPEG,1ff82de21e4ea82ab54b228eeec4b2bdfe84f6d261f60ddd0cab2d33c19063c1,75c99b88189e31b64b09069a7e23b0177ebd7cbe3d335cbe8232076baaf3cc4a,1c6e646767e3c94c,120.325439453125,1126.4222412109375,,1,1
69/img_001.jpg,69,img_001.jpg,.jpg,39011,True,640,480,RGB,JPEG,ce0054bb6f959a3bdf14301c1ffa4c5b1bb39670729273cf37dc4873015e775e,566c5a16683f124e5a4449741dcdf6e12869a34b36530efdc2ac066f0eab0bce,0b533335614d671b,121.74462890625,1427.5263671875,,1,1
69/img_002.jpg,69,img_002.jpg,.jpg,60621,True,640,480,RGB,JPEG,2799f04f1f6b49e145067f8a37c7a12ce0dbf93ed380506591bddc74bf88c00e,cac44368b23015267ace032cb57e108aae3d4f7376692aa07e70a514b12417e8,47458d874b4b9c0e,140.968505859375,1862.2431640625,,1,1
69/img_003.jpg,69,img_003.jpg,.jpg,41140,True,640,480,RGB,JPEG,32c6de1b2023105f205b666de37301f76b122fac6d68b485559ab74369f8a6e7,b3234d1a900be346fe3a3fee594b8676a934f983de7f95eab15b35f92db545ce,1e9a3232336361f1,106.777099609375,788.13671875,,1,1
69/img_004.jpg,69,img_004.jpg,.jpg,57099,True,640,480,RGB,JPEG,aa804e29127c14706fb7b2561816817d13972d21e12dc562bebcac09e6254a17,32eb745f44a0ceac4e618878b2d45d6967bcbfb776b0e8e00f2bff0be360bfbd,0b5b7333735bc9f1,134.209716796875,1338.3106689453125,,1,1
69/img_005.jpg,69,img_005.jpg,.jpg,33464,True,640,480,RGB,JPEG,b56e9c3fe174f45403262fc672f9dfa4c721b65974cb0d5e2afe268b5d6a92f3,50aabd0204137737b858e06ca7a8bf1439d192fe1e68540b13188a3d336f4f1e,3b235b37b31b6368,140.720703125,948.117431640625,,1,1
7/img_001.jpg,7,img_001.jpg,.jpg,38830,True,640,480,RGB,JPEG,6be9aecf943b64124c73bd6168ef3d49e4970d66027646861114f7d0ffde9196,7ef632489dd4ed0d39215a51a34f9ab2a8f01510c109430097bde0dac45e4851,4f4767e3f169670b,124.4326171875,1583.033935546875,,1,1
7/img_002.jpg,7,img_002.jpg,.jpg,60094,True,640,480,RGB,JPEG,5208e165c59018a893c2ec103b0e195b275eed548723960126456c6f7ab60a0e,48123e48a5efde04aab8234f630c3f1bb51b48bca1d7b82db7ab19f84594aadf,474646e723498c8e,133.707275390625,1765.500244140625,,1,1
7/img_003.jpg,7,img_003.jpg,.jpg,37046,True,640,480,RGB,JPEG,b8498badabb40f348ef4469c3ad039165365c5d38b698d42258b8870876ab381,2c1b920d51da0024d62133bbba4eb3c9c427aab76b792df9fd45896197412edf,0d7d6533f2a3cb11,94.969970703125,1347.808837890625,,1,1
7/img_004.jpg,7,img_004.jpg,.jpg,39150,True,640,480,RGB,JPEG,7768b49ca875e6bd630a8c036e90a8cf719fc0d2e69d4ebf5265ccc169f2476b,5589c290014222e22d23cc373113a2336f218a917bcfe7c957a9af7137593756,c79333321a39153c,142.995849609375,876.020751953125,,1,1
7/img_005.jpg,7,img_005.jpg,.jpg,51481,True,640,480,RGB,JPEG,acb6ad02a1133f15480f074b430666619a2c8a72de20ade16eec76c7acc5b6b9,61b968cd5c0506c980b165bacb0e323119ff1acfd409362232d4239a561429ca,5b5b7b9dc5735b0b,118.87939453125,1455.189453125,,1,1
70/img_001.jpg,70,img_001.jpg,.jpg,35605,True,640,480,RGB,JPEG,9e097eb6235f6ead61c12a87742aea7cced278fd34fc8fa0b7de81689c299643,218ad2da5a91db24575f92b99007c221feac77af2081e7c7c03e3634f343211d,4d4f330f13737971,139.858642578125,1255.0628662109375,,1,1
70/img_002.jpg,70,img_002.jpg,.jpg,37388,True,640,480,RGB,JPEG,e91e49e6de3a260464dac7f2c6e94a5eee67c3080beba757914ca8a7cfd3fbb1,8ca30bfb8862fcf87a3361eb8ae769335420f34ad09a8977f71748e498fdb872,2b0b9b9b1b3b2d87,110.624755859375,1670.24169921875,,1,1
70/img_003.jpg,70,img_003.jpg,.jpg,58484,True,640,480,RGB,JPEG,9b75ca57cf8e535b5f6d9833f330ab054a5b62c1e24be99bd5c813d596c1b42c,1f2900e87574210e770d3058402b0b841bf8f104c98dffcbd931eaecf089f26c,16231b2b2b35ae33,142.797607421875,3233.4677734375,,1,1
70/img_004.jpg,70,img_004.jpg,.jpg,40203,True,640,480,RGB,JPEG,5fedf91dd787a988e7e86739b4293977c8f9226f6ed2855a813881cbfb000009,b18c188a2f4eff80023afa989df6e1eb5c7b1b8a60a5515df4bae9334c310717,33333339396169f1,109.65478515625,1189.1484375,,1,1
70/img_005.jpg,70,img_005.jpg,.jpg,33032,True,640,480,RGB,JPEG,0de1d991e7debe940ba6d246c68d8929ed221a89ec72955ef3322a9bcb160c59,9d62e619adc1c6e142ad48ef3c7390620d7071ddc6493c0e1f2375b2d7678017,8e372b59c99c3e36,126.455810546875,1222.342041015625,,1,1
71/img_001.jpg,71,img_001.jpg,.jpg,39222,True,640,480,RGB,JPEG,334b24930fe7030bbcd04d5b80e600c5cb82ef1915e0353bc908379244caf121,ef704f6af0de2de229540ca51faf329398cbd803e2211965d5fd6f40e3658629,0b533333614c671b,120.597900390625,1446.112548828125,,1,1
71/img_002.jpg,71,img_002.jpg,.jpg,60332,True,640,480,RGB,JPEG,375449f30706246e30dc5bb8fd7a6d0c1cb0791e3ef292eca8dda2187d6e1ccd,a4c55f25fd5eb7b1a693bc7ec3ee9ba07cd4a83a3f805313307ecbf11b48378e,47478dcd4b4b9c0e,140.57470703125,1875.6751708984375,,1,1
71/img_003.jpg,71,img_003.jpg,.jpg,63878,True,640,480,RGB,JPEG,55a5970da050f954023b4f353da7f621744f9d7bdd806048926770e87ac8b692,126cebf29fed00aeb020c9d8f9efae5dc698dd292d8748e4b2e5e721134890bb,ce1b3b3b33313969,138.71533203125,1090.8990478515625,,1,1
71/img_004.jpg,71,img_004.jpg,.jpg,51940,True,640,480,RGB,JPEG,c12849bcfdd49e65e61c0c7cb79d71b075d99c8fd1f655fce9e12f63b4e8d7c1,608033de937e3a48ebfd47e4e9b5a067d46d903e41324d8053aa3ca768db5c3b,c68331396d113969,116.003173828125,1598.8372802734375,,1,1
71/img_005.jpg,71,img_005.jpg,.jpg,41705,True,640,480,RGB,JPEG,a6ff78c9d6e2ed1fa4a0700b03d2bd5df1b210b113c5a59b97d6e3d039cca422,87d8bbed18cf71c4be381381afab16ee422235b2595b54fc6692419a08ce92b2,33053d291d27ab47,132.5908203125,2301.990234375,,1,1
72/img_001.jpg,72,img_001.jpg,.jpg,39021,True,640,480,RGB,JPEG,cb8a1ab778e079730707e7adc6befdce0f75f545c2ea4ee6992b74889102abc3,589525d8689dd26ac6466f25fef51123ca674cacc542ab416d023d044573d492,0b533331e14c671b,121.07421875,1451.399658203125,,1,1
72/img_002.jpg,72,img_002.jpg,.jpg,39567,True,640,480,RGB,JPEG,8d7a39bba749c7d8c6e965097f86ebffe057fb19b347f542418471dfad294d6b,fc37396d70f0b69a0b578eccfb25c409d940d7e27c711bf87c4e57fdede87550,1e57637363e17848,132.1416015625,1289.6009521484375,,1,1
72/img_003.jpg,72,img_003.jpg,.jpg,35601,True,640,480,RGB,JPEG,53356fb3b2804db233c53063ca382c12fecd45b2824e2b176ba1e46a39db5761,1ba6c0e32175b5905482ce949141d31de7ca8df1038aa81824ddeaac3d1a2984,0e26535b5bcb172f,145.557861328125,1337.7940673828125,,1,1
72/img_004.jpg,72,img_004.jpg,.jpg,57586,True,640,480,RGB,JPEG,c5fbb38d4ef54914b5032070be29670895700fb4465b45d7b9627db7ff3fe827,6976e155de50857919b826d7af6ed111289e49b4526cfa5d36a9d9841aa61184,0b436733735bc9f1,132.979248046875,1357.072509765625,,1,1
72/img_005.jpg,72,img_005.jpg,.jpg,34694,True,640,480,RGB,JPEG,a1eff2a8d5836cee8ed03753883f5aae7e0e83aff94a36759b17c7565eae1836,b56a2135c4e93dbd15bd4c48ed4046a5ff85cc3c98f535259d009f694e4f99c1,33235327b35b63e8,138.562255859375,1005.5951538085938,,1,1
73/img_001.jpg,73,img_001.jpg,.jpg,38772,True,640,480,RGB,JPEG,b720adffbc756079119a928d3ecac679bba24e756bdc57e49b660af4739d4060,e8b7a8b31f65a7ac11764cabdcfa0d2e5481cdd9656bbf35359c24a602aae8dd,0b533333614c6f1b,119.828369140625,1488.53125,,1,1
73/img_002.jpg,73,img_002.jpg,.jpg,42862,True,640,480,RGB,JPEG,2e98e772304b873b500742e6eccb291d02ea539794aa707534795ba2475dac01,35ae0a334f22f9d7dfd08ac402b15a03df181d34f2ba81b63a54c9c369cbf05a,1e9ab23232e361f9,108.274169921875,873.1434326171875,,1,1
73/img_003.jpg,73,img_003.jpg,.jpg,58569,True,640,480,RGB,JPEG,a3cf3c32fa443e77203442e5d215de54aa0ffef492a80c75d59108d090d6b2f7,395f9d2fd03172d874e103912253601072686372a676dd6d720d91fe3b8e35eb,93112d1d093a390c,123.566650390625,5130.8984375,,1,1
73/img_004.jpg,73,img_004.jpg,.jpg,40493,True,640,480,RGB,JPEG,fb61b6995195635ba03ce9fa24bc841f5e99d8394e7ec62b9c9143dd6d76f31a,ce959ea54ede16528bf00bd4f7863f32d92cb773bbfe24542b799868671edeeb,8d2333333179e027,112.4482421875,1349.689453125,,1,1
73/img_005.jpg,73,img_005.jpg,.jpg,37839,True,640,480,RGB,JPEG,10b98564c97032118adddc1bef0d7a2c61cb73de31158fe83ba3eca342084a10,6572ee99839ab5499aa7c14e9023a1887beee3b934a9795ed3d18639c364b166,1d0d094d6759316d,149.6875,1786.493896484375,,1,1
74/img_001.jpg,74,img_001.jpg,.jpg,39043,True,640,480,RGB,JPEG,982c13c08bd366fea66b592b829cb2118dcb50ec4b1e4f1722a79d798a4abe68,eabd33de89122015f00c18cf0b3b17176393d7bd471260858bcd357345f4d670,0b433333614c671b,119.973876953125,1488.620361328125,,1,1
74/img_002.jpg,74,img_002.jpg,.jpg,60598,True,640,480,RGB,JPEG,e8836e936ffc29e18ec3fbad5ffc278cc7d63991d4cb3e18e8b481f7ac7de7e3,b8f0bb1e9b539b6e650c35ad76e66e8df6183e3c54b1ec1f2da01495cc8dce75,474786c74b4b8c0e,141.217529296875,1814.077392578125,,1,1
74/img_003.jpg,74,img_003.jpg,.jpg,35395,True,640,480,RGB,JPEG,37c2e3d55b5dd058aea3efbb1deaa0f03e07b89f24095d459a2b578d92e006b2,03a10b1042effa0364a76640b0b0a2fac7930a4f0e732345245b2cab2d088dbc,4e4f330f13735b71,141.084228515625,1227.451171875,,1,1
74/img_004.jpg,74,img_004.jpg,.jpg,36502,True,640,480,RGB,JPEG,38ac1b1a49dc7f4346a81e1d91b88f31c69dbd9af6f51e9b8cadbbaca5c120e5,5767cf74f7efa1aa093777eec315af72d2d0b42e65ed888fe097869ae5ffbc45,0b390d2f130b0f0e,110.1513671875,1385.539306640625,,1,1
74/img_005.jpg,74,img_005.jpg,.jpg,48225,True,640,480,RGB,JPEG,a3931b4e7e5096b33b6032f9cab823bb98251b3ff6828166a336e4496e7eac8f,671d7005f7fc7e23fbb7768c9ecaccb9cb73b63c7fd6c126cbd413341b2a28ed,9f1d2d2d0a132746,135.351806640625,1342.4910888671875,,1,1
75/img_001.jpg,75,img_001.jpg,.jpg,39195,True,640,480,RGB,JPEG,fa7d6e59fafaf8a863069249fcec2f778023e127be0c8cb9b52efa11b9ced7e5,2426619776a312c4e7e62d30d5261a3ab994ea1855fce23479e2ebd98ee17448,0b533333614c6713,118.646728515625,1488.037353515625,,1,1
75/img_002.jpg,75,img_002.jpg,.jpg,60725,True,640,480,RGB,JPEG,95e664318e05e15414ac6498ce53568dea7069ab90f8b6fe2daa403279ac0c1f,8e0913da89b756ead048935452498bf1a4ce68dfecab9e0466b1af63792f31e5,4747cfcf4b4b8c0e,141.8662109375,1888.3564453125,,1,1
75/img_003.jpg,75,img_003.jpg,.jpg,44289,True,640,480,RGB,JPEG,8a873a550d7386dad91ad308d2675f95ba3bec3d8250f4c61b6e2224d1d7c36d,c0c5e074ae44e9134cb6acdf3dcbf41bb315acc59b8c9568d58e85d300db773b,1e9ab23236e363f9,110.874755859375,924.0667724609375,,1,1
75/img_004.jpg,75,img_004.jpg,.jpg,41886,True,640,480,RGB,JPEG,bf1a03a370b5e9c69bbeea36fced1167fabec34d8a165d0206b137ab6d25d13f,d426711a51fcf618bfaeda8773565cb285c46765567635f7c3917510dde0e46d,5b6353736373f30d,118.440673828125,1126.1815185546875,,1,1
75/img_005.jpg,75,img_005.jpg,.jpg,35427,True,640,480,RGB,JPEG,364c895cc1ee5800c4e0cf90472749d2b9082c4c44a5ce1200cd74e73ae60004,1b2703c2c96470b7090f4f2b9944361831a318c640f0e9b95a382a327923567c,332b3f0f1d9d0d3d,125.0615234375,1448.104248046875,,1,1
76/img_001.jpg,76,img_001.jpg,.jpg,38851,True,640,480,RGB,JPEG,46e9fd00dc32fb552bbc9368568622d486200a791a0a086bb399948d0fe9bc22,3bf6e0800d9ea96f6895b9b4efd6c35b93b79359cf8af497cd69b422b23ceca4,0b4b3731614d6f1b,123.8681640625,1356.555908203125,,1,1
76/img_002.jpg,76,img_002.jpg,.jpg,44107,True,640,480,RGB,JPEG,1efd2adcc71d27533787838fedaaa248efbf7d58c9d4186af23c4a8b001fe886,61686a6fc332bd900308dd390937af7ee005dc781b7cf8d7baa06bba90166979,1e98b03233e363f9,113.964111328125,826.5338134765625,,1,1
76/img_003.jpg,76,img_003.jpg,.jpg,35981,True,640,480,RGB,JPEG,3ab36345f59a3ef9604cc2dbdaec05ce1d143a0c511cdc6e9c56904505f35015,94fbf4652762877c89ffed91ed12d46b3eb8a7b8e343e73798880a52af21ac80,96332b2f2f172b13,142.59130859375,1608.09423828125,,1,1
76/img_004.jpg,76,img_004.jpg,.jpg,33639,True,640,480,RGB,JPEG,40f88184f7642a23d65d2562b8f919cb7164d2e52bbb3e78d9e0607449fa3bcc,0b5b8c8fa60639fe00ddcaa6228a088a76a0576197e955712bd137609cbf5aab,8d3d313270388ce6,121.808837890625,1032.5986328125,,1,1
76/img_005.jpg,76,img_005.jpg,.jpg,41409,True,640,480,RGB,JPEG,7e26027701eefb55e857099ef7c06d9b0c4fe32e854969874993f5caaf65ecf8,92bdc73b93df983b2c9b241988a6bf37e8601095c5a3f3b1c6e10f6333bdd8c4,276b59ccb3b1e0c8,147.284423828125,1086.0172119140625,,1,1
77/img_001.jpg,77,img_001.jpg,.jpg,38967,True,640,480,RGB,JPEG,31fbfe8b44ebee8dc192a9acf7db3d88ad86c070c73e39ae7d6b112d96523228,5c6ec36962f0b4a0e400b1d56eb1e7370b7c3ffed04fad5ccefd4db39fd18294,0b4b3333e14c6713,122.716552734375,1389.2039794921875,,1,1
77/img_002.jpg,77,img_002.jpg,.jpg,38845,True,640,480,RGB,JPEG,973236bba1610df49fcea8cdd5dee6beaca812ce960fdeaf1a8ae2e64c7c66e3,06292bd0ce5dda52698e9860cf8bd17b5946e6aa9f140069b66cfa5c3cce7ba8,1e5b637363e1784c,132.149169921875,1245.1043701171875,,1,1
77/img_003.jpg,77,img_003.jpg,.jpg,41160,True,640,480,RGB,JPEG,14cf1ba2b797f3434d3ee03bc6d59e54711a278a162c3f99aa0d11f408223fc2,db46069e3ecb24a3288ab5044868cc7b84f90ec6e7f093e1905e7e56cbedc529,1e9ab03232e363f9,113.8818359375,827.0810546875,,1,1
77/img_004.jpg,77,img_004.jpg,.jpg,36288,True,640,480,RGB,JPEG,f7d8825b57df19af95430a237d28ea93b5c69157bfd83d11fd4a53c35215a8ad,3198e39c17c71109c24ebc8ce74b6ab8e78e9080c0d637b2f1e941bf74e8680a,0e2a7a2b696b71e0,124.714111328125,621.3282470703125,,1,1
77/img_005.jpg,77,img_005.jpg,.jpg,36060,True,640,480,RGB,JPEG,3b1298e5eb7ac703fd1b8acb92fa548a6321eda4d689120fb0adce4e74b99638,2d3af80d6f01768fb7ad3b8a0d145f6daea66540812b0241cd8b643f031e2136,3626262763c3c8cc,117.55859375,1420.7923583984375,,1,1
78/img_001.jpg,78,img_001.jpg,.jpg,38491,True,640,480,RGB,JPEG,02013520af67c276041b61f8ba91761a9b4185e5e413a690c4adf9a0a3d1666e,f67e4cdb1fa695b37aea04c0ca5a38101835ced6e07948f22d51dcbeed1c54c7,0b4b3133614c6f1b,122.396240234375,1345.848388671875,,1,1
78/img_002.jpg,78,img_002.jpg,.jpg,61096,True,640,480,RGB,JPEG,200791e898c79cfed61576716e5d93f0b49f3ef91dfbca605e0812d18d190b15,24c2e7efd4c7b998a14c022ce473b442d6d139c4d0deb869789dc98a73e5f4c0,474585c74b498c0e,138.56591796875,1853.4658203125,,1,1
78/img_003.jpg,78,img_003.jpg,.jpg,59204,True,640,480,RGB,JPEG,043c31290d4470fb9f9efb1ef162cf32382e240c43b947b656db99398aacb085,938c913c667d9fcc2bec27b491efb1d02f7733b85ba09e51ffda3b1c74f9893c,16231b2f2935ae33,141.673583984375,3268.94775390625,,1,1
78/img_004.jpg,78,img_004.jpg,.jpg,38248,True,640,480,RGB,JPEG,6c2164dcd8709c6385905c2fe83fe1abf46dbf11ea7be0642ed15094b1e85c5f,daef9cef372ca0091b0d653b61eb36bd501ef5cc4cf1722131c7d176d49a7e0a,137b49676426227f,109.52978515625,1767.004150390625,,1,1
78/img_005.jpg,78,img_005.jpg,.jpg,36930,True,640,480,RGB,JPEG,e7e9c729c646ea3d9907b88f82814fb82a8a40f29d7842935221f1492a148dba,5f47a72b679f8558d5c4c969ae8a039a98599d89bbf431826e84ee6de91867fd,2c3531131931304e,129.505615234375,788.367919921875,,1,1
79/img_001.jpg,79,img_001.jpg,.jpg,38941,True,640,480,RGB,JPEG,4decbfd815e7f3e834d13b5c465e80dc5189757bd26302f7987d6295a8f2ed22,220197ec816c3ca874c4a0b61696cf2c95cef006f0e4c83efba22aa2f3dd3f69,0b473331614c6f13,122.93212890625,1408.153564453125,,1,1
79/img_002.jpg,79,img_002.jpg,.jpg,39351,True,640,480,RGB,JPEG,5619cee8f540b7e24cbc2ae298cc75fe7e6c846c6abecbaa3976fa5459f96b19,a71979aa47d238a6f9f2f8623b4e6177e1a27c2cb3d8ac9decab82f0c146d46c,1e57637363e17848,132.18115234375,1249.161865234375,,1,1
79/img_003.jpg,79,img_003.jpg,.jpg,34009,True,640,480,RGB,JPEG,b6c4b27816f2eb76b00fe63aa0c67abc40f42711149ab0d9771b7459aa518ace,49b1c09b3742b9e2ba7a5c09d9104e0d20d1b95ff747fa71eb9fcf6814a5cd77,b53139193b3970ec,128.7421875,773.900634765625,,1,1
79/img_004.jpg,79,img_004.jpg,.jpg,51757,True,640,480,RGB,JPEG,f7f7bc887a1fd6bc9146212b2f08feca25eb1d3994fa7572f79254ad5eca0d71,f775049f6608c8025038dea13280618241261095f952804aee20c91576b300ed,c683353119317939,112.86865234375,1626.047607421875,,1,1
79/img_005.jpg,79,img_005.jpg,.jpg,42945,True,640,480,RGB,JPEG,94b759c2c065cd23544074f8c13076be8f69eb6fc7b0bc8441c3ccb041408a99,2ad01ce065ad6725bf4ee65c1427a903191639dbece48156da1d27eda7d5fc51,132d3d292d15c743,131.36669921875,2461.40087890625,,1,1
8/img_001.jpg,8,img_001.jpg,.jpg,36812,True,640,480,RGB,JPEG,8a529a79947c97dda068f3b5c81915f760b6a0cfea80c045682d80c3f0e80ab3,d13ade3941811f5b19f84518559f881a6a44d7c27a011c4253ac5efa93860615,4e4767e7f169670b,123.490966796875,1536.905029296875,,1,1
8/img_002.jpg,8,img_002.jpg,.jpg,38169,True,640,480,RGB,JPEG,7295f96432caa0b28119808b97126d97ebf888f2f5c36d2a45c9959f1b74c581,d317a212ff8e66cafc5a25d8684a1fbf8da6325a2784573d6daf10a59deec6d0,2b4b139b33353993,114.3935546875,1964.529541015625,,1,1
8/img_003.jpg,8,img_003.jpg,.jpg,36385,True,640,480,RGB,JPEG,e5344fb55e2ea21860cae285afcf2d1d69e550da66dfb6b6e119f807a0d105ab,c4ab13040b39ddde5400f0eaec5f8e14a55fd63d171002e76d026f877ba1f49b,0e4f0e1e4ec40c98,166.42626953125,1693.6923828125,,1,1
8/img_004.jpg,8,img_004.jpg,.jpg,29973,True,640,480,RGB,JPEG,da036837290922ed74d3c063abfba05de950eadb6ce57518ab5251dc78598e6c,d08a8bc9afa1e06301d5cf72f2113877992cbf53ef4d6a6bc2ecdec923020eb8,4e8f133323296163,143.47705078125,934.6593627929688,,1,1
8/img_005.jpg,8,img_005.jpg,.jpg,33634,True,640,480,RGB,JPEG,ec8255ace142f1406134525a572b0ae0ef9dee52dc311141c60d3904e5eb0c9c,a6124762df55277ecc2a156cee55cbeb59d0acfd6cce335c65853e113b15c652,1b21233338387032,130.543701171875,1159.3653564453125,,1,1
80/img_001.jpg,80,img_001.jpg,.jpg,37905,True,640,480,RGB,JPEG,60c6fd8ac737379c5631865151060a445f5a66261e7e4a14b70bc2a150616381,4c2ab63d5afeb03f5b30919d0109aa3d3f1c3674a7419d832e8eae7004590e2f,4b477371e16d6f33,118.18017578125,1318.0631103515625,,1,1
80/img_002.jpg,80,img_002.jpg,.jpg,38502,True,640,480,RGB,JPEG,42059e98cb721f361d7608b24c0fd3f2ee09b8181b2a72ce69f6000086325364,ff0349bb60d119f5c6cf7c3fad4fdfd02a8d4163e61ff0972af5bb0858644f5d,1e4f7373c3e17848,133.26171875,1256.7935791015625,,1,1
80/img_003.jpg,80,img_003.jpg,.jpg,60496,True,640,480,RGB,JPEG,48f0b7b37e9f7d8924b68af2ef5d2b7ebee3b00176b99ca1811d1063c920215a,a0e0ce2b8d28ade7f2be86175ff36027f17e3870bbf63ef782088dc0fd546bf4,4747c547cbcb9c0e,141.330322265625,1788.558349609375,,1,1
80/img_004.jpg,80,img_004.jpg,.jpg,34864,True,640,480,RGB,JPEG,f96ad267ff812b5337773ea7d6156a252718cf7f7bdcdf90991575d737d8ffe2,6d7801b6c8083888d474a31b253a5aa0faf97e0372117d02f052269a50841588,251d193167533323,128.328369140625,883.2496337890625,,1,1
80/img_005.jpg,80,img_005.jpg,.jpg,35943,True,640,480,RGB,JPEG,dd6e966a84f899a8d6e97f0a6d26ac484034e6d2bf6cdafd5d52753a5a854407,865f6804843ed57d2dfc8369df40837f81ab44ab5c91f318a34e2417fe7f66e7,0b39190d43130d0f,108.42138671875,1401.0245361328125,,1,1
81/img_001.jpg,81,img_001.jpg,.jpg,37937,True,640,480,RGB,JPEG,c5ed21c3d7800d010abb44171056c2330bce93cf437f7a8e0b3f30ec85aedaba,30ce7f78246f082ac7fc76b8a915e57420806c99e77e198d55e2d6d5926a8663,4b537361e16d6f33,117.556640625,1346.6829833984375,,1,1
81/img_002.jpg,81,img_002.jpg,.jpg,39366,True,640,480,RGB,JPEG,3cf2ace2edfbc8cc363cbe257e6597797d4b5476f88bc21d2c0f4288cd842d90,64f94fc1e92042158970415d955bae18c2bb9619e791427e1ba6d7395503fcbf,1e577373c3e17848,132.80908203125,1280.6201171875,,1,1
81/img_003.jpg,81,img_003.jpg,.jpg,34434,True,640,480,RGB,JPEG,61ef1cba3278484a7e7e1ed9ac2c8c7c9b9c5d3254f50b3f876b4f1b1423107a,5e802e296f1d68a54a788c81c875ee079721abd272422bd32a44189779cd4d7a,8f132b2951587131,139.110107421875,1232.92724609375,,1,1
81/img_004.jpg,81,img_004.jpg,.jpg,31858,True,640,480,RGB,JPEG,74f4dcad03e54849137fb4850ffde1e16a35635a3763cced1d91cc6c212fcdba,54f1427a4ac9e6740583efd271360849bd87d2a67313b8b789bee59cbf73ced1,4c8e3b33332b7178,139.45166015625,839.9507446289062,,1,1
81/img_005.jpg,81,img_005.jpg,.jpg,35256,True,640,480,RGB,JPEG,b6fcabf830dd0e27c3e7ec8f20f3c31318b6e29729b11b5c918e938dff43c417,72dc9b8f12d06b492f91b8d8a51c8ab50104c8f87dde56a6af117fbe592899bc,0e17332b0dcd8d9f,147.84423828125,1405.5955810546875,,1,1
82/img_001.jpg,82,img_001.jpg,.jpg,37902,True,640,480,RGB,JPEG,9a34ba3d2997d4836adad701b27a5730589dac9f760ef33c84ff6343781b1809,4162b7ad195947642a1ff5d27a72a8bf5bfc8fce00461d4bf24e217d675e7909,4b437361e16c6f33,117.349853515625,1344.376220703125,,1,1
82/img_002.jpg,82,img_002.jpg,.jpg,39384,True,640,480,RGB,JPEG,435e6775f32fde5b4621951ec93e72a977a721bec91c32231250e4a0606bd308,c9f2591a583552762b77316cef6c89324d95a95d80b85b084aeca03a204f9c6a,1e477373d3e17848,132.907958984375,1292.41015625,,1,1
82/img_003.jpg,82,img_003.jpg,.jpg,58866,True,640,480,RGB,JPEG,85936898d84c1cd5e1a440c80eb7bc156651c0e6f21858f56c76ea1ee8769a7c,2f0a00edc2c7b9ae701a4c62dfc98b19235939fd1224e23a9005198bd51cce26,16674b2353458e33,143.031494140625,3254.6826171875,,1,1
82/img_004.jpg,82,img_004.jpg,.jpg,33139,True,640,480,RGB,JPEG,a4da02aa8f896b371de5b303f3a612fede12be29ffd119c6ab5d1757729a2422,e78079452da1f1a3779acdb796fcfe4b3d3e4df8e7c396c8464ca84b5a627c97,8b31212b71783036,135.337890625,1212.251708984375,,1,1
82/img_005.jpg,82,img_005.jpg,.jpg,27720,True,640,480,RGB,JPEG,c80c6b09ff48a7af11c91d6f631951ae627c7674e3470da4d4c708198b3b0d82,e114d9d8ddb43d6252d0941044f3d0eaab63bbdf628d6f687e2aaf1c80903dea,b1d3db313978e8cc,105.9677734375,843.7884521484375,,1,1
83/img_001.jpg,83,img_001.jpg,.jpg,43067,True,640,480,RGB,JPEG,b8b530d86e32401fd983f680b9619a6d8af5ed6fb546f110b977fc76815dbfe7,f9e2efc3318b8777bf1cf4f9f8135b5ea5e3682422e16703de51d5f9ab4bd809,8511202060b4b430,113.96240234375,1788.0101318359375,,1,1
83/img_002.jpg,83,img_002.jpg,.jpg,60513,True,640,480,RGB,JPEG,75d28452ac6a67aca80c3f39ee1a104c6774dd48ac53306d03dd2f7a404047be,951e9a5f9596674ea072e40831edb8f28976ad43912c07d53100706ef6d105a6,4745cd4dcbcb9c0e,143.7373046875,1830.34033203125,,1,1
83/img_003.jpg,83,img_003.jpg,.jpg,33155,True,640,480,RGB,JPEG,9143aeae9d2bc72e7f3f6dcb8a994410fe0f1bab0a96204576a58a064efa6591,79629d6eed1870fc39530e2c4761da506743560e296d5e4aac79f76ad71673ab,95b531333169e8ec,128.000732421875,725.4599609375,,1,1
83/img_004.jpg,83,img_004.jpg,.jpg,33082,True,640,480,RGB,JPEG,2f297870bc7b3e7940e02bc690b4193aaf2baa886cd0ab7224ec48784af7151e,b714ac3e1c9f9e03c0cde674fc5e6599e860bc1815160679daea7fd4c42df663,2e4e1f198dad793d,88.0546875,1427.3033447265625,,1,1
83/img_005.jpg,83,img_005.jpg,.jpg,37245,True,640,480,RGB,JPEG,e1a48e427a6f3492b7514923c682ce2525c2550202f993514968ff1cefc9f47a,7bd065809ebd127e8cd3226c03485081c3fb6c0dbaca5aa49c04623a429bec92,0e63636772e0e0c0,116.16162109375,830.7689819335938,,1,1
84/img_001.jpg,84,img_001.jpg,.jpg,35750,True,640,480,RGB,JPEG,74780644305bfbdb4fd1e4bd8afc28ace20b131ea14c00ce19f0e0dbeeac7c88,04c551a96ace3f259ac639f61bb5c14a4d827bfd333634941553feb985f9e0ab,4d4f734f53737b71,139.248291015625,1315.59814453125,,1,1
84/img_002.jpg,84,img_002.jpg,.jpg,37515,True,640,480,RGB,JPEG,f9295cd9688da3fa49598343845dbd914e469696578d69d64d1e10dd0002e932,5ad3ccea3479eb885246270f9ff2fc159a07b50737776a7e0af269517fcddd0c,2b2b1b1b3a3d2d8f,112.696044921875,1814.197998046875,,1,1
84/img_003.jpg,84,img_003.jpg,.jpg,60672,True,640,480,RGB,JPEG,164b051876eb662e4799ff054d65e355dbe9a3f7e5f9f6f4dac9a1be003f18a2,806e0aee55ca72729f9d1a53269e759f8506faf7e23d12712234b5667ffb72f1,16734f2353458e33,141.87646484375,3344.6513671875,,1,1
84/img_004.jpg,84,img_004.jpg,.jpg,41869,True,640,480,RGB,JPEG,0402d94932918428bbfc3756c3c45b5a0fa9efcf0f87d930a2678a8840092fe4,b355c8895987f24a4fa734839d1435cc472fc454838b0512877552baf7541296,5b6353b3a961f30d,123.5478515625,1043.4239501953125,,1,1
84/img_005.jpg,84,img_005.jpg,.jpg,65768,True,640,480,RGB,JPEG,c463a27ba62ded055ed3c7d8b04ab0215fec26d84a874a8856a25f681c70bbf4,00fd75c52a3310e4bf7e7bd31f4420e43bcc4c8cd41489df464cadb87a5b4107,8f2b397d69587c3d,129.451171875,1128.46923828125,,1,1
85/img_001.jpg,85,img_001.jpg,.jpg,37773,True,640,480,RGB,JPEG,d1b7f248e4c4efac81786912706ff30f5cbd04425bee66619e1dce127cd28470,9d1a203b7f5e9dd75dab98ad8f1cb0c894e5cdc666e8489a44d92141f61a8c56,0b437363e16c6f33,114.697021484375,1418.6181640625,,1,1
85/img_002.jpg,85,img_002.jpg,.jpg,33149,True,640,480,RGB,JPEG,0c62c494b0a61dd0f53311d8bef12a031ed582d82220f2da224884c96e59bf22,f54a3389b814d84802eeece8240b208299b97bb2513d3119279ca56704b1ff38,cc26266667677371,151.786376953125,1227.939697265625,,1,1
85/img_003.jpg,85,img_003.jpg,.jpg,34877,True,640,480,RGB,JPEG,468c3ad4be058d56143be536af3fbf6488205ca066a6198696b5185c6d2fd078,e70c4c84582cfad26ab6be6ac31cfb1933faecddbca84da6abd50324405670e4,8f172f2955547131,141.933349609375,1322.0390625,,1,1
85/img_004.jpg,85,img_004.jpg,.jpg,53331,True,640,480,RGB,JPEG,7ff1e2af2aba2706e7bda1b8f03eb841133f825591bc47b6d80e436a95a6485b,654f96394f200565769ad81fc6ace116339e8491390e39c8f47af8127d798e7e,cae871716964b3e6,98.793701171875,1415.381591796875,,1,1
85/img_005.jpg,85,img_005.jpg,.jpg,55502,True,640,480,RGB,JPEG,d108a9b35ad5ee012d1dfbb0a06ec47f1a8d9c7a78301fde480fcc97f199b596,3164da31664f069636412520630736431a239e9f82c8400f5958c65d88e77b02,5b6b6b7bd3737397,137.620849609375,1653.71533203125,,1,1
86/img_001.jpg,86,img_001.jpg,.jpg,38073,True,640,480,RGB,JPEG,c7962f3c6044ca734050c5095a0dfed9ee592848bd20d87a21c2bc30c005ca28,dc3ff622d8073bcae7292f6af37b21b9cf87be0131c1cb05aca2f010a8e5b7f2,0b437363e16c6f13,115.048828125,1389.497802734375,,1,1
86/img_002.jpg,86,img_002.jpg,.jpg,39918,True,640,480,RGB,JPEG,8ae4581eb6501e5aa0ebed1d6487c092db367e484b0e11c9078aacc4343e5cc7,3095717a989566fc3e6dfdbf944e2cb02cd87fa5bef9085ec9cdaa742782b9a3,1fbba3377763e3e9,111.191650390625,700.6197509765625,,1,1
86/img_003.jpg,86,img_003.jpg,.jpg,58404,True,640,480,RGB,JPEG,d8400291911dbb615a5e4148eb8223dab8f05cb7314a566c5b21ae66b7212a76,e76461cdf8ac4d9885b7a2e8e91e44841ccf657734a4930c82ff2b4940912992,99992d24143f390c,123.84716796875,5002.56591796875,,1,1
86/img_004.jpg,86,img_004.jpg,.jpg,31733,True,640,480,RGB,JPEG,5c481025b87b57ff84488ec51f99f841174965f8342a60f8a981ae21d9d5f044,7f9f9d48b681a0000d2120c078aec0939ec3a7905718060cda6a12a7bd566ea3,0e4e1b199dbd793d,88.09716796875,1462.7532958984375,,1,1
86/img_005.jpg,86,img_005.jpg,.jpg,38100,True,640,480,RGB,JPEG,1acd448dab974b575777ee6ac6b8d8b2d83983e81332b72d84782b5b09152a02,502044baf7fc8d52beb054444d21ba3aa84e3cf6f60773d20c71baba1eda24b5,8e73636372f2f0c8,114.9423828125,835.1556396484375,,1,1
87/img_001.jpg,87,img_001.jpg,.jpg,37917,True,640,480,RGB,JPEG,f8d2846030b6f0be0460f85ffd0d35dbf7d67fce207163eb0da1704d241eb2b6,e2e055c3becabae6196eaa73da4d56286814c9c23497c3f6e928231a9bf627be,0b537363e16c6713,113.791259765625,1421.6395263671875,,1,1
87/img_002.jpg,87,img_002.jpg,.jpg,60704,True,640,480,RGB,JPEG,66c5e66b92086d3716c5bdc57788ae78e396656dac5a2a3319b3c72c9f199a6f,f5c4221e4f9db024fcdf4029925315b1228f3b2f0d37fbce633ac8e633a5c0fc,4747cf4fcfcb8c0e,145.160888671875,1886.386962890625,,1,1
87/img_003.jpg,87,img_003.jpg,.jpg,34903,True,640,480,RGB,JPEG,fcf4ced49eb86208c644c379364a922304cf38317adbcb93399d74ae01132609,28d373d0110287a36b4a1d73d5f5822809cabf20ff8543ae014d0fc87a89ac4c,cc4f735f5f7f7b71,142.918701171875,1158.78955078125,,1,1
87/img_004.jpg,87,img_004.jpg,.jpg,36479,True,640,480,RGB,JPEG,d08f214ab9b77ffd3592381caf06dd52aa41fc2ba0c4201c32ce4d7464a7db32,d9ea1bf3e11b1ef620cd425ce39dc591ae1fe23504b7153577f5aa7c8e629c80,8b39191f46131f4f,108.7939453125,1403.963623046875,,1,1
87/img_005.jpg,87,img_005.jpg,.jpg,48236,True,640,480,RGB,JPEG,801827f5abb362631aacc5f09599d6999f21d939dfba75862ab7b9b629fc5ac3,925cfeb5c3b89b73ad20f9fe3ff24360c7500d3af59209ee9b87a182b8ff7c7b,872d172e2e33274f,135.921630859375,1328.07275390625,,1,1
88/img_001.jpg,88,img_001.jpg,.jpg,37779,True,640,480,RGB,JPEG,8f93b537a017cff435c8377cf5456664fccd3f93cf3371830a506bb7c5eb3d92,55a7193380dccf47e057a6de8522057685272aef328b2941e040627dac769c9d,0b4b7361e16c6f33,118.71728515625,1285.49609375,,1,1
88/img_002.jpg,88,img_002.jpg,.jpg,38919,True,640,480,RGB,JPEG,3a6834ed0dd442a9a1cae8c076fee7a4becd697c175afd87b2ad77477e8aa0f2,154f1a507f6c9c71c8440e716ed713b5b427456826761c9647690e0b71869a92,1e4b7373e3e17848,131.06201171875,1235.0986328125,,1,1
88/img_003.jpg,88,img_003.jpg,.jpg,34318,True,640,480,RGB,JPEG,534d6d6d194989c0b8ba95ac489544c9f21c37d56dc36f4cff94f397f13f8140,40ab1f14c6e744f63ee5d696f8547571e30f6cf7f4b6f4f4de1b7e6585114899,8f132b2955587131,138.98193359375,1202.46484375,,1,1
88/img_004.jpg,88,img_004.jpg,.jpg,37399,True,640,480,RGB,JPEG,b47e7e5f1f8a72e761671e2773b8ce728b4bd102f1d1f8ef97d5f38fbd90e69d,a90001a2300bfc61eb43b0018056cf4cc8133bcc24517c7373473ad0f7fc3605,8e73637371f8f0c0,114.842041015625,693.6129150390625,,1,1
88/img_005.jpg,88,img_005.jpg,.jpg,42606,True,640,480,RGB,JPEG,1248aa1bd2fd0a66e1ed1cb9a865319745a64d3bdc9753f1a639007d2f9a4645,8ec4b2578aa3d554f6880b159877419f43befaf65d107be536f8d49785a9321e,5b735bf5a773f30d,126.5400390625,1053.30908203125,,1,1
89/img_001.jpg,89,img_001.jpg,.jpg,37816,True,640,480,RGB,JPEG,6ba3a67bfd4208083ae46f1495c5350e90a3dc3d36f36c8cd2c794b58e8c3de2,84159b9d274f874dc0a1fe882c4700fd1107e167ef9bf603242795deca822210,0b4b7363e14c6733,117.638671875,1331.2061767578125,,1,1
89/img_002.jpg,89,img_002.jpg,.jpg,39209,True,640,480,RGB,JPEG,439aca5588fb9282b50e9c14a1502a89451f96d7efe3e08caa3af88733f5ee96,d5fa183508d3ae876bf95ac0b4cfa21ee4506164bc47adffd03ee00bc14b27cd,1e4b7373e3e17848,130.638916015625,1243.56201171875,,1,1
89/img_003.jpg,89,img_003.jpg,.jpg,39153,True,640,480,RGB,JPEG,1997c1ebb2c53974dd20a9509d6bd67968f85914596747e0d5a0989c403de4ae,c81bb28d038b6c14b426654327f8bd0da4acf8b2b97dfd130a9ca8665e811f85,3723594907334d0f,130.672119140625,1541.8424072265625,,1,1
89/img_004.jpg,89,img_004.jpg,.jpg,34378,True,640,480,RGB,JPEG,620c0bf0b640a25a281a34badd3f42f77eefb0c45a3f26dac148bc3ae9476bd3,99c8e906e3849db7d5cec4f49f14d33be7afefe920d93e254d252b18561a5ccf,8dbdb13370388cee,122.162841796875,1026.511962890625,,1,1
89/img_005.jpg,89,img_005.jpg,.jpg,41154,True,640,480,RGB,JPEG,5c3052af30f4ef91b281de2f7a4cc65b87b23187284ebcef963bd7267972d122,ad7fb18df9238118c1768eeee15fe12152b7041e733a767e50557eecda3f30c9,276b6b0d23e1e0e8,147.056884765625,1004.535888671875,,1,1
9/img_001.jpg,9,img_001.jpg,.jpg,38475,True,640,480,RGB,JPEG,e65da7ed563a32b9730629810a2c0c27b2656bd7c7567b950a913bb495dd3cd2,5e5f4dfd3b2fc3f14ae4e5e42d4c90ac2e668d78ad0a5b46bf3a9f3a44bae512,4b4b67e3f169670b,127.85400390625,1398.3349609375,,1,1
9/img_002.jpg,9,img_002.jpg,.jpg,59781,True,640,480,RGB,JPEG,7a95b7b1c52329a4ef56354b33944beb95e85c6d8db2b857e3ff1055ef6e43b2,1053a8be2c83eec3323834d4f809a150114455e6cfee252ab69f17bec2502a71,474547e723498c8e,131.67626953125,1826.078857421875,,1,1
9/img_003.jpg,9,img_003.jpg,.jpg,32621,True,640,480,RGB,JPEG,7707405ad02b1920b102a7156622f0b0640148d71a8a4abf14a5544060335253,4f20f732b89596c38cb0b699447fe506d2b6caae52327660c0bc00620c58f691,e7c794ad0d0b3834,135.994140625,880.1326904296875,,1,1
9/img_004.jpg,9,img_004.jpg,.jpg,44832,True,640,480,RGB,JPEG,ffbe4b1bb4c5e7230d694c1dcf9b76db4469cd0b5f225e0e17f6bc6a6865a389,7cbf74467890f493d90bc4558864093bc2a1d33f294293ab71957cea042e4caf,49486872717169cc,117.059326171875,787.0401611328125,,1,1
9/img_005.jpg,9,img_005.jpg,.jpg,42760,True,640,480,RGB,JPEG,bb0432015a3c635a52fcef229773373088198070de9339ede6b55137b4b66c03,2a9cd4a15cd7041cb46fb96de438cb1a58ee6ae468d5195e38fe2c20665b3663,2d2d396d4a181948,128.216796875,1378.33056640625,,1,1
90/img_001.jpg,90,img_001.jpg,.jpg,37683,True,640,480,RGB,JPEG,63068bc15418adcd95fce8d567babaffb4d49c23c337c7636652d813c5f05096,3c4b2ba4cde21e166c698a8669040d3220ee6ca689b0c4589bd6003781f0428a,0b4b7363e14c6f13,117.734619140625,1284.0826416015625,,1,1
90/img_002.jpg,90,img_002.jpg,.jpg,60678,True,640,480,RGB,JPEG,8f5fdfacdad393fb409714406643d7a9fab634ed0e45208ab1744746c13c0cdc,ca4ee9a63fc5658e6b0c24d8454850ee3f7e990e207007194a4063f692f0ae3e,4747cf47cbcb8c0e,139.18701171875,1873.75634765625,,1,1
90/img_003.jpg,90,img_003.jpg,.jpg,61674,True,640,480,RGB,JPEG,c04d80ba08b08fc0d30c119abdfb1113a9cc753e8e48e1b703cf2ad822725c43,60757b725dd7fb5c90932cebb75cc5f879e91658c1f88bd90ec4038c9a3eda1d,17734b2756468e33,136.439697265625,3504.77978515625,,1,1
90/img_004.jpg,90,img_004.jpg,.jpg,40379,True,640,480,RGB,JPEG,1027bc5fdcd4c080c23a897a923ed8eb2cf227c1d4afc60441d859a43155caa7,0bf6e3a8882b22dd56b9c682625729bce23530050fa902f2aafad862f7a768d1,952d317179f4e017,114.590576171875,1299.0064697265625,,1,1
90/img_005.jpg,90,img_005.jpg,.jpg,33477,True,640,480,RGB,JPEG,fca3e3e8fb8ed4353a587f0e6816c923f4bf49d5d2b699a92107d4c81ee01889,54c9ec41582d9ec4eb7549cf3149e92677e1c9ce2d64da07e659861d0841dafb,9d9d1e13338dbb2b,137.78662109375,1237.107666015625,,1,1
91/img_001.jpg,91,img_001.jpg,.jpg,38083,True,640,480,RGB,JPEG,ebcd12c01dbcf99a6bee159c70b56d443498fefc4bbb996a46bbc61de5e07506,3c5b86cc47a840df38b3c6fafdae2306f311e8b6ee9b925011a20924be1424a4,0f677361e14c6713,116.718994140625,1366.635986328125,,1,1
91/img_002.jpg,91,img_002.jpg,.jpg,39601,True,640,480,RGB,JPEG,fb0cd725fd81bef5004bc7327fbd5ce2501230492c8a70df60f17e07bbfbb909,1db369db8a2ac058f01f983de520e0aad715a2326e07697bf0909c0f6e38c4eb,1e577373e3e17848,131.000732421875,1261.7176513671875,,1,1
91/img_003.jpg,91,img_003.jpg,.jpg,38919,True,640,480,RGB,JPEG,997c44d575c9658dd2ec9863f5cf39bb6b34509e5a95422ff06c1e0033f0be20,a7717d304253331686b7b66e7fd71f121157c507e2cfc86bc02b09617101d7b2,37335b598d37290f,129.40380859375,1518.15869140625,,1,1
91/img_004.jpg,91,img_004.jpg,.jpg,40072,True,640,480,RGB,JPEG,d836ea00009ea41956ab57e0c09750948165bd717dcd320cdbfa91e065287395,7adb9172482a3cbc69d648891cc1cd13fc18515d422ed1c513541731329a5ece,0e33336353737971,131.567626953125,1215.9384765625,,1,1
91/img_005.jpg,91,img_005.jpg,.jpg,32117,True,640,480,RGB,JPEG,7188c04ad129e97550f9c728bf44bb4be85eb46809a352dd3ac7f71bce7bb7c0,2ec3a61998464f343bd8bac8318bfac05ff0fed4725b9f6fc9a4d8fc739cddb7,4c8e3b33333b7178,139.29736328125,839.34814453125,,1,1
92/img_001.jpg,92,img_001.jpg,.jpg,37740,True,640,480,RGB,JPEG,027300348830a14d894503ddde41b8bf9342138b3634098b362b81360d2b8730,8eb9f54ee2d930824e5314cf9ad09b97b12bc214e82618e2131f8249c4e4c927,0b333331736d6f33,120.05322265625,1348.0013427734375,,1,1
92/img_002.jpg,92,img_002.jpg,.jpg,39538,True,640,480,RGB,JPEG,900f873c740545dba48dbf2c87c733b059a7cd3f75518cda6131f0785b961ff7,2459ce374294aea47b26d483663f110f1169a1b7abe9e4fd53e962a4c8bf938d,1e6f637373e17848,130.92041015625,1273.3570556640625,,1,1
92/img_003.jpg,92,img_003.jpg,.jpg,37049,True,640,480,RGB,JPEG,aa8821acd59342d6c613b2f7584925ee3bbd1805f250fa625ffcecedc07b878e,a4c4058936b0414f760e56b1eb010a9da26c9c883a63ab2c6cd27a443171db29,0b4b9393133d2d8f,113.29248046875,1661.564208984375,,1,1
92/img_004.jpg,92,img_004.jpg,.jpg,56182,True,640,480,RGB,JPEG,5d9d87ba021c844a2df52fda0ef48f1f4fbd05ca84c5362971765b6672b15c9e,03ebaf463e1ce604db4f67f9f3c4276561681bc4adbb4115c1954be55020d1a2,0b1b63636753d1d1,128.97900390625,1274.2713623046875,,1,1
92/img_005.jpg,92,img_005.jpg,.jpg,30281,True,640,480,RGB,JPEG,123ad0be2c68dcf9e8585066bc7e80099ca4313d246f78320279e5e6641664e6,563dafbb7ffb6a89ff158f60e35a0e43cbd4200d1d5e7fb39f05635ac7fa6425,3b2b292971796138,136.38134765625,676.5653686523438,,1,1
93/img_001.jpg,93,img_001.jpg,.jpg,38620,True,640,480,RGB,JPEG,ebf7648008cb76e962a4d895e9de6a57e2abcf5f431cef6f53a817cbc46448f4,df5ddd11256781281ff3b7af2ce2b2faa0c8a4d3c0d7e497be5e9f844cc5a866,0b737365616d6f3b,120.653076171875,1400.259521484375,,1,1
93/img_002.jpg,93,img_002.jpg,.jpg,41412,True,640,480,RGB,JPEG,350e4fab05d6fa80da4b0dac7d5b5708bc0ad5eabf661d06ff0babb7deb8f69a,045ca8fe467ffcb18e67c7a0434c072cc77a6b88d918900244505de996903631,1f9bb3b223b363f9,116.52001953125,728.4703369140625,,1,1
93/img_003.jpg,93,img_003.jpg,.jpg,54941,True,640,480,RGB,JPEG,ca702eb7f9182d242d1e760ea2803022455727034c9d2f4bd7a5255b3ea9b4f8,b46d722c011e61583f9284de24e93857cca704c88d4305038f646e0fbe4abdfe,498984a627195907,126.009033203125,4040.3271484375,,1,1
93/img_004.jpg,93,img_004.jpg,.jpg,34053,True,640,480,RGB,JPEG,f7efdb9487adc8bd0194f075e737de8143f97e119b15786879633653f12e661a,35dbdeb82f91fadc16645ecd2f52bd5f639a54d15d86822b3f29a5113397f11a,9d9d1e3333195973,146.811279296875,1195.608154296875,,1,1
93/img_005.jpg,93,img_005.jpg,.jpg,28278,True,640,480,RGB,JPEG,51977713593fe409202db525b8797a3b95595c20384071e4b56f6ae3ea0e996d,fb9194883be6b5a441d75e144a246621240ec1a8e8c5b6f8bc884fe8d0ea07cf,9a1e6653535363f3,135.666748046875,883.1612548828125,,1,1
94/img_001.jpg,94,img_001.jpg,.jpg,35761,True,640,480,RGB,JPEG,e435cbc239f63486d4c33942061d69c6392a07f75f11e7bcb894725843a9a3ff,304568a54c0bb06cfd08a628a4315b3ee521d6ecbd66f9162169c63dddbc399f,cccf73df5b737b71,131.802978515625,1228.755615234375,,1,1
94/img_002.jpg,94,img_002.jpg,.jpg,38844,True,640,480,RGB,JPEG,5bc84800ff571aca3782d79649f8a7eabd9ebe81e19699ccd23d85586f408a2b,b5d7d4d80750524b73441de2607f582357af7d6c17d34c26ffcf12040e199988,2b5b9b9b1b3d2d8f,114.135986328125,1775.238525390625,,1,1
94/img_003.jpg,94,img_003.jpg,.jpg,59792,True,640,480,RGB,JPEG,216b9d29c13a807ad20bdbde8407a1b6add9e7ad4bfef129ac2dff37ec66e29f,52849ac276a3dc85953697179a0496b1ba2414dbe83cc04ec22a2f1508bb2b90,16634f6b33258e33,137.296875,3246.234130859375,,1,1
94/img_004.jpg,94,img_004.jpg,.jpg,45964,True,640,480,RGB,JPEG,020ca4bd7e556d136605915dde7ab6ee9502962f9098d1736e7fb3d5b4185c43,d9304d4490f4d061cd0bcf3ecb7c4bdabe60d6595e89e597e21821e18959345d,130d0d4d1b077321,129.33203125,2382.170166015625,,1,1
94/img_005.jpg,94,img_005.jpg,.jpg,40142,True,640,480,RGB,JPEG,10ecdd927e4f942a99f6184f36ae23fee0f3a4c0df294e6ead80c057aad2538f,8d4857dd646be13894695f6a5d43cc7a553855d75ae95786e8e5e84ecdb1c4ec,86b33333bb70f0dc,116.035400390625,1044.7952880859375,,1,1
95/img_001.jpg,95,img_001.jpg,.jpg,38526,True,640,480,RGB,JPEG,2e1f62b53805f16364a0735706f7e56099cc49e262211f54f7aa02f55fc2a88b,f0ead49007247572002237a33941673aef82a3de4461404af12b3a8872125664,0b733363e16d6f33,119.647216796875,1412.7686767578125,,1,1
95/img_002.jpg,95,img_002.jpg,.jpg,41307,True,640,480,RGB,JPEG,56bff4de7b9da4c1c6814dec7d8c2f2a13a67780421a5e57f7a4f4b7db09b244,260d8bde6bf0e98200b2a654c4005d1df91bd8da10062517781b455d207403b1,1ebb33b323b363f9,113.777587890625,777.7301025390625,,1,1
95/img_003.jpg,95,img_003.jpg,.jpg,30924,True,640,480,RGB,JPEG,d3257337fbc26d3b09554b68b85648315d68077e3b6daf3a250ca04c5fde0ec1,b882537199580734532d385f6dd312e19533d5f715252f8b6e5347dedd04d949,3b2b292331796138,136.24609375,678.1492309570312,,1,1
95/img_004.jpg,95,img_004.jpg,.jpg,31654,True,640,480,RGB,JPEG,ece5a70da4058a77dfb329758049dda647091523311eb69466f5a8c010ddd09c,34dafd66788672d3a74da5e0836a047c041fecb00728956c503326515439822a,0e3b3323636b7170,145.35498046875,1014.4688720703125,,1,1
95/img_005.jpg,95,img_005.jpg,.jpg,36928,True,640,480,RGB,JPEG,2b05a26d73d5ba45a126b340c56d5413edf1ac40385dde7925f2bd222d478663,e33338189d340e800d775454ce506fee0a3d83eb86bf819d8a1b15239173c549,3637cb9d942f7be3,103.29736328125,1433.4720458984375,,1,1
96/img_001.jpg,96,img_001.jpg,.jpg,38580,True,640,480,RGB,JPEG,73ef4572d95310230ebaad3cedcc4cc9d9abf0a49b6e15b1c08b9c454b844609,c440da2be7add57553a515579511b7efd81f3edd6daab8423fcc78bbc81b77b0,4b733363e16d6f1b,119.299072265625,1419.514404296875,,1,1
96/img_002.jpg,96,img_002.jpg,.jpg,33944,True,640,480,RGB,JPEG,34ff100f4ef6f40b39e04b4bded9987faf4a0d85f1891190ac5f18ad1b803648,e543dc030a0d690e4e7557a1b75f5ec981f410f4164e1972065948d6a3a67fa1,4c466666677373f1,141.222900390625,1286.688232421875,,1,1
96/img_003.jpg,96,img_003.jpg,.jpg,54840,True,640,480,RGB,JPEG,73e61f869aa4b7775cd02876531d15414cd703164ac6200a1d257d66e62f77e6,ebf3186e46b6398c40ff38e484aa595c4772c7f8b245b487cf003b5c48b304be,498886a626095907,128.5517578125,3924.80126953125,,1,1
96/img_004.jpg,96,img_004.jpg,.jpg,39388,True,640,480,RGB,JPEG,8bb21c2fc7d0fa2d83f8fc49e08ff8d7a46e7809f6381ef8316d2c827369f6c7,ac3de36d720bc4b5fd713efb1ca37a6420fde910ab65330fcf118947447aaf55,4e8f37296d6d7199,147.627685546875,1170.2730712890625,,1,1
96/img_005.jpg,96,img_005.jpg,.jpg,44797,True,640,480,RGB,JPEG,46d7e627eb86ce9bce42f01969517f7300d102136675b369eba5137b1432b2dc,c7b92dfd76a547d0ccc36a814837b5c4decbbe1cfd59416072aa4ab805cc04a2,0e2f6b6bd7b3231e,132.81640625,1905.2020263671875,,1,1
97/img_001.jpg,97,img_001.jpg,.jpg,38570,True,640,480,RGB,JPEG,f3738694c9a57d44e064f30025b8f9400c3661f69218a2ae8cff9ceab1808bec,c7c694a0ecd89e49d7586b7c7f20f8cc05d3d8a317403ba04b8f839ac996e010,0b533363e16c6f13,118.1123046875,1430.1688232421875,,1,1
97/img_002.jpg,97,img_002.jpg,.jpg,39487,True,640,480,RGB,JPEG,fad032c817cedf84519bd87e88748975c84c2cec25fb3b6f413096f7e3ade08b,ef9de206dd8fc5ca581f292f9d9ed897c4057847e490f50d53162c8ee0c5bafb,1e4b637373e17848,129.312744140625,1325.418212890625,,1,1
97/img_003.jpg,97,img_003.jpg,.jpg,26634,True,640,480,RGB,JPEG,6b5f91b9a2c835099aef8810039e05e0d5194bcf3a3f2cb28bca24d134907002,642128c7e7bc8f05057ea4736a6dfa2661d1663b01882054698c5e42b8c073f8,0f371b69f1b1b126,130.573974609375,585.3519287109375,,1,1
97/img_004.jpg,97,img_004.jpg,.jpg,54997,True,640,480,RGB,JPEG,62df76743093efa6d76ace561776bd90022b2b8d41127e3141a074e65e9b4e76,ab95da05724e5926865861def2354e64c6214303c259e0eff58ab59db049a28f,5b6bf3fb737373b7,134.721435546875,1674.8997802734375,,1,1
97/img_005.jpg,97,img_005.jpg,.jpg,33156,True,640,480,RGB,JPEG,e49f14d3cefcf089de8f9878d0142fec61527cc1eb0ae179e37765b68a7a9d88,9f3b81324f8f67814dd2ef66435fde315cec085106e209939c784c8e8b9e8b5a,4e0f336562129233,155.42626953125,786.93310546875,,1,1
98/img_001.jpg,98,img_001.jpg,.jpg,37842,True,640,480,RGB,JPEG,fa4fe5a9250a9a61eb9d60a261ca1e25cad9de1f93c8bae5f00ecf0d1b77abfa,c6fef62c25d909d1b5fba5799ae569527ded6b30886708f77b045d956c292aa9,0b533363e16c6f33,118.4052734375,1433.9520263671875,,1,1
98/img_002.jpg,98,img_002.jpg,.jpg,39912,True,640,480,RGB,JPEG,0e96583dae0cd4c2c03e857e03d8e2dbb4522ed0f483c859a73706ee051b90fa,819383ede2cd4b54051fe48b49f8b1befbdb0b4da959e6ee15abd2bdb0ab9ded,1e6f637373e17848,130.512451171875,1327.3465576171875,,1,1
98/img_003.jpg,98,img_003.jpg,.jpg,59349,True,640,480,RGB,JPEG,72a588e2219abe823b48409c5ce8b330295111fc07a0c945605182084c941c5e,7066e98740643fd1314db59eaff152ffe34ad3faf9b7a3c228037a03618296af,16774f6f13658e33,138.794189453125,3225.441162109375,,1,1
98/img_004.jpg,98,img_004.jpg,.jpg,36407,True,640,480,RGB,JPEG,7fc0bfc80d4bc0041cb16378d796bd40607bb51681a58a9f0a5761245bb4f0dd,d4cd26978668dcf37f5101d05edac5c1f4c23e41e7afedf80d5fb6525a359baf,8b19191f531b1f4f,107.682861328125,1364.2117919921875,,1,1
98/img_005.jpg,98,img_005.jpg,.jpg,48713,True,640,480,RGB,JPEG,a5b760def634e33a1ae108236e41d4d3ec40344c735e7901d3eccaff384f06a0,9f081f638a08d3b5191c9d0b00096f99be216bdc0bf36cc0c6d2bb9f4d64bac7,0f0d261c1b35074f,130.07470703125,1396.1343994140625,,1,1
99/img_001.jpg,99,img_001.jpg,.jpg,38289,True,640,480,RGB,JPEG,b95d518c06e303177404a856fea6d7ce8ac0b4fb29b9257459bfface816ba285,0679f5ceeabba321ea81452348a3158f892f707ff9042bd46c7b70c32b2d26e8,0b533363e16c6f33,117.2158203125,1406.974365234375,,1,1
99/img_002.jpg,99,img_002.jpg,.jpg,61276,True,640,480,RGB,JPEG,bca1ffa37ed021ccf99df4b326c95a37c5bf34473f528986c4c44b218a4a38d7,88fba3ddbcf0101d9186ab7b3a5b3470d28e0321798ff67f93b1734976540baa,57474dcd4fdb9c0e,143.627197265625,1985.33447265625,,1,1
99/img_003.jpg,99,img_003.jpg,.jpg,54469,True,640,480,RGB,JPEG,8dafddc80f49f38c03850bcefba980b545134f0dc2be2d41d244f68b30eebfa5,50dfa52df80adbd737646a19ce0d61f2cc2c77ce0c838cc195ac2954fcfb507d,498886a627095907,128.8994140625,3781.5751953125,,1,1
99/img_004.jpg,99,img_004.jpg,.jpg,55792,True,640,480,RGB,JPEG,c194ab134e1e45f22a2a17b65f2cdcfcecb3a7837fe29f9e494b48b3713dcac4,59295e31d732abc77c778ff8894ea1897b020e24e0bdb0e5a7256fdbf3258eb1,5b63fbdb737b73b7,133.28564453125,1650.48046875,,1,1
99/img_005.jpg,99,img_005.jpg,.jpg,32477,True,640,480,RGB,JPEG,075b8a833ec4d38b57608acf7c86c492899a557527ede6e1c7b19fb13250fd32,933c901b9b6d1a2340b3d732f8d8cb14c610178b9661f8b18f3b2ba480314b65,4e0f236564349223,151.348388671875,762.1031494140625,,1,1
Background/img_001.jpg,Background,img_001.jpg,.jpg,32973,True,640,480,RGB,JPEG,c0b35d078927f3b388127a9a465613c507d68370710fd3b3521d4fc5e03b18c0,eddf07b6f290ccec340e0c23af8f2927eb359626c0687dc90bd5765889751002,cc8f1f1717696969,148.17138671875,1072.308837890625,,1,1
Background/img_002.jpg,Background,img_002.jpg,.jpg,39069,True,640,480,RGB,JPEG,991a475a22319807e315365912ee16a6890c4fe36807ce3974dfedf552d87735,8f94494e5dcfc7982a7b77824d9cea1d58e1a12f682658939f5ce10093d7d357,3b29233b56666474,138.63427734375,1590.300048828125,,1,1
Background/img_003.jpg,Background,img_003.jpg,.jpg,58434,True,640,480,RGB,JPEG,8fe9787795a11731da23b41d55bd39e6023e7e6ce9896d7a5c16c07911ce663d,a6839eadd1d6564358da0126a0240c5baa2339e93e9ba9a62a298075bd2e94ef,574747474949ccee,135.30615234375,1517.91796875,,1,1
Background/img_004.jpg,Background,img_004.jpg,.jpg,29979,True,640,480,RGB,JPEG,fb7e4918aa4d43f726274075d65403b252cf55a19bbe331e22d3ab907854c277,a53d7ea97c2993e52101778b6d4cdf8857bd1b3b2ffeeebb628de6df67d4c843,25252d3913139bc3,106.773193359375,754.7579956054688,,1,1
Background/img_005.jpg,Background,img_005.jpg,.jpg,29408,True,640,480,RGB,JPEG,c46727217b8c738067141ab0ee03cd22e69b01db2c2f49421b8dbc822af498f8,9e3498455436fd4847d7b732e878d0e29f95af5a79fd42bac94ba6ab61fb750f,cc8e869697b6b2f3,149.535888671875,853.7740478515625,,1,1
